Workbook

Sheet 2021 Collection 
B1: =B3/'2025 Collection Dynamic'!B$4 -> 0.33998539 | C1: =C3/'2025 Collection Dynamic'!C$4 -> 0.24657298 | D1: =D3/'2025 Collection Dynamic'!D$4 -> 0.3519765 | E1: =E3/'2025 Collection Dynamic'!E$4 -> 0.33928687
B2: =B4/'2025 Collection Dynamic'!B$4 -> 0.65962923 | C2: =C4/'2025 Collection Dynamic'!C$4 -> 0.76183082 | D2: =D4/'2025 Collection Dynamic'!D$4 -> 0.66945146 | E2: =E4/'2025 Collection Dynamic'!E$4 -> 0.65744976
A3: Current year advance | B3: {='2025 Collection Dynamic'!B5:E6} -> 1.1200976e+09 | C3: 6423772 | D3: 1.3082847e+08 | E3: 9.8284532e+08
A4: Future years advance | B4: 2.173179e+09 | C4: 19847380 | D4: 2.4883283e+08 | E4: 1.9044988e+09
A5: Difference in advance to be added in Dues | B5: ='2025 Collection Dynamic'!B4-'2021 Collection '!B9 -> 3.0766606e+09 | C5: ='2025 Collection Dynamic'!C4-'2021 Collection '!C9 -> 26052214 | D5: ='2025 Collection Dynamic'!D4-'2021 Collection '!D9 -> 371696594 | E5: ='2025 Collection Dynamic'!E4-'2021 Collection '!E9 -> 2.6789118e+09
A6: Breakup of Dues and Advance
A7: 2021 | B7: Total | C7: Down Town | D7: Siniya | E7: Sobha | P7: =SUM(P8:R8) -> 0 | S7: Paste
A8: Dues | B8: 6.4913246e+08 | C8: 0 | D8: 0 | E8: 6.4913246e+08 | F8: =SUM(C8:E8) -> 6.4913246e+08 | G8: =F8-B8 -> 0 | H8: =C8/$F8 -> 0 | I8: =D8/$F8 -> 0 | J8: =E8/$F8 -> 1 | K8: =H8*$B8 -> 0 | L8: =I8*$B8 -> 0 | M8: =J8*$B8 -> 6.4913246e+08 | N8: =SUM(K8:M8) -> 6.4913246e+08 | O8: =N8-B8 -> 0 | P8: =$O8*H8 -> 0 | Q8: =$O8*I8 -> 0 | R8: =$O8*J8 -> 0 | S8: =K8-P8 -> 0 | T8: =L8-Q8 -> 0 | U8: =M8-R8 -> 6.4913246e+08
A9: Advance | B9: 2.1788557e+08 | C9: 0 | D9: 0 | E9: 2.1788557e+08 | F9: =SUM(C9:E9) -> 2.1788557e+08 | G9: =F9-B9 -> 0 | H9: =C9/$F9 -> 0 | I9: =D9/$F9 -> 0 | J9: =E9/$F9 -> 1 | K9: =H9*$B9 -> 0 | L9: =I9*$B9 -> 0 | M9: =J9*$B9 -> 2.1788557e+08 | N9: =SUM(K9:M9) -> 2.1788557e+08 | O9: =N9-B9 -> 0 | P9: =$O9*H9 -> 0 | Q9: =$O9*I9 -> 0 | R9: =$O9*J9 -> 0 | S9: =K9-P9 -> 0 | T9: =L9-Q9 -> 0 | U9: =M9-R9 -> 2.1788557e+08
A10: Current year advance | B10: =+SUM(C10:E10) -> 1.0815243e+08 | C10: 0 | D10: 0 | E10: 1.0815243e+08 | F10: =SUM(C10:E10) -> 1.0815243e+08 | G10: =F10-B10 -> 0 | H10: =C10/$F10 -> 0 | I10: =D10/$F10 -> 0 | J10: =E10/$F10 -> 1 | K10: =H10*$B10 -> 0 | L10: =I10*$B10 -> 0 | M10: =J10*$B10 -> 1.0815243e+08 | N10: =SUM(K10:M10) -> 1.0815243e+08 | O10: =N10-B10 -> 0 | P10: =$O10*H10 -> 0 | Q10: =$O10*I10 -> 0 | R10: =$O10*J10 -> 0 | S10: =K10-P10 -> 0 | T10: =L10-Q10 -> 0 | U10: =M10-R10 -> 1.0815243e+08
A11: Future years advance | B11: =+SUM(C11:E11) -> 97324329 | C11: 0 | D11: 0 | E11: 97324329 | F11: =SUM(C11:E11) -> 97324329 | G11: =F11-B11 -> 0 | H11: =C11/$F11 -> 0 | I11: =D11/$F11 -> 0 | J11: =E11/$F11 -> 1 | K11: =H11*$B11 -> 0 | L11: =I11*$B11 -> 0 | M11: =J11*$B11 -> 97324329 | N11: =SUM(K11:M11) -> 97324329 | O11: =N11-B11 -> 0 | P11: =$O11*H11 -> 0 | Q11: =$O11*I11 -> 0 | R11: =$O11*J11 -> 0 | S11: =K11-P11 -> 0 | T11: =L11-Q11 -> 0 | U11: =M11-R11 -> 97324329
A12: Dues+ Advance | B12: =B8+B9 -> 8.6701803e+08 | C12: =C8+C9 -> 0 | D12: =D8+D9 -> 0 | E12: =E8+E9 -> 8.6701803e+08 | F12: =SUM(C12:E12) -> 8.6701803e+08 | G12: =F12-B12 -> 0 | H12: =C12/$F12 -> 0 | I12: =D12/$F12 -> 0 | J12: =E12/$F12 -> 1 | K12: =H12*$B12 -> 0 | L12: =I12*$B12 -> 0 | M12: =J12*$B12 -> 8.6701803e+08 | N12: =SUM(K12:M12) -> 8.6701803e+08 | O12: =N12-B12 -> 0 | P12: =$O12*H12 -> 0 | Q12: =$O12*I12 -> 0 | R12: =$O12*J12 -> 0 | S12: =K12-P12 -> 0 | T12: =L12-Q12 -> 0 | U12: =M12-R12 -> 8.6701803e+08
A13: New Sales | B13: 6.9961031e+08 | C13: =C9+C10 -> 0 | D13: =D9+D10 -> 0 | E13: 6.9961031e+08 | F13: =SUM(C13:E13) -> 6.9961031e+08 | G13: =F13-B13 -> 0 | H13: =C13/$F13 -> 0 | I13: =D13/$F13 -> 0 | J13: =E13/$F13 -> 1 | K13: =H13*$B13 -> 0 | L13: =I13*$B13 -> 0 | M13: =J13*$B13 -> 6.9961031e+08 | N13: =SUM(K13:M13) -> 6.9961031e+08 | O13: =N13-B13 -> 0 | P13: =$O13*H13 -> 0 | Q13: =$O13*I13 -> 0 | R13: =$O13*J13 -> 0 | S13: =K13-P13 -> 0 | T13: =L13-Q13 -> 0 | U13: =M13-R13 -> 6.9961031e+08
A14: Total Collections | B14: =SUM(B12:B13) -> 1.5666283e+09 | C14: =SUM(C12:C13) -> 0 | D14: =SUM(D12:D13) -> 0 | E14: =SUM(E12:E13) -> 1.5666283e+09 | F14: =SUM(C14:E14) -> 1.5666283e+09 | G14: =F14-B14 -> 0 | H14: =C14/$F14 -> 0 | I14: =D14/$F14 -> 0 | J14: =E14/$F14 -> 1 | K14: =H14*$B14 -> 0 | L14: =I14*$B14 -> 0 | M14: =J14*$B14 -> 1.5666283e+09 | N14: =SUM(K14:M14) -> 1.5666283e+09 | O14: =N14-B14 -> 0 | P14: =$O14*H14 -> 0 | Q14: =$O14*I14 -> 0 | R14: =$O14*J14 -> 0 | S14: =K14-P14 -> 0 | T14: =L14-Q14 -> 0 | U14: =M14-R14 -> 1.5666283e+09
A15: DLD | B15: 805972912 | C15: 67850 | D15: 44781 | E15: 805860281 | H15: =C15/$B15 -> 8.4183971e-05 | I15: =D15/$B15 -> 5.5561421e-05 | J15: =E15/$B15 -> 0.99986025 | K15: =H15*$B15 -> 67850 | L15: =I15*$B15 -> 44781 | M15: =J15*$B15 -> 805860281 | N15: =SUM(K15:M15) -> 805972912 | O15: =N15-B15 -> 0 | P15: =$O$8*H15 -> 0 | Q15: =$O$8*I15 -> 0 | R15: =$O$8*J15 -> 0 | S15: =K15-P15 -> 67850 | T15: =L15-Q15 -> 44781 | U15: =M15-R15 -> 805860281
A16: Other charges | B16: 54546456 | C16: 21538.84 | D16: 661884.01 | E16: 53863033 | H16: =C16/$B16 -> 0.00039487149 | I16: =D16/$B16 -> 0.012134318 | J16: =E16/$B16 -> 0.98747081 | K16: =H16*$B16 -> 21538.84 | L16: =I16*$B16 -> 661884.01 | M16: =J16*$B16 -> 53863033 | N16: =SUM(K16:M16) -> 54546456 | O16: =N16-B16 -> 0 | P16: =$O$8*H16 -> 0 | Q16: =$O$8*I16 -> 0 | R16: =$O$8*J16 -> 0 | S16: =K16-P16 -> 21538.84 | T16: =L16-Q16 -> 661884.01 | U16: =M16-R16 -> 53863033
A17: Total Realised money | B17: 1.7626361e+10 | C17: 1.7742182e+08 | D17: 2.5002711e+09 | E17: 1.4948668e+10 | H17: =C17/$B17 -> 0.010065709 | I17: =D17/$B17 -> 0.1418484 | J17: =E17/$B17 -> 0.84808589 | K17: =H17*$B17 -> 1.7742182e+08 | L17: =I17*$B17 -> 2.5002711e+09 | M17: =J17*$B17 -> 1.4948668e+10 | N17: =SUM(K17:M17) -> 1.7626361e+10 | O17: =N17-B17 -> 0 | P17: =$O$8*H17 -> 0 | Q17: =$O$8*I17 -> 0 | R17: =$O$8*J17 -> 0 | S17: =K17-P17 -> 1.7742182e+08 | T17: =L17-Q17 -> 2.5002711e+09 | U17: =M17-R17 -> 1.4948668e+10
A18: Total Realised money | H18: =C18/$B18 -> #DIV/0! | I18: =D18/$B18 -> #DIV/0! | J18: =E18/$B18 -> #DIV/0! | K18: =H18*$B18 -> #DIV/0! | L18: =I18*$B18 -> #DIV/0! | M18: =J18*$B18 -> #DIV/0! | N18: =SUM(K18:M18) -> #DIV/0! | O18: =N18-B18 -> #DIV/0! | P18: =$O$8*H18 -> #DIV/0! | Q18: =$O$8*I18 -> #DIV/0! | R18: =$O$8*J18 -> #DIV/0! | S18: =K18-P18 -> #DIV/0! | T18: =L18-Q18 -> #DIV/0! | U18: =M18-R18 -> #DIV/0!
A21: Other charges and DLD
A22: Other charges Type | B22: Total | C22: Down Town | D22: Siniya | E22: Sobha
A23: Late Payment Charges | B23: 1537275.2 | C23: 0 | D23: 0 | E23: 1537275.2
A24: NOC/Admin | B24: 13937.508 | C24: 0 | D24: 0 | E24: 13937.508
A25: Delayed handover | B25: 0 | C25: 0 | D25: 0 | E25: 0
A26: Plot - Construction Commencement/ Completion Delay | B26: 0 | C26: 0 | D26: 0 | E26: 0
A27: Upkeep/maintenance | B27: 23431.54 | C27: 0 | D27: 0 | E27: 23431.54
A28: Cheque Dishonoured Charges | B28: 16863.289 | C28: 0 | D28: 0 | E28: 16863.289
A29: Grand Total | B29: =+SUM(B23:B28) -> 1591507.5 | C29: =+SUM(C23:C28) -> 0 | D29: =+SUM(D23:D28) -> 0 | E29: =+SUM(E23:E28) -> 1591507.5
A31: DLD | B31: 130078450 | C31: 0 | D31: 0 | E31: 130078450
A33: Grand Total | B33: =+B14+B29 -> 1.5682199e+09 | C33: =+C14+C29 -> 0 | D33: =+D14+D29 -> 0 | E33: =+E14+E29 -> 1.5682199e+09
A35: **Receipt Data has been considered as of 31.01.2026 (GL date) and DLD is updated on actual values (No unidentified adjusted in DLD)
A36: ** Total value has been dropped by 1.8 M and New sale value dropped by 44.4M
A39: DLD Forfeiture amount | B39: 27386119 | D39: =B39-E39 -> 0 | E39: 27386119
A40: CRM forfeiture amount | B40: 14054024 | D40: =B40-E40 -> 0 | E40: 14054024
A41: DLD | B41: 650781702 | D41: =B41-E41 -> 0 | E41: 650781702
A42: Total | B42: =SUM(B29:B41) -> 2.3921117e+09 | D42: =SUM(D29:D41) -> 0 | E42: =SUM(E29:E41) -> 2.3921117e+09
A44: Grand Total | B44: =B42+B14 -> 3.95874e+09 | D44: =D42+D14 -> 0 | E44: =E42+E14 -> 3.95874e+09

Sheet 2022 Collection 
B1: =B3/'2025 Collection Dynamic'!B$4 -> 0.33998539 | C1: =C3/'2025 Collection Dynamic'!C$4 -> 0.24657298 | D1: =D3/'2025 Collection Dynamic'!D$4 -> 0.3519765 | E1: =E3/'2025 Collection Dynamic'!E$4 -> 0.33928687
B2: =B4/'2025 Collection Dynamic'!B$4 -> 0.65962923 | C2: =C4/'2025 Collection Dynamic'!C$4 -> 0.76183082 | D2: =D4/'2025 Collection Dynamic'!D$4 -> 0.66945146 | E2: =E4/'2025 Collection Dynamic'!E$4 -> 0.65744976
A3: Current year advance | B3: {='2025 Collection Dynamic'!B5:E6} -> 1.1200976e+09 | C3: 6423772 | D3: 1.3082847e+08 | E3: 9.8284532e+08
A4: Future years advance | B4: 2.173179e+09 | C4: 19847380 | D4: 2.4883283e+08 | E4: 1.9044988e+09
A5: Difference in advance to be added in Dues | B5: ='2025 Collection Dynamic'!B4-'2022 Collection '!B9 -> 2.4785218e+09 | C5: ='2025 Collection Dynamic'!C4-'2022 Collection '!C9 -> 26052214 | D5: ='2025 Collection Dynamic'!D4-'2022 Collection '!D9 -> 371696594 | E5: ='2025 Collection Dynamic'!E4-'2022 Collection '!E9 -> 2.080773e+09
A6: Breakup of Dues and Advance
A7: 2022 | B7: Total | C7: Down Town | D7: Siniya | E7: Sobha | P7: =SUM(P8:R8) -> 0 | S7: Paste
A8: Dues | B8: 1.6835177e+09 | C8: 0 | D8: 0 | E8: 1.6835177e+09 | F8: =SUM(C8:E8) -> 1.6835177e+09 | G8: =F8-B8 -> 0 | H8: =C8/$F8 -> 0 | I8: =D8/$F8 -> 0 | J8: =E8/$F8 -> 1 | K8: =H8*$B8 -> 0 | L8: =I8*$B8 -> 0 | M8: =J8*$B8 -> 1.6835177e+09 | N8: =SUM(K8:M8) -> 1.6835177e+09 | O8: =N8-B8 -> 0 | P8: =$O8*H8 -> 0 | Q8: =$O8*I8 -> 0 | R8: =$O8*J8 -> 0 | S8: =K8-P8 -> 0 | T8: =L8-Q8 -> 0 | U8: =M8-R8 -> 1.6835177e+09
A9: Advance | B9: 8.1602437e+08 | C9: 0 | D9: 0 | E9: 8.1602437e+08 | F9: =SUM(C9:E9) -> 8.1602437e+08 | G9: =F9-B9 -> 0 | H9: =C9/$F9 -> 0 | I9: =D9/$F9 -> 0 | J9: =E9/$F9 -> 1 | K9: =H9*$B9 -> 0 | L9: =I9*$B9 -> 0 | M9: =J9*$B9 -> 8.1602437e+08 | N9: =SUM(K9:M9) -> 8.1602437e+08 | O9: =N9-B9 -> 0 | P9: =$O9*H9 -> 0 | Q9: =$O9*I9 -> 0 | R9: =$O9*J9 -> 0 | S9: =K9-P9 -> 0 | T9: =L9-Q9 -> 0 | U9: =M9-R9 -> 8.1602437e+08
A10: Current year advance | B10: =+SUM(C10:E10) -> 3.0965023e+08 | C10: 0 | D10: 0 | E10: 3.0965023e+08 | F10: =SUM(C10:E10) -> 3.0965023e+08 | G10: =F10-B10 -> 0 | H10: =C10/$F10 -> 0 | I10: =D10/$F10 -> 0 | J10: =E10/$F10 -> 1 | K10: =H10*$B10 -> 0 | L10: =I10*$B10 -> 0 | M10: =J10*$B10 -> 3.0965023e+08 | N10: =SUM(K10:M10) -> 3.0965023e+08 | O10: =N10-B10 -> 0 | P10: =$O10*H10 -> 0 | Q10: =$O10*I10 -> 0 | R10: =$O10*J10 -> 0 | S10: =K10-P10 -> 0 | T10: =L10-Q10 -> 0 | U10: =M10-R10 -> 3.0965023e+08
A11: Future years advance | B11: =+SUM(C11:E11) -> 5.0980864e+08 | C11: 0 | D11: 0 | E11: 5.0980864e+08 | F11: =SUM(C11:E11) -> 5.0980864e+08 | G11: =F11-B11 -> 0 | H11: =C11/$F11 -> 0 | I11: =D11/$F11 -> 0 | J11: =E11/$F11 -> 1 | K11: =H11*$B11 -> 0 | L11: =I11*$B11 -> 0 | M11: =J11*$B11 -> 5.0980864e+08 | N11: =SUM(K11:M11) -> 5.0980864e+08 | O11: =N11-B11 -> 0 | P11: =$O11*H11 -> 0 | Q11: =$O11*I11 -> 0 | R11: =$O11*J11 -> 0 | S11: =K11-P11 -> 0 | T11: =L11-Q11 -> 0 | U11: =M11-R11 -> 5.0980864e+08
A12: Dues+ Advance | B12: =B8+B9 -> 2.499542e+09 | C12: =C8+C9 -> 0 | D12: =D8+D9 -> 0 | E12: 2.499542e+09 | F12: =SUM(C12:E12) -> 2.499542e+09 | G12: =F12-B12 -> 0 | H12: =C12/$F12 -> 0 | I12: =D12/$F12 -> 0 | J12: =E12/$F12 -> 1 | K12: =H12*$B12 -> 0 | L12: =I12*$B12 -> 0 | M12: =J12*$B12 -> 2.499542e+09 | N12: =SUM(K12:M12) -> 2.499542e+09 | O12: =N12-B12 -> 0 | P12: =$O12*H12 -> 0 | Q12: =$O12*I12 -> 0 | R12: =$O12*J12 -> 0 | S12: =K12-P12 -> 0 | T12: =L12-Q12 -> 0 | U12: =M12-R12 -> 2.499542e+09
A13: New Sales | B13: 1.359409e+09 | C13: =C9+C10 -> 0 | D13: =D9+D10 -> 0 | E13: 1.359409e+09 | F13: =SUM(C13:E13) -> 1.359409e+09 | G13: =F13-B13 -> 0 | H13: =C13/$F13 -> 0 | I13: =D13/$F13 -> 0 | J13: =E13/$F13 -> 1 | K13: =H13*$B13 -> 0 | L13: =I13*$B13 -> 0 | M13: =J13*$B13 -> 1.359409e+09 | N13: =SUM(K13:M13) -> 1.359409e+09 | O13: =N13-B13 -> 0 | P13: =$O13*H13 -> 0 | Q13: =$O13*I13 -> 0 | R13: =$O13*J13 -> 0 | S13: =K13-P13 -> 0 | T13: =L13-Q13 -> 0 | U13: =M13-R13 -> 1.359409e+09
A14: Total Collections | B14: =SUM(B12:B13) -> 3.858951e+09 | C14: =SUM(C12:C13) -> 0 | D14: =SUM(D12:D13) -> 0 | E14: =SUM(E12:E13) -> 3.858951e+09 | F14: =SUM(C14:E14) -> 3.858951e+09 | G14: =F14-B14 -> 0 | H14: =C14/$F14 -> 0 | I14: =D14/$F14 -> 0 | J14: =E14/$F14 -> 1 | K14: =H14*$B14 -> 0 | L14: =I14*$B14 -> 0 | M14: =J14*$B14 -> 3.858951e+09 | N14: =SUM(K14:M14) -> 3.858951e+09 | O14: =N14-B14 -> 0 | P14: =$O14*H14 -> 0 | Q14: =$O14*I14 -> 0 | R14: =$O14*J14 -> 0 | S14: =K14-P14 -> 0 | T14: =L14-Q14 -> 0 | U14: =M14-R14 -> 3.858951e+09
A15: DLD | B15: 805972912 | C15: 67850 | D15: 44781 | E15: 805860281 | H15: =C15/$B15 -> 8.4183971e-05 | I15: =D15/$B15 -> 5.5561421e-05 | J15: =E15/$B15 -> 0.99986025 | K15: =H15*$B15 -> 67850 | L15: =I15*$B15 -> 44781 | M15: =J15*$B15 -> 805860281 | N15: =SUM(K15:M15) -> 805972912 | O15: =N15-B15 -> 0 | P15: =$O$8*H15 -> 0 | Q15: =$O$8*I15 -> 0 | R15: =$O$8*J15 -> 0 | S15: =K15-P15 -> 67850 | T15: =L15-Q15 -> 44781 | U15: =M15-R15 -> 805860281
A16: Other charges | B16: 54546456 | C16: 21538.84 | D16: 661884.01 | E16: 53863033 | H16: =C16/$B16 -> 0.00039487149 | I16: =D16/$B16 -> 0.012134318 | J16: =E16/$B16 -> 0.98747081 | K16: =H16*$B16 -> 21538.84 | L16: =I16*$B16 -> 661884.01 | M16: =J16*$B16 -> 53863033 | N16: =SUM(K16:M16) -> 54546456 | O16: =N16-B16 -> 0 | P16: =$O$8*H16 -> 0 | Q16: =$O$8*I16 -> 0 | R16: =$O$8*J16 -> 0 | S16: =K16-P16 -> 21538.84 | T16: =L16-Q16 -> 661884.01 | U16: =M16-R16 -> 53863033
A17: Total Realised money | B17: 1.7626361e+10 | C17: 1.7742182e+08 | D17: 2.5002711e+09 | E17: 1.4948668e+10 | H17: =C17/$B17 -> 0.010065709 | I17: =D17/$B17 -> 0.1418484 | J17: =E17/$B17 -> 0.84808589 | K17: =H17*$B17 -> 1.7742182e+08 | L17: =I17*$B17 -> 2.5002711e+09 | M17: =J17*$B17 -> 1.4948668e+10 | N17: =SUM(K17:M17) -> 1.7626361e+10 | O17: =N17-B17 -> 0 | P17: =$O$8*H17 -> 0 | Q17: =$O$8*I17 -> 0 | R17: =$O$8*J17 -> 0 | S17: =K17-P17 -> 1.7742182e+08 | T17: =L17-Q17 -> 2.5002711e+09 | U17: =M17-R17 -> 1.4948668e+10
A18: Total Realised money | H18: =C18/$B18 -> #DIV/0! | I18: =D18/$B18 -> #DIV/0! | J18: =E18/$B18 -> #DIV/0! | K18: =H18*$B18 -> #DIV/0! | L18: =I18*$B18 -> #DIV/0! | M18: =J18*$B18 -> #DIV/0! | N18: =SUM(K18:M18) -> #DIV/0! | O18: =N18-B18 -> #DIV/0! | P18: =$O$8*H18 -> #DIV/0! | Q18: =$O$8*I18 -> #DIV/0! | R18: =$O$8*J18 -> #DIV/0! | S18: =K18-P18 -> #DIV/0! | T18: =L18-Q18 -> #DIV/0! | U18: =M18-R18 -> #DIV/0!
A21: Other charges and DLD
A22: Other charges Type | B22: Total | C22: Down Town | D22: Siniya | E22: Sobha
A23: Late Payment Charges | B23: 4365826.6 | C23: 0 | D23: 0 | E23: 4365826.6
A24: NOC/Admin | B24: 1048351.5 | C24: 0 | D24: 0 | E24: 1048351.5
A25: Delayed handover | B25: 110135.1 | C25: 0 | D25: 0 | E25: 110135.1
A26: Plot - Construction Commencement/ Completion Delay | B26: 0 | C26: 0 | D26: 0 | E26: 0
A27: Upkeep/maintenance | B27: 254807.42 | C27: 0 | D27: 0 | E27: 254807.42
A28: Cheque Dishonoured Charges | B28: 8000 | C28: 0 | D28: 0 | E28: 8000
A29: Grand Total | B29: =SUM(B23:B28) -> 5787120.6 | C29: =SUM(C23:C28) -> 0 | D29: =SUM(D23:D28) -> 0 | E29: =SUM(E23:E28) -> 5787120.6
A31: DLD | B31: 407977645 | C31: 0 | D31: 0 | E31: 407977645
A33: Grand Total | B33: =+B14+B29 -> 3.8647381e+09 | C33: =+C14+C29 -> 0 | D33: =+D14+D29 -> 0 | E33: =+E14+E29 -> 3.8647381e+09
A35: **Receipt Data has been considered as of 31.01.2026 (GL date) and DLD is updated on actual values (No unidentified adjusted in DLD)
A36: ** Total value has been dropped by 1.8 M and New sale value dropped by 44.4M
A39: DLD Forfeiture amount | B39: 27386119 | D39: =B39-E39 -> 0 | E39: 27386119
A40: CRM forfeiture amount | B40: 14054024 | D40: =B40-E40 -> 0 | E40: 14054024
A41: DLD | B41: 650781702 | D41: =B41-E41 -> 0 | E41: 650781702
A42: Total | B42: =SUM(B29:B41) -> 4.9707248e+09 | D42: =SUM(D29:D41) -> 0 | E42: =SUM(E29:E41) -> 4.9707248e+09
A44: Grand Total | B44: =B42+B14 -> 8.8296758e+09 | D44: =D42+D14 -> 0 | E44: =E42+E14 -> 8.8296758e+09

Sheet 2023 Collection
B1: =B3/'2025 Collection Dynamic'!B$4 -> 0.33998539 | C1: =C3/'2025 Collection Dynamic'!C$4 -> 0.24657298 | D1: =D3/'2025 Collection Dynamic'!D$4 -> 0.3519765 | E1: =E3/'2025 Collection Dynamic'!E$4 -> 0.33928687
B2: =B4/'2025 Collection Dynamic'!B$4 -> 0.65962923 | C2: =C4/'2025 Collection Dynamic'!C$4 -> 0.76183082 | D2: =D4/'2025 Collection Dynamic'!D$4 -> 0.66945146 | E2: =E4/'2025 Collection Dynamic'!E$4 -> 0.65744976
A3: Current year advance | B3: {='2025 Collection Dynamic'!B5:E6} -> 1.1200976e+09 | C3: 6423772 | D3: 1.3082847e+08 | E3: 9.8284532e+08
A4: Future years advance | B4: 2.173179e+09 | C4: 19847380 | D4: 2.4883283e+08 | E4: 1.9044988e+09
A5: Difference in advance to be added in Dues | B5: ='2025 Collection Dynamic'!B4-'2023 Collection'!B9 -> 2.3284117e+09 | C5: ='2025 Collection Dynamic'!C4-'2023 Collection'!C9 -> 26052214 | D5: ='2025 Collection Dynamic'!D4-'2023 Collection'!D9 -> 371696594 | E5: ='2025 Collection Dynamic'!E4-'2023 Collection'!E9 -> 1.9306629e+09
A6: Breakup of Dues and Advance
A7: 2023 | B7: Total | C7: Down Town | D7: Siniya | E7: Sobha | P7: =SUM(P8:R8) -> 0 | S7: Paste
A8: Dues | B8: 3.7369525e+09 | C8: 0 | D8: 0 | E8: 3.7369525e+09 | F8: =SUM(C8:E8) -> 3.7369525e+09 | G8: =F8-B8 -> 0 | H8: =C8/$F8 -> 0 | I8: =D8/$F8 -> 0 | J8: =E8/$F8 -> 1 | K8: =H8*$B8 -> 0 | L8: =I8*$B8 -> 0 | M8: =J8*$B8 -> 3.7369525e+09 | N8: =SUM(K8:M8) -> 3.7369525e+09 | O8: =N8-B8 -> 0 | P8: =$O8*H8 -> 0 | Q8: =$O8*I8 -> 0 | R8: =$O8*J8 -> 0 | S8: =K8-P8 -> 0 | T8: =L8-Q8 -> 0 | U8: =M8-R8 -> 3.7369525e+09
A9: Advance | B9: 9.6613453e+08 | C9: 0 | D9: 0 | E9: 9.6613453e+08 | F9: =SUM(C9:E9) -> 9.6613453e+08 | G9: =F9-B9 -> 0 | H9: =C9/$F9 -> 0 | I9: =D9/$F9 -> 0 | J9: =E9/$F9 -> 1 | K9: =H9*$B9 -> 0 | L9: =I9*$B9 -> 0 | M9: =J9*$B9 -> 9.6613453e+08 | N9: =SUM(K9:M9) -> 9.6613453e+08 | O9: =N9-B9 -> 0 | P9: =$O9*H9 -> 0 | Q9: =$O9*I9 -> 0 | R9: =$O9*J9 -> 0 | S9: =K9-P9 -> 0 | T9: =L9-Q9 -> 0 | U9: =M9-R9 -> 9.6613453e+08
A10: Current year advance | B10: =+SUM(C10:E10) -> 3.581709e+08 | C10: 0 | D10: 0 | E10: 3.581709e+08 | F10: =SUM(C10:E10) -> 3.581709e+08 | G10: =F10-B10 -> 0 | H10: =C10/$F10 -> 0 | I10: =D10/$F10 -> 0 | J10: =E10/$F10 -> 1 | K10: =H10*$B10 -> 0 | L10: =I10*$B10 -> 0 | M10: =J10*$B10 -> 3.581709e+08 | N10: =SUM(K10:M10) -> 3.581709e+08 | O10: =N10-B10 -> 0 | P10: =$O10*H10 -> 0 | Q10: =$O10*I10 -> 0 | R10: =$O10*J10 -> 0 | S10: =K10-P10 -> 0 | T10: =L10-Q10 -> 0 | U10: =M10-R10 -> 3.581709e+08
A11: Future years advance | B11: =+SUM(C11:E11) -> 4.2298169e+08 | C11: 0 | D11: 0 | E11: 4.2298169e+08 | F11: =SUM(C11:E11) -> 4.2298169e+08 | G11: =F11-B11 -> 0 | H11: =C11/$F11 -> 0 | I11: =D11/$F11 -> 0 | J11: =E11/$F11 -> 1 | K11: =H11*$B11 -> 0 | L11: =I11*$B11 -> 0 | M11: =J11*$B11 -> 4.2298169e+08 | N11: =SUM(K11:M11) -> 4.2298169e+08 | O11: =N11-B11 -> 0 | P11: =$O11*H11 -> 0 | Q11: =$O11*I11 -> 0 | R11: =$O11*J11 -> 0 | S11: =K11-P11 -> 0 | T11: =L11-Q11 -> 0 | U11: =M11-R11 -> 4.2298169e+08
A12: Dues+ Advance | B12: =B8+B9 -> 4.7030871e+09 | C12: =C8+C9 -> 0 | D12: =D8+D9 -> 0 | E12: =E8+E9 -> 4.7030871e+09 | F12: =SUM(C12:E12) -> 4.7030871e+09 | G12: =F12-B12 -> 0 | H12: =C12/$F12 -> 0 | I12: =D12/$F12 -> 0 | J12: =E12/$F12 -> 1 | K12: =H12*$B12 -> 0 | L12: =I12*$B12 -> 0 | M12: =J12*$B12 -> 4.7030871e+09 | N12: =SUM(K12:M12) -> 4.7030871e+09 | O12: =N12-B12 -> 0 | P12: =$O12*H12 -> 0 | Q12: =$O12*I12 -> 0 | R12: =$O12*J12 -> 0 | S12: =K12-P12 -> 0 | T12: =L12-Q12 -> 0 | U12: =M12-R12 -> 4.7030871e+09
A13: New Sales | B13: 2.4722426e+09 | E13: 2.4722426e+09 | F13: =SUM(C13:E13) -> 2.4722426e+09 | G13: =F13-B13 -> 0 | H13: =C13/$F13 -> 0 | I13: =D13/$F13 -> 0 | J13: =E13/$F13 -> 1 | K13: =H13*$B13 -> 0 | L13: =I13*$B13 -> 0 | M13: =J13*$B13 -> 2.4722426e+09 | N13: =SUM(K13:M13) -> 2.4722426e+09 | O13: =N13-B13 -> 0 | P13: =$O13*H13 -> 0 | Q13: =$O13*I13 -> 0 | R13: =$O13*J13 -> 0 | S13: =K13-P13 -> 0 | T13: =L13-Q13 -> 0 | U13: =M13-R13 -> 2.4722426e+09
A14: Total Collections | B14: =SUM(B12:B13) -> 7.1753296e+09 | C14: =SUM(C12:C13) -> 0 | D14: =SUM(D12:D13) -> 0 | E14: =SUM(E12:E13) -> 7.1753296e+09 | F14: =SUM(C14:E14) -> 7.1753296e+09 | G14: =F14-B14 -> 0 | H14: =C14/$F14 -> 0 | I14: =D14/$F14 -> 0 | J14: =E14/$F14 -> 1 | K14: =H14*$B14 -> 0 | L14: =I14*$B14 -> 0 | M14: =J14*$B14 -> 7.1753296e+09 | N14: =SUM(K14:M14) -> 7.1753296e+09 | O14: =N14-B14 -> 0 | P14: =$O14*H14 -> 0 | Q14: =$O14*I14 -> 0 | R14: =$O14*J14 -> 0 | S14: =K14-P14 -> 0 | T14: =L14-Q14 -> 0 | U14: =M14-R14 -> 7.1753296e+09
A15: DLD | B15: 805972912 | C15: 67850 | D15: 44781 | E15: 805860281 | H15: =C15/$B15 -> 8.4183971e-05 | I15: =D15/$B15 -> 5.5561421e-05 | J15: =E15/$B15 -> 0.99986025 | K15: =H15*$B15 -> 67850 | L15: =I15*$B15 -> 44781 | M15: =J15*$B15 -> 805860281 | N15: =SUM(K15:M15) -> 805972912 | O15: =N15-B15 -> 0 | P15: =$O$8*H15 -> 0 | Q15: =$O$8*I15 -> 0 | R15: =$O$8*J15 -> 0 | S15: =K15-P15 -> 67850 | T15: =L15-Q15 -> 44781 | U15: =M15-R15 -> 805860281
A16: Other charges | B16: 54546456 | C16: 21538.84 | D16: 661884.01 | E16: 53863033 | H16: =C16/$B16 -> 0.00039487149 | I16: =D16/$B16 -> 0.012134318 | J16: =E16/$B16 -> 0.98747081 | K16: =H16*$B16 -> 21538.84 | L16: =I16*$B16 -> 661884.01 | M16: =J16*$B16 -> 53863033 | N16: =SUM(K16:M16) -> 54546456 | O16: =N16-B16 -> 0 | P16: =$O$8*H16 -> 0 | Q16: =$O$8*I16 -> 0 | R16: =$O$8*J16 -> 0 | S16: =K16-P16 -> 21538.84 | T16: =L16-Q16 -> 661884.01 | U16: =M16-R16 -> 53863033
A17: Total Realised money | B17: 1.7626361e+10 | C17: 1.7742182e+08 | D17: 2.5002711e+09 | E17: 1.4948668e+10 | H17: =C17/$B17 -> 0.010065709 | I17: =D17/$B17 -> 0.1418484 | J17: =E17/$B17 -> 0.84808589 | K17: =H17*$B17 -> 1.7742182e+08 | L17: =I17*$B17 -> 2.5002711e+09 | M17: =J17*$B17 -> 1.4948668e+10 | N17: =SUM(K17:M17) -> 1.7626361e+10 | O17: =N17-B17 -> 0 | P17: =$O$8*H17 -> 0 | Q17: =$O$8*I17 -> 0 | R17: =$O$8*J17 -> 0 | S17: =K17-P17 -> 1.7742182e+08 | T17: =L17-Q17 -> 2.5002711e+09 | U17: =M17-R17 -> 1.4948668e+10
A18: Total Realised money | H18: =C18/$B18 -> #DIV/0! | I18: =D18/$B18 -> #DIV/0! | J18: =E18/$B18 -> #DIV/0! | K18: =H18*$B18 -> #DIV/0! | L18: =I18*$B18 -> #DIV/0! | M18: =J18*$B18 -> #DIV/0! | N18: =SUM(K18:M18) -> #DIV/0! | O18: =N18-B18 -> #DIV/0! | P18: =$O$8*H18 -> #DIV/0! | Q18: =$O$8*I18 -> #DIV/0! | R18: =$O$8*J18 -> #DIV/0! | S18: =K18-P18 -> #DIV/0! | T18: =L18-Q18 -> #DIV/0! | U18: =M18-R18 -> #DIV/0!
A21: Other charges and DLD
A22: Other charges Type | B22: Total | C22: Down Town | D22: Siniya | E22: Sobha
A23: Late Payment Charges | B23: 8600443.1 | C23: 0 | D23: 0 | E23: 8600443.1
A24: NOC/Admin | B24: 3311538.7 | C24: 0 | D24: 0 | E24: 3311538.7
A25: Delayed handover | B25: 0 | C25: 0 | D25: 0 | E25: 0
A26: Plot - Construction Commencement/ Completion Delay | B26: 20308.877 | C26: 0 | D26: 0 | E26: 20308.877
A27: Upkeep/maintenance | B27: 1132040.7 | C27: 0 | D27: 0 | E27: 1132040.7
A28: Cheque Dishonoured Charges | B28: 45376.799 | C28: 0 | D28: 0 | E28: 45376.799
A29: Grand Total | B29: =+SUM(B23:B28) -> 13109708 | C29: =+SUM(C23:C28) -> 0 | D29: =+SUM(D23:D28) -> 0 | E29: =+SUM(E23:E28) -> 13109708
A31: DLD | B31: 637612682 | C31: 0 | D31: 0 | E31: 637612682
A33: Grand Total | B33: =+B14+B29 -> 7.1884394e+09 | C33: =+C14+C29 -> 0 | D33: =+D14+D29 -> 0 | E33: =+E14+E29 -> 7.1884394e+09
A35: **Receipt Data has been considered as of 31.01.2026 (GL date) and DLD is updated on actual values (No unidentified adjusted in DLD)
A36: ** Total value has been dropped by 1.8 M and New sale value dropped by 44.4M
A39: DLD Forfeiture amount | B39: 27386119 | D39: =B39-E39 -> 0 | E39: 27386119
A40: CRM forfeiture amount | B40: 14054024 | D40: =B40-E40 -> 0 | E40: 14054024
A41: DLD | B41: 650781702 | D41: =B41-E41 -> 0 | E41: 650781702
A42: Total | B42: =SUM(B29:B41) -> 8.5313836e+09 | D42: =SUM(D29:D41) -> 0 | E42: =SUM(E29:E41) -> 8.5313836e+09
A44: Grand Total | B44: =B42+B14 -> 1.5706713e+10 | D44: =D42+D14 -> 0 | E44: =E42+E14 -> 1.5706713e+10

Sheet 2024 Collection
A1: Breakup of Dues and Advance
A2: 2024 | B2: Total | C2: Siniya | D2: Sobha
A3: Dues | B3: 5.4451295e+09 | C3: 84883982 | D3: =B3-C3 -> 5.3602455e+09
A4: Advance | B4: 1.4623891e+09 | C4: 39360761 | D4: =B4-C4 -> 1.4230283e+09
A5: Current year advance | B5: 6.331514e+08 | C5: =C4-C6 -> 13542427 | D5: =B5-C5 -> 6.1960897e+08
A6: Future years advance | B6: 8.2923771e+08 | C6: 25818334 | D6: =B6-C6 -> 8.0341938e+08
A7: Dues+ Advance | B7: 6.9015186e+09 | C7: =C3+C4 -> 1.2424474e+08 | D7: =B7-C7 -> 6.7772739e+09
A8: New Sales | B8: 3.2607265e+09 | C8: 5.585799e+08 | D8: =B8-C8 -> 2.7021466e+09
A9: Total Collections | B9: =SUM(B7:B8) -> 1.0162245e+10 | C9: =SUM(C7:C8) -> 6.8282465e+08 | D9: =B9-C9 -> 9.4794205e+09
A10: DLD | B10: 650781702 | D10: =B10-C10 -> 650781702
A11: Other charges | B11: 37851533 | C11: 1256243 | D11: =B11-C11 -> 36595290
A12: Total Realised money | B12: 1.0850878e+10 | C12: 6.8408089e+08 | D12: =B12-C12 -> 1.0166798e+10
A13: Total Realised money | B13: 1.0850878e+10 | C13: 6.8408089e+08 | D13: =B13-C13 -> 1.0166798e+10
A16: Other charges and DLD
A17: Other charges Type | B17: Total | C17: Siniya | D17: Sobha
A18: Late Payment Charges | B18: 9880574 | C18: =B18-D18 -> 6991 | D18: 9873583
A19: NOC/Admin | B19: 4485403.1 | C19: =B19-D19 -> 27000 | D19: 4458403.1
A20: Delayed handover | B20: 4516810 | C20: =B20-D20 -> 0 | D20: 4516810
A21: Upkeep/maintenance | B21: 1947656.6 | C21: =B21-D21 -> 0 | D21: 1947656.6
A22: Cheque Dishonoured Charges | B22: 29970 | C22: =B22-D22 -> 0 | D22: 29970
A23: Grand Total | B23: =SUM(B18:B22) -> 20860414 | C23: =SUM(C18:C22) -> 33991 | D23: =SUM(D18:D22) -> 20826423
A24: DLD Forfeiture amount | B24: 27386119 | C24: =B24-D24 -> 0 | D24: 27386119
A25: CRM forfeiture amount | B25: 14054024 | C25: =B25-D25 -> 0 | D25: 14054024
A26: DLD | B26: 650781702 | C26: =B26-D26 -> 0 | D26: 650781702
A27: Total | B27: =SUM(B23:B26) -> 7.1308226e+08 | C27: =SUM(C23:C26) -> 33991 | D27: =SUM(D23:D26) -> 7.1304827e+08
A29: Grand Total | B29: =B27+B9 -> 1.0875327e+10 | C29: =C27+C9 -> 6.8285864e+08 | D29: =D27+D9 -> 1.0192469e+10

Sheet 2024 Collection Snap
A1: Breakup of Dues and Advance
A2: 2025 | B2: Total | C2: Down Town | D2: Siniya | E2: Sobha | Q2: Paste
A3: Dues | B3: 9684903897 | C3: 74837123 | D3: 1.1955701e+09 | E3: 8.4144967e+09 | F3: =C3/$B3 -> 0.0077271931 | G3: =D3/$B3 -> 0.12344676 | H3: =E3/$B3 -> 0.86882604 | I3: =F3*$B3 -> 74837123 | J3: =G3*$B3 -> 1.1955701e+09 | K3: =H3*$B3 -> 8.4144967e+09 | L3: =SUM(I3:K3) -> 9684903897 | M3: =L3-B3 -> 0 | N3: =$M3*F3 -> 0 | O3: =$M3*G3 -> 0 | P3: =$M3*H3 -> 0 | Q3: =I3-N3 -> 74837123 | R3: =J3-O3 -> 1.1955701e+09 | S3: =K3-P3 -> 8.4144967e+09
A4: Advance | B4: 3181233572 | C4: 24785936 | D4: 3.6637506e+08 | E4: 2.7900726e+09 | F4: =C4/$B4 -> 0.0077912972 | G4: =D4/$B4 -> 0.11516761 | H4: =E4/$B4 -> 0.87704109 | I4: =F4*$B4 -> 24785936 | J4: =G4*$B4 -> 3.6637506e+08 | K4: =H4*$B4 -> 2.7900726e+09 | L4: =SUM(I4:K4) -> 3181233572 | M4: =L4-B4 -> 0 | N4: =$M4*F4 -> 0 | O4: =$M4*G4 -> 0 | P4: =$M4*H4 -> 0 | Q4: =I4-N4 -> 24785936 | R4: =J4-O4 -> 3.6637506e+08 | S4: =K4-P4 -> 2.7900726e+09
A5: Current year advance | B5: 1.1140035e+09 | C5: 6390663.8 | D5: 1.3008349e+08 | E5: 9.7752937e+08 | F5: =C5/$B5 -> 0.0057366639 | G5: =D5/$B5 -> 0.11677117 | H5: =E5/$B5 -> 0.87749217 | I5: =F5*$B5 -> 6390663.8 | J5: =G5*$B5 -> 1.3008349e+08 | K5: =H5*$B5 -> 9.7752937e+08 | L5: =SUM(I5:K5) -> 1.1140035e+09 | M5: =L5-B5 -> 0 | N5: =$M5*F5 -> 0 | O5: =$M5*G5 -> 0 | P5: =$M5*H5 -> 0 | Q5: =I5-N5 -> 6390663.8 | R5: =J5-O5 -> 1.3008349e+08 | S5: =K5-P5 -> 9.7752937e+08
A6: Future years advance | B6: 2.0672301e+09 | C6: 18393527 | D6: 2.3629294e+08 | E6: 1.8125436e+09 | F6: =C6/$B6 -> 0.0088976681 | G6: =D6/$B6 -> 0.11430413 | H6: =E6/$B6 -> 0.8767982 | I6: =F6*$B6 -> 18393527 | J6: =G6*$B6 -> 2.3629294e+08 | K6: =H6*$B6 -> 1.8125436e+09 | L6: =SUM(I6:K6) -> 2.0672301e+09 | M6: =L6-B6 -> 0 | N6: =$M6*F6 -> 0 | O6: =$M6*G6 -> 0 | P6: =$M6*H6 -> 0 | Q6: =I6-N6 -> 18393527 | R6: =J6-O6 -> 2.3629294e+08 | S6: =K6-P6 -> 1.8125436e+09
A7: Dues+ Advance | B7: =B3+B4 -> 12866137469 | C7: =C3+C4 -> 99623059 | D7: =D3+D4 -> 1.5619451e+09 | E7: =E3+E4 -> 1.1204569e+10 | F7: =C7/$B7 -> 0.0077430433 | G7: =D7/$B7 -> 0.12139969 | H7: =E7/$B7 -> 0.87085727 | I7: =F7*$B7 -> 99623059 | J7: =G7*$B7 -> 1.5619451e+09 | K7: =H7*$B7 -> 1.1204569e+10 | L7: =SUM(I7:K7) -> 12866137469 | M7: =L7-B7 -> 0 | N7: =$M7*F7 -> 0 | O7: =$M7*G7 -> 0 | P7: =$M7*H7 -> 0 | Q7: =I7-N7 -> 99623059 | R7: =J7-O7 -> 1.5619451e+09 | S7: =K7-P7 -> 1.1204569e+10
A8: New Sales | B8: 3864557619 | C8: 1.4581186e+08 | D8: 9.3726854e+08 | E8: 2.7814772e+09 | F8: =C8/$B8 -> 0.037730544 | G8: =D8/$B8 -> 0.24252932 | H8: =E8/$B8 -> 0.71974013 | I8: =F8*$B8 -> 1.4581186e+08 | J8: =G8*$B8 -> 9.3726854e+08 | K8: =H8*$B8 -> 2.7814772e+09 | L8: =SUM(I8:K8) -> 3.8645576e+09 | M8: =L8-B8 -> 0 | N8: =$M8*F8 -> 0 | O8: =$M8*G8 -> 0 | P8: =$M8*H8 -> 0 | Q8: =I8-N8 -> 1.4581186e+08 | R8: =J8-O8 -> 9.3726854e+08 | S8: =K8-P8 -> 2.7814772e+09
A9: Total Collections | B9: =SUM(B7:B8) -> 16730695088 | C9: =SUM(C7:C8) -> 2.4543492e+08 | D9: =SUM(D7:D8) -> 2.4992137e+09 | E9: =SUM(E7:E8) -> 1.3986047e+10 | F9: =C9/$B9 -> 0.014669738 | G9: =D9/$B9 -> 0.14937895 | H9: =E9/$B9 -> 0.83595131 | I9: =F9*$B9 -> 2.4543492e+08 | J9: =G9*$B9 -> 2.4992137e+09 | K9: =H9*$B9 -> 1.3986047e+10 | L9: =SUM(I9:K9) -> 16730695088 | M9: =L9-B9 -> 0 | N9: =$M9*F9 -> 0 | O9: =$M9*G9 -> 0 | P9: =$M9*H9 -> 0 | Q9: =I9-N9 -> 2.4543492e+08 | R9: =J9-O9 -> 2.4992137e+09 | S9: =K9-P9 -> 1.3986047e+10
A10: DLD | B10: 650781702 | E10: =B10-D10 -> 650781702 | F10: =C10/$B10 -> 0 | G10: =D10/$B10 -> 0 | H10: =E10/$B10 -> 1 | I10: =F10*$B10 -> 0 | J10: =G10*$B10 -> 0 | K10: =H10*$B10 -> 650781702 | L10: =SUM(I10:K10) -> 650781702 | M10: =L10-B10 -> 0 | N10: =$M$3*F10 -> 0 | O10: =$M$3*G10 -> 0 | P10: =$M$3*H10 -> 0 | Q10: =I10-N10 -> 0 | R10: =J10-O10 -> 0 | S10: =K10-P10 -> 650781702
A11: Other charges | B11: 37851533 | D11: 1256243 | E11: =B11-D11 -> 36595290 | F11: =C11/$B11 -> 0 | G11: =D11/$B11 -> 0.033188695 | H11: =E11/$B11 -> 0.9668113 | I11: =F11*$B11 -> 0 | J11: =G11*$B11 -> 1256243 | K11: =H11*$B11 -> 36595290 | L11: =SUM(I11:K11) -> 37851533 | M11: =L11-B11 -> 0 | N11: =$M$3*F11 -> 0 | O11: =$M$3*G11 -> 0 | P11: =$M$3*H11 -> 0 | Q11: =I11-N11 -> 0 | R11: =J11-O11 -> 1256243 | S11: =K11-P11 -> 36595290
A12: Total Realised money | B12: 1.0850878e+10 | D12: 6.8408089e+08 | E12: =B12-D12 -> 1.0166798e+10 | F12: =C12/$B12 -> 0 | G12: =D12/$B12 -> 0.063043826 | H12: =E12/$B12 -> 0.93695617 | I12: =F12*$B12 -> 0 | J12: =G12*$B12 -> 6.8408089e+08 | K12: =H12*$B12 -> 1.0166798e+10 | L12: =SUM(I12:K12) -> 1.0850878e+10 | M12: =L12-B12 -> 0 | N12: =$M$3*F12 -> 0 | O12: =$M$3*G12 -> 0 | P12: =$M$3*H12 -> 0 | Q12: =I12-N12 -> 0 | R12: =J12-O12 -> 6.8408089e+08 | S12: =K12-P12 -> 1.0166798e+10
A13: Total Realised money | B13: 1.0850878e+10 | D13: 6.8408089e+08 | E13: =B13-D13 -> 1.0166798e+10 | F13: =C13/$B13 -> 0 | G13: =D13/$B13 -> 0.063043826 | H13: =E13/$B13 -> 0.93695617 | I13: =F13*$B13 -> 0 | J13: =G13*$B13 -> 6.8408089e+08 | K13: =H13*$B13 -> 1.0166798e+10 | L13: =SUM(I13:K13) -> 1.0850878e+10 | M13: =L13-B13 -> 0 | N13: =$M$3*F13 -> 0 | O13: =$M$3*G13 -> 0 | P13: =$M$3*H13 -> 0 | Q13: =I13-N13 -> 0 | R13: =J13-O13 -> 6.8408089e+08 | S13: =K13-P13 -> 1.0166798e+10
A16: Other charges and DLD
A17: Other charges Type | B17: Total | C17: Down Town | D17: Siniya | E17: Sobha
A18: Late Payment Charges | B18: =SUM(C18:E18) -> 34597748 | C18: 6186.0579 | D18: 260412.95 | E18: 34331149
A19: NOC/Admin | B19: =SUM(C19:E19) -> 7021029.3 | C19: 15352.782 | D19: 401471.06 | E19: 6604205.4
A20: Delayed handover | B20: =SUM(C20:E20) -> 6356215.9 | C20: 0 | D20: 0 | E20: 6356215.9
A21: Plot - Construction Commencement/ Completion Delay | B21: =SUM(C21:E21) -> 5254078.9 | C21: 0 | D21: 0 | E21: 5254078.9
A22: Upkeep/maintenance | B22: =SUM(C22:E22) -> 1211875.1 | C22: 0 | D22: 0 | E22: 1211875.1
A23: Cheque Dishonoured Charges | B23: =SUM(C23:E23) -> 105508.4 | C23: 0 | D23: 0 | E23: 105508.4
A24: Grand Total | B24: =SUM(B18:B23) -> 54546456 | C24: =SUM(C18:C23) -> 21538.84 | D24: =SUM(D18:D23) -> 661884.01 | E24: =SUM(E18:E23) -> 53863033
A26: DLD | B26: 805972912 | C26: 67850 | D26: 44781 | E26: 805860281
A28: Grand Total | B28: =B24+B9 -> 1.6785242e+10 | C28: =C24+C9 -> 2.4545646e+08 | D28: =D24+D9 -> 2.4998755e+09 | E28: =E24+E9 -> 1.403991e+10
A33: DLD Forfeiture amount | B33: 27386119 | D33: =B33-E33 -> 0 | E33: 27386119
A34: CRM forfeiture amount | B34: 14054024 | D34: =B34-E34 -> 0 | E34: 14054024
A35: DLD | B35: 650781702 | D35: =B35-E35 -> 0 | E35: 650781702
A36: Total | B36: =SUM(B24:B35) -> 1.8337983e+10 | D36: =SUM(D24:D35) -> 2.5005822e+09 | E36: =SUM(E24:E35) -> 1.5591855e+10
A38: Grand Total | B38: =B36+B9 -> 3.5068678e+10 | D38: =D36+D9 -> 4.9997959e+09 | E38: =E36+E9 -> 2.9577901e+10

Sheet 2024 Collection New
A1: Breakup of Dues and Advance
A2: 2024 | B2: Total | C2: Down Town | D2: Siniya | E2: Sobha | P2: =SUM(P3:R3) -> 0 | S2: Paste
A3: Dues | B3: 5.5439958e+09 | C3: 0 | D3: 89873536 | E3: 5.4541223e+09 | F3: =SUM(C3:E3) -> 5.5439958e+09 | G3: =F3-B3 -> 0 | H3: =C3/$F3 -> 0 | I3: =D3/$F3 -> 0.016210967 | J3: =E3/$F3 -> 0.98378903 | K3: =H3*$B3 -> 0 | L3: =I3*$B3 -> 89873536 | M3: =J3*$B3 -> 5.4541223e+09 | N3: =SUM(K3:M3) -> 5.5439958e+09 | O3: =N3-B3 -> 0 | P3: =$O3*H3 -> 0 | Q3: =$O3*I3 -> 0 | R3: =$O3*J3 -> 0 | S3: =K3-P3 -> 0 | T3: =L3-Q3 -> 89873536 | U3: =M3-R3 -> 5.4541223e+09
A4: Advance | B4: 1.4551036e+09 | C4: 0 | D4: 33995733 | E4: 1.4211079e+09 | F4: =SUM(C4:E4) -> 1.4551036e+09 | G4: =F4-B4 -> 0 | H4: =C4/$F4 -> 0 | I4: =D4/$F4 -> 0.023363101 | J4: =E4/$F4 -> 0.9766369 | K4: =H4*$B4 -> 0 | L4: =I4*$B4 -> 33995733 | M4: =J4*$B4 -> 1.4211079e+09 | N4: =SUM(K4:M4) -> 1.4551036e+09 | O4: =N4-B4 -> 0 | P4: =$O4*H4 -> 0 | Q4: =$O4*I4 -> 0 | R4: =$O4*J4 -> 0 | S4: =K4-P4 -> 0 | T4: =L4-Q4 -> 33995733 | U4: =M4-R4 -> 1.4211079e+09
A5: Current year advance | B5: 5.7457274e+08 | C5: 0 | D5: 26540545 | E5: 5.4803219e+08 | F5: =SUM(C5:E5) -> 5.7457274e+08 | G5: =F5-B5 -> 0 | H5: =C5/$F5 -> 0 | I5: =D5/$F5 -> 0.046191792 | J5: =E5/$F5 -> 0.95380821 | K5: =H5*$B5 -> 0 | L5: =I5*$B5 -> 26540545 | M5: =J5*$B5 -> 5.4803219e+08 | N5: =SUM(K5:M5) -> 5.7457274e+08 | O5: =N5-B5 -> 0 | P5: =$O5*H5 -> 0 | Q5: =$O5*I5 -> 0 | R5: =$O5*J5 -> 0 | S5: =K5-P5 -> 0 | T5: =L5-Q5 -> 26540545 | U5: =M5-R5 -> 5.4803219e+08
A6: Future years advance | B6: 8.8053089e+08 | C6: 0 | D6: 33058308 | E6: 8.4747258e+08 | F6: =SUM(C6:E6) -> 8.8053089e+08 | G6: =F6-B6 -> 0 | H6: =C6/$F6 -> 0 | I6: =D6/$F6 -> 0.03754361 | J6: =E6/$F6 -> 0.96245639 | K6: =H6*$B6 -> 0 | L6: =I6*$B6 -> 33058308 | M6: =J6*$B6 -> 8.4747258e+08 | N6: =SUM(K6:M6) -> 8.8053089e+08 | O6: =N6-B6 -> 0 | P6: =$O6*H6 -> 0 | Q6: =$O6*I6 -> 0 | R6: =$O6*J6 -> 0 | S6: =K6-P6 -> 0 | T6: =L6-Q6 -> 33058308 | U6: =M6-R6 -> 8.4747258e+08
A7: Dues+ Advance | B7: =B3+B4 -> 6.9990995e+09 | C7: =C3+C4 -> 0 | D7: 1.2385705e+08 | E7: 6.8752424e+09 | F7: =SUM(C7:E7) -> 6.9990995e+09 | G7: =F7-B7 -> 0 | H7: =C7/$F7 -> 0 | I7: =D7/$F7 -> 0.017696141 | J7: =E7/$F7 -> 0.98230386 | K7: =H7*$B7 -> 0 | L7: =I7*$B7 -> 1.2385705e+08 | M7: =J7*$B7 -> 6.8752424e+09 | N7: =SUM(K7:M7) -> 6.9990995e+09 | O7: =N7-B7 -> 0 | P7: =$O7*H7 -> 0 | Q7: =$O7*I7 -> 0 | R7: =$O7*J7 -> 0 | S7: =K7-P7 -> 0 | T7: =L7-Q7 -> 1.2385705e+08 | U7: =M7-R7 -> 6.8752424e+09
A8: New Sales | B8: 3.2309567e+09 | C8: =C4+C5 -> 0 | D8: 5.6790648e+08 | E8: 2.6630502e+09 | F8: =SUM(C8:E8) -> 3.2309567e+09 | G8: =F8-B8 -> 0 | H8: =C8/$F8 -> 0 | I8: =D8/$F8 -> 0.17577038 | J8: =E8/$F8 -> 0.82422962 | K8: =H8*$B8 -> 0 | L8: =I8*$B8 -> 5.6790648e+08 | M8: =J8*$B8 -> 2.6630502e+09 | N8: =SUM(K8:M8) -> 3.2309567e+09 | O8: =N8-B8 -> 0 | P8: =$O8*H8 -> 0 | Q8: =$O8*I8 -> 0 | R8: =$O8*J8 -> 0 | S8: =K8-P8 -> 0 | T8: =L8-Q8 -> 5.6790648e+08 | U8: =M8-R8 -> 2.6630502e+09
A9: Total Collections | B9: =SUM(B7:B8) -> 1.0230056e+10 | C9: =SUM(C7:C8) -> 0 | D9: =SUM(D7:D8) -> 6.9176354e+08 | E9: =SUM(E7:E8) -> 9.5382926e+09 | F9: =SUM(C9:E9) -> 1.0230056e+10 | G9: =F9-B9 -> 0 | H9: =C9/$F9 -> 0 | I9: =D9/$F9 -> 0.067620698 | J9: =E9/$F9 -> 0.9323793 | K9: =H9*$B9 -> 0 | L9: =I9*$B9 -> 6.9176354e+08 | M9: =J9*$B9 -> 9.5382926e+09 | N9: =SUM(K9:M9) -> 1.0230056e+10 | O9: =N9-B9 -> 0 | P9: =$O9*H9 -> 0 | Q9: =$O9*I9 -> 0 | R9: =$O9*J9 -> 0 | S9: =K9-P9 -> 0 | T9: =L9-Q9 -> 6.9176354e+08 | U9: =M9-R9 -> 9.5382926e+09
A10: DLD | B10: 805972912 | C10: 67850 | D10: 44781 | E10: 805860281 | H10: =C10/$B10 -> 8.4183971e-05 | I10: =D10/$B10 -> 5.5561421e-05 | J10: =E10/$B10 -> 0.99986025 | K10: =H10*$B10 -> 67850 | L10: =I10*$B10 -> 44781 | M10: =J10*$B10 -> 805860281 | N10: =SUM(K10:M10) -> 805972912 | O10: =N10-B10 -> 0 | P10: =$O$3*H10 -> 0 | Q10: =$O$3*I10 -> 0 | R10: =$O$3*J10 -> 0 | S10: =K10-P10 -> 67850 | T10: =L10-Q10 -> 44781 | U10: =M10-R10 -> 805860281
A11: Other charges | B11: 54546456 | C11: 21538.84 | D11: 661884.01 | E11: 53863033 | H11: =C11/$B11 -> 0.00039487149 | I11: =D11/$B11 -> 0.012134318 | J11: =E11/$B11 -> 0.98747081 | K11: =H11*$B11 -> 21538.84 | L11: =I11*$B11 -> 661884.01 | M11: =J11*$B11 -> 53863033 | N11: =SUM(K11:M11) -> 54546456 | O11: =N11-B11 -> 0 | P11: =$O$3*H11 -> 0 | Q11: =$O$3*I11 -> 0 | R11: =$O$3*J11 -> 0 | S11: =K11-P11 -> 21538.84 | T11: =L11-Q11 -> 661884.01 | U11: =M11-R11 -> 53863033
A12: Total Realised money | B12: 1.7626361e+10 | C12: 1.7742182e+08 | D12: 2.5002711e+09 | E12: 1.4948668e+10 | H12: =C12/$B12 -> 0.010065709 | I12: =D12/$B12 -> 0.1418484 | J12: =E12/$B12 -> 0.84808589 | K12: =H12*$B12 -> 1.7742182e+08 | L12: =I12*$B12 -> 2.5002711e+09 | M12: =J12*$B12 -> 1.4948668e+10 | N12: =SUM(K12:M12) -> 1.7626361e+10 | O12: =N12-B12 -> 0 | P12: =$O$3*H12 -> 0 | Q12: =$O$3*I12 -> 0 | R12: =$O$3*J12 -> 0 | S12: =K12-P12 -> 1.7742182e+08 | T12: =L12-Q12 -> 2.5002711e+09 | U12: =M12-R12 -> 1.4948668e+10
A13: Total Realised money | H13: =C13/$B13 -> #DIV/0! | I13: =D13/$B13 -> #DIV/0! | J13: =E13/$B13 -> #DIV/0! | K13: =H13*$B13 -> #DIV/0! | L13: =I13*$B13 -> #DIV/0! | M13: =J13*$B13 -> #DIV/0! | N13: =SUM(K13:M13) -> #DIV/0! | O13: =N13-B13 -> #DIV/0! | P13: =$O$3*H13 -> #DIV/0! | Q13: =$O$3*I13 -> #DIV/0! | R13: =$O$3*J13 -> #DIV/0! | S13: =K13-P13 -> #DIV/0! | T13: =L13-Q13 -> #DIV/0! | U13: =M13-R13 -> #DIV/0!
G15: 16786600016
A16: Other charges and DLD | G16: 1.6787454e+10
A17: Other charges Type | B17: Total | C17: Down Town | D17: Siniya | E17: Sobha | G17: =G15-G16 -> -854152.11 | H17: 2025
A18: Late Payment Charges | B18: =SUM(C18:E18) -> 15254252 | C18: 0 | D18: 6991 | E18: 15247261 | H18: Dues | I18: =B3-'2025 Collection'!B8 -> -4.1682289e+09 | J18: =C3-'2025 Collection'!C8 -> -78865421 | K18: =D3-'2025 Collection'!D8 -> -1.1145485e+09 | L18: =E3-'2025 Collection'!E8 -> -3.08285e+09
A19: NOC/Admin | B19: =SUM(C19:E19) -> 4504556.1 | C19: 0 | D19: 18000 | E19: 4486556.1 | H19: Advance | I19: =B4-'2025 Collection'!B9 -> -1.8047791e+09 | J19: =C4-'2025 Collection'!C9 -> -24960156 | K19: =D4-'2025 Collection'!D9 -> -3.3456978e+08 | L19: =E4-'2025 Collection'!E9 -> -1.337214e+09
A20: Delayed handover | B20: =SUM(C20:E20) -> 3360007.5 | C20: 0 | D20: 0 | E20: 3360007.5 | H20: Current year advance | I20: =B5-'2025 Collection'!B10 -> -5.3373973e+08 | J20: =C5-'2025 Collection'!C10 -> -6294106.9 | K20: =D5-'2025 Collection'!D10 -> -1.0389644e+08 | L20: =E5-'2025 Collection'!E10 -> -4.1643364e+08
A21: Plot - Construction Commencement/ Completion Delay | B21: =SUM(C21:E21) -> 1932637.5 | C21: 0 | D21: 0 | E21: 1932637.5 | H21: Future years advance | I21: =B6-'2025 Collection'!B11 -> -1.269783e+09 | J21: =C6-'2025 Collection'!C11 -> -18666049 | K21: =D6-'2025 Collection'!D11 -> -2.0507021e+08 | L21: =E6-'2025 Collection'!E11 -> -9.4638349e+08
A22: Upkeep/maintenance | B22: =SUM(C22:E22) -> 2104931.1 | C22: 0 | D22: 0 | E22: 2104931.1 | H22: Dues+ Advance | I22: =B7-'2025 Collection'!B12 -> -5.9730079e+09 | J22: =C7-'2025 Collection'!C12 -> -103825577 | K22: =D7-'2025 Collection'!D12 -> -1.4491305e+09 | L22: =E7-'2025 Collection'!E12 -> -4.4200518e+09
A23: Cheque Dishonoured Charges | B23: =SUM(C23:E23) -> 35970 | C23: 0 | D23: 0 | E23: 35970 | H23: New Sales | I23: =B8-'2025 Collection'!B13 -> -6.2195879e+08 | J23: =C8-'2025 Collection'!C13 -> -1.461456e+08 | K23: =D8-'2025 Collection'!D13 -> -3.6506244e+08 | L23: =E8-'2025 Collection'!E13 -> -1.1075076e+08
A24: Grand Total | B24: =SUM(B18:B23) -> 27192354 | C24: =SUM(C18:C23) -> 0 | D24: =SUM(D18:D23) -> 24991 | E24: =SUM(E18:E23) -> 27167363 | H24: Total Collections | I24: =B9-'2025 Collection'!B14 -> -6.5949667e+09 | J24: =C9-'2025 Collection'!C14 -> -2.4997118e+08 | K24: =D9-'2025 Collection'!D14 -> -1.814193e+09 | L24: =E9-'2025 Collection'!E14 -> -4.5308026e+09
A26: DLD | B26: 637972393 | C26: 0 | D26: 12 | E26: 637972381
A28: Grand Total | B28: =B24+B9 -> 1.0257249e+10 | C28: =C24+C9 -> 0 | D28: =D24+D9 -> 6.9178853e+08 | E28: =E24+E9 -> 9.56546e+09
A30: ****Receipt Data has been considered as of 05.01.2026 where receipt GL date is 31.12.2025 and DLD is updated on actual values (No unidentified adjusted in DLD)
A33: DLD Forfeiture amount | B33: 27386119 | D33: =B33-E33 -> 0 | E33: 27386119
A34: CRM forfeiture amount | B34: 14054024 | D34: =B34-E34 -> 0 | E34: 14054024
A35: DLD | B35: 650781702 | D35: =B35-E35 -> 0 | E35: 650781702
A36: Total | B36: =SUM(B24:B35) -> 1.1614635e+10 | D36: =SUM(D24:D35) -> 6.9181353e+08 | E36: =SUM(E24:E35) -> 1.0922822e+10
A38: Grand Total | B38: =B36+B9 -> 2.1844691e+10 | D38: =D36+D9 -> 1.3835771e+09 | E38: =E36+E9 -> 2.0461114e+10

Sheet 2025 Collection
B1: =B3/'2025 Collection Dynamic'!B$4 -> 0.33998539 | C1: =C3/'2025 Collection Dynamic'!C$4 -> 0.24657298 | D1: =D3/'2025 Collection Dynamic'!D$4 -> 0.3519765 | E1: =E3/'2025 Collection Dynamic'!E$4 -> 0.33928687
B2: =B4/'2025 Collection Dynamic'!B$4 -> 0.65962923 | C2: =C4/'2025 Collection Dynamic'!C$4 -> 0.76183082 | D2: =D4/'2025 Collection Dynamic'!D$4 -> 0.66945146 | E2: =E4/'2025 Collection Dynamic'!E$4 -> 0.65744976
A3: Current year advance | B3: {='2025 Collection Dynamic'!B5:E6} -> 1.1200976e+09 | C3: 6423772 | D3: 1.3082847e+08 | E3: 9.8284532e+08
A4: Future years advance | B4: 2.173179e+09 | C4: 19847380 | D4: 2.4883283e+08 | E4: 1.9044988e+09
A5: Difference in advance to be added in Dues | B5: ='2025 Collection Dynamic'!B4-'2025 Collection'!B9 -> 34663514 | C5: ='2025 Collection Dynamic'!C4-'2025 Collection'!C9 -> 151290.78 | D5: ='2025 Collection Dynamic'!D4-'2025 Collection'!D9 -> 0 | E5: ='2025 Collection Dynamic'!E4-'2025 Collection'!E9 -> 34512223
A6: Breakup of Dues and Advance
A7: 2025 | B7: Total | C7: Down Town | D7: Siniya | E7: Sobha | P7: =SUM(P8:R8) -> 0 | S7: Paste
A8: Dues | B8: ='2025 Collection Dynamic'!B3+'2025 Collection'!B5-5825509.74545313 -> 9.7063992e+09 | C8: 77877914 | D8: 1.2005704e+09 | E8: 8.4279509e+09 | F8: =SUM(C8:E8) -> 9.7063992e+09 | G8: =F8-B8 -> 0 | H8: =C8/$F8 -> 0.0080233578 | I8: =D8/$F8 -> 0.12368855 | J8: =E8/$F8 -> 0.86828809 | K8: =H8*$B8 -> 77877914 | L8: =I8*$B8 -> 1.2005704e+09 | M8: =J8*$B8 -> 8.4279509e+09 | N8: =SUM(K8:M8) -> 9.7063992e+09 | O8: =N8-B8 -> 0 | P8: =$O8*H8 -> 0 | Q8: =$O8*I8 -> 0 | R8: =$O8*J8 -> 0 | S8: =K8-P8 -> 77877914 | T8: =L8-Q8 -> 1.2005704e+09 | U8: =M8-R8 -> 8.4279509e+09
A9: Advance | B9: 3.2598827e+09 | C9: 25900923 | D9: 371696594 | E9: 2.8622852e+09 | F9: =SUM(C9:E9) -> 3.2598827e+09 | G9: =F9-B9 -> -0.040431976 | H9: =C9/$F9 -> 0.0079453544 | I9: =D9/$F9 -> 0.11402146 | J9: =E9/$F9 -> 0.87803318 | K9: =H9*$B9 -> 25900923 | L9: =I9*$B9 -> 3.7169659e+08 | M9: =J9*$B9 -> 2.8622852e+09 | N9: =SUM(K9:M9) -> 3.2598827e+09 | O9: =N9-B9 -> 0 | P9: =$O9*H9 -> 0 | Q9: =$O9*I9 -> 0 | R9: =$O9*J9 -> 0 | S9: =K9-P9 -> 25900923 | T9: =L9-Q9 -> 3.7169659e+08 | U9: =M9-R9 -> 2.8622852e+09
A10: Current year advance | B10: =B9-B11 -> 1.1095688e+09 | C10: 6169135.1 | D10: 1.2287071e+08 | E10: 9.8052895e+08 | F10: =SUM(C10:E10) -> 1.1095688e+09 | G10: =F10-B10 -> 0 | H10: =C10/$F10 -> 0.0055599393 | I10: =D10/$F10 -> 0.11073735 | J10: =E10/$F10 -> 0.88370271 | K10: =H10*$B10 -> 6169135.1 | L10: =I10*$B10 -> 1.2287071e+08 | M10: =J10*$B10 -> 9.8052895e+08 | N10: =SUM(K10:M10) -> 1.1095688e+09 | O10: =N10-B10 -> 0 | P10: =$O10*H10 -> 0 | Q10: =$O10*I10 -> 0 | R10: =$O10*J10 -> 0 | S10: =K10-P10 -> 6169135.1 | T10: =L10-Q10 -> 1.2287071e+08 | U10: =M10-R10 -> 9.8052895e+08
A11: Future years advance | B11: =B9*B2 -> 2.1503139e+09 | C11: 19731573 | D11: 2.4882591e+08 | E11: 1.8817564e+09 | F11: =SUM(C11:E11) -> 2.1503139e+09 | G11: =F11-B11 -> 0 | H11: =C11/$F11 -> 0.0091761362 | I11: =D11/$F11 -> 0.11571609 | J11: =E11/$F11 -> 0.87510778 | K11: =H11*$B11 -> 19731573 | L11: =I11*$B11 -> 2.4882591e+08 | M11: =J11*$B11 -> 1.8817564e+09 | N11: =SUM(K11:M11) -> 2.1503139e+09 | O11: =N11-B11 -> 0 | P11: =$O11*H11 -> 0 | Q11: =$O11*I11 -> 0 | R11: =$O11*J11 -> 0 | S11: =K11-P11 -> 19731573 | T11: =L11-Q11 -> 2.4882591e+08 | U11: =M11-R11 -> 1.8817564e+09
A12: Dues+ Advance | B12: =B8+B9 -> 1.2966282e+10 | C12: =C8+C9 -> 1.0377884e+08 | D12: =D8+D9 -> 1.572267e+09 | E12: =E8+E9 -> 1.1290236e+10 | F12: =SUM(C12:E12) -> 1.2966282e+10 | G12: =F12-B12 -> -0.040431976 | H12: =C12/$F12 -> 0.0080037468 | I12: =D12/$F12 -> 0.12125812 | J12: =E12/$F12 -> 0.87073813 | K12: =H12*$B12 -> 1.0377884e+08 | L12: =I12*$B12 -> 1.572267e+09 | M12: =J12*$B12 -> 1.1290236e+10 | N12: =SUM(K12:M12) -> 1.2966282e+10 | O12: =N12-B12 -> 0 | P12: =$O12*H12 -> 0 | Q12: =$O12*I12 -> 0 | R12: =$O12*J12 -> 0 | S12: =K12-P12 -> 1.0377884e+08 | T12: =L12-Q12 -> 1.572267e+09 | U12: =M12-R12 -> 1.1290236e+10
A13: New Sales | B13: ='2025 Collection Dynamic'!B8 -> 3852915489 | C13: ='2025 Collection Dynamic'!C8 -> 1.461456e+08 | D13: ='2025 Collection Dynamic'!D8 -> 9.3296892e+08 | E13: ='2025 Collection Dynamic'!E8 -> 2.773801e+09 | F13: =SUM(C13:E13) -> 3852915489 | G13: =F13-B13 -> 0 | H13: =C13/$F13 -> 0.037931173 | I13: =D13/$F13 -> 0.24214622 | J13: =E13/$F13 -> 0.71992261 | K13: =H13*$B13 -> 1.461456e+08 | L13: =I13*$B13 -> 9.3296892e+08 | M13: =J13*$B13 -> 2.773801e+09 | N13: =SUM(K13:M13) -> 3852915489 | O13: =N13-B13 -> 0 | P13: =$O13*H13 -> 0 | Q13: =$O13*I13 -> 0 | R13: =$O13*J13 -> 0 | S13: =K13-P13 -> 1.461456e+08 | T13: =L13-Q13 -> 9.3296892e+08 | U13: =M13-R13 -> 2.773801e+09
A14: Total Collections | B14: =SUM(B12:B13) -> 1.6819197e+10 | C14: =SUM(C12:C13) -> 2.4992444e+08 | D14: =SUM(D12:D13) -> 2.505236e+09 | E14: =SUM(E12:E13) -> 1.4064037e+10 | F14: =SUM(C14:E14) -> 1.6819197e+10 | G14: =F14-B14 -> -0.040431976 | H14: =C14/$F14 -> 0.014859475 | I14: =D14/$F14 -> 0.14895098 | J14: =E14/$F14 -> 0.83618954 | K14: =H14*$B14 -> 2.4992444e+08 | L14: =I14*$B14 -> 2.505236e+09 | M14: =J14*$B14 -> 1.4064037e+10 | N14: =SUM(K14:M14) -> 1.6819197e+10 | O14: =N14-B14 -> 0 | P14: =$O14*H14 -> 0 | Q14: =$O14*I14 -> 0 | R14: =$O14*J14 -> 0 | S14: =K14-P14 -> 2.4992444e+08 | T14: =L14-Q14 -> 2.505236e+09 | U14: =M14-R14 -> 1.4064037e+10
A15: DLD | B15: 805972912 | C15: 67850 | D15: 44781 | E15: 805860281 | H15: =C15/$B15 -> 8.4183971e-05 | I15: =D15/$B15 -> 5.5561421e-05 | J15: =E15/$B15 -> 0.99986025 | K15: =H15*$B15 -> 67850 | L15: =I15*$B15 -> 44781 | M15: =J15*$B15 -> 805860281 | N15: =SUM(K15:M15) -> 805972912 | O15: =N15-B15 -> 0 | P15: =$O$8*H15 -> 0 | Q15: =$O$8*I15 -> 0 | R15: =$O$8*J15 -> 0 | S15: =K15-P15 -> 67850 | T15: =L15-Q15 -> 44781 | U15: =M15-R15 -> 805860281
A16: Other charges | B16: 54546456 | C16: 21538.84 | D16: 661884.01 | E16: 53863033 | H16: =C16/$B16 -> 0.00039487149 | I16: =D16/$B16 -> 0.012134318 | J16: =E16/$B16 -> 0.98747081 | K16: =H16*$B16 -> 21538.84 | L16: =I16*$B16 -> 661884.01 | M16: =J16*$B16 -> 53863033 | N16: =SUM(K16:M16) -> 54546456 | O16: =N16-B16 -> 0 | P16: =$O$8*H16 -> 0 | Q16: =$O$8*I16 -> 0 | R16: =$O$8*J16 -> 0 | S16: =K16-P16 -> 21538.84 | T16: =L16-Q16 -> 661884.01 | U16: =M16-R16 -> 53863033
A17: Total Realised money | B17: 1.7626361e+10 | C17: 1.7742182e+08 | D17: 2.5002711e+09 | E17: 1.4948668e+10 | H17: =C17/$B17 -> 0.010065709 | I17: =D17/$B17 -> 0.1418484 | J17: =E17/$B17 -> 0.84808589 | K17: =H17*$B17 -> 1.7742182e+08 | L17: =I17*$B17 -> 2.5002711e+09 | M17: =J17*$B17 -> 1.4948668e+10 | N17: =SUM(K17:M17) -> 1.7626361e+10 | O17: =N17-B17 -> 0 | P17: =$O$8*H17 -> 0 | Q17: =$O$8*I17 -> 0 | R17: =$O$8*J17 -> 0 | S17: =K17-P17 -> 1.7742182e+08 | T17: =L17-Q17 -> 2.5002711e+09 | U17: =M17-R17 -> 1.4948668e+10
A18: Total Realised money | H18: =C18/$B18 -> #DIV/0! | I18: =D18/$B18 -> #DIV/0! | J18: =E18/$B18 -> #DIV/0! | K18: =H18*$B18 -> #DIV/0! | L18: =I18*$B18 -> #DIV/0! | M18: =J18*$B18 -> #DIV/0! | N18: =SUM(K18:M18) -> #DIV/0! | O18: =N18-B18 -> #DIV/0! | P18: =$O$8*H18 -> #DIV/0! | Q18: =$O$8*I18 -> #DIV/0! | R18: =$O$8*J18 -> #DIV/0! | S18: =K18-P18 -> #DIV/0! | T18: =L18-Q18 -> #DIV/0! | U18: =M18-R18 -> #DIV/0!
A21: Other charges and DLD
A22: Other charges Type | B22: Total | C22: Down Town | D22: Siniya | E22: Sobha
A23: Late Payment Charges | B23: =+SUM(C23:E23) -> 34818693 | C23: 6056 | D23: 265591.94 | E23: 34547045
A24: NOC/Admin | B24: =+SUM(C24:E24) -> 6944240.3 | C24: 15030 | D24: 408030.39 | E24: 6521179.9
A25: Delayed handover | B25: =+SUM(C25:E25) -> 6232378.6 | C25: 0 | D25: 0 | E25: 6232378.6
A26: Plot - Construction Commencement/ Completion Delay | B26: =+SUM(C26:E26) -> 5143615.2 | C26: 0 | D26: 0 | E26: 5143615.2
A27: Upkeep/maintenance | B27: =+SUM(C27:E27) -> 1213396.2 | C27: 0 | D27: 0 | E27: 1213396.2
A28: Cheque Dishonoured Charges | B28: =+SUM(C28:E28) -> 108290.15 | C28: 0 | D28: 0 | E28: 108290.15
A29: Grand Total | B29: =SUM(B23:B28) -> 54460613 | C29: =SUM(C23:C28) -> 21086 | D29: =SUM(D23:D28) -> 673622.33 | E29: =SUM(E23:E28) -> 53765905
A31: DLD | B31: 811344633 | C31: 67850 | D31: 44781 | E31: 811232002
A33: Grand Total | B33: =+B14+B29 -> 1.6873658e+10 | C33: =+C14+C29 -> 2.4994553e+08 | D33: =+D14+D29 -> 2.5059096e+09 | E33: =+E14+E29 -> 1.4117803e+10
A35: **Receipt Data has been considered as of 31.01.2026 (GL date) and DLD is updated on actual values (No unidentified adjusted in DLD)
A36: ** Total value has been dropped by 1.8 M and New sale value dropped by 44.4M
A39: DLD Forfeiture amount | B39: 27386119 | D39: =B39-E39 -> 0 | E39: 27386119
A40: CRM forfeiture amount | B40: 14054024 | D40: =B40-E40 -> 0 | E40: 14054024
A41: DLD | B41: 650781702 | D41: =B41-E41 -> 0 | E41: 650781702
A42: Total | B42: =SUM(B29:B41) -> 1.8431685e+10 | D42: =SUM(D29:D41) -> 2.506628e+09 | E42: =SUM(E29:E41) -> 1.5675023e+10
A44: Grand Total | B44: =B42+B14 -> 3.5250882e+10 | D44: =D42+D14 -> 5.0118639e+09 | E44: =E42+E14 -> 2.973906e+10

Sheet 2025 Collection Dynamic
A1: Breakup of Dues and Advance
A2: 2025 | B2: Total | C2: Down Town | D2: Siniya | E2: Sobha | P2: =SUM(P3:R3) -> 0 | S2: Paste
A3: Dues | B3: =+SUM(C3:E3) -> 9677561209 | C3: 77773363 | D3: 1201290985 | E3: 8398496861 | F3: =SUM(C3:E3) -> 9677561209 | G3: =F3-B3 -> 0 | H3: =C3/$F3 -> 0.008036463 | I3: =D3/$F3 -> 0.12413158 | J3: =E3/$F3 -> 0.86783195 | K3: =H3*$B3 -> 77773363 | L3: =I3*$B3 -> 1201290985 | M3: =J3*$B3 -> 8398496861 | N3: =SUM(K3:M3) -> 9677561209 | O3: =N3-B3 -> 0 | P3: =$O3*H3 -> 0 | Q3: =$O3*I3 -> 0 | R3: =$O3*J3 -> 0 | S3: =K3-P3 -> 77773363 | T3: =L3-Q3 -> 1201290985 | U3: =M3-R3 -> 8398496861
A4: Advance | B4: =+SUM(C4:E4) -> 3294546201 | C4: 26052214 | D4: 371696594 | E4: 2896797393 | F4: =SUM(C4:E4) -> 3294546201 | G4: =F4-B4 -> 0 | H4: =C4/$F4 -> 0.0079076791 | I4: =D4/$F4 -> 0.11282179 | J4: =E4/$F4 -> 0.87927053 | K4: =H4*$B4 -> 26052214 | L4: =I4*$B4 -> 371696594 | M4: =J4*$B4 -> 2896797393 | N4: =SUM(K4:M4) -> 3294546201 | O4: =N4-B4 -> 0 | P4: =$O4*H4 -> 0 | Q4: =$O4*I4 -> 0 | R4: =$O4*J4 -> 0 | S4: =K4-P4 -> 26052214 | T4: =L4-Q4 -> 371696594 | U4: =M4-R4 -> 2896797393
A5: Current year advance | B5: 1.1200976e+09 | C5: 6423772 | D5: 1.3082847e+08 | E5: 9.8284532e+08 | F5: =SUM(C5:E5) -> 1.1200976e+09 | G5: =F5-B5 -> 0 | H5: =C5/$F5 -> 0.0057350111 | I5: =D5/$F5 -> 0.11680096 | J5: =E5/$F5 -> 0.87746403 | K5: =H5*$B5 -> 6423772 | L5: =I5*$B5 -> 1.3082847e+08 | M5: =J5*$B5 -> 9.8284532e+08 | N5: =SUM(K5:M5) -> 1.1200976e+09 | O5: =N5-B5 -> 0 | P5: =$O5*H5 -> 0 | Q5: =$O5*I5 -> 0 | R5: =$O5*J5 -> 0 | S5: =K5-P5 -> 6423772 | T5: =L5-Q5 -> 1.3082847e+08 | U5: =M5-R5 -> 9.8284532e+08
A6: Future years advance | B6: 2.173179e+09 | C6: 19847380 | D6: 2.4883283e+08 | E6: 1.9044988e+09 | F6: =SUM(C6:E6) -> 2.173179e+09 | G6: =F6-B6 -> 0 | H6: =C6/$F6 -> 0.0091328785 | I6: =D6/$F6 -> 0.11450176 | J6: =E6/$F6 -> 0.87636536 | K6: =H6*$B6 -> 19847380 | L6: =I6*$B6 -> 2.4883283e+08 | M6: =J6*$B6 -> 1.9044988e+09 | N6: =SUM(K6:M6) -> 2.173179e+09 | O6: =N6-B6 -> 0 | P6: =$O6*H6 -> 0 | Q6: =$O6*I6 -> 0 | R6: =$O6*J6 -> 0 | S6: =K6-P6 -> 19847380 | T6: =L6-Q6 -> 2.4883283e+08 | U6: =M6-R6 -> 1.9044988e+09
A7: Dues+ Advance | B7: =B3+B4 -> 12972107410 | C7: =C3+C4 -> 103825577 | D7: =D3+D4 -> 1572987579 | E7: =E3+E4 -> 11295294254 | F7: =SUM(C7:E7) -> 12972107410 | G7: =F7-B7 -> 0 | H7: =C7/$F7 -> 0.0080037556 | I7: =D7/$F7 -> 0.12125922 | J7: =E7/$F7 -> 0.87073703 | K7: =H7*$B7 -> 1.0382558e+08 | L7: =I7*$B7 -> 1572987579 | M7: =J7*$B7 -> 11295294254 | N7: =SUM(K7:M7) -> 12972107410 | O7: =N7-B7 -> 0 | P7: =$O7*H7 -> 0 | Q7: =$O7*I7 -> 0 | R7: =$O7*J7 -> 0 | S7: =K7-P7 -> 1.0382558e+08 | T7: =L7-Q7 -> 1572987579 | U7: =M7-R7 -> 11295294254
A8: New Sales | B8: 3852915489 | C8: 1.461456e+08 | D8: 9.3296892e+08 | E8: 2.773801e+09 | F8: =SUM(C8:E8) -> 3852915489 | G8: =F8-B8 -> 0 | H8: =C8/$F8 -> 0.037931173 | I8: =D8/$F8 -> 0.24214622 | J8: =E8/$F8 -> 0.71992261 | K8: =H8*$B8 -> 1.461456e+08 | L8: =I8*$B8 -> 9.3296892e+08 | M8: =J8*$B8 -> 2.773801e+09 | N8: =SUM(K8:M8) -> 3852915489 | O8: =N8-B8 -> 0 | P8: =$O8*H8 -> 0 | Q8: =$O8*I8 -> 0 | R8: =$O8*J8 -> 0 | S8: =K8-P8 -> 1.461456e+08 | T8: =L8-Q8 -> 9.3296892e+08 | U8: =M8-R8 -> 2.773801e+09
A9: Total Collections | B9: =SUM(B7:B8) -> 16825022899 | C9: =SUM(C7:C8) -> 2.4997118e+08 | D9: =SUM(D7:D8) -> 2.5059565e+09 | E9: =SUM(E7:E8) -> 1.4069095e+10 | F9: =SUM(C9:E9) -> 16825022899 | G9: =F9-B9 -> 0 | H9: =C9/$F9 -> 0.014857108 | I9: =D9/$F9 -> 0.14894223 | J9: =E9/$F9 -> 0.83620066 | K9: =H9*$B9 -> 2.4997118e+08 | L9: =I9*$B9 -> 2.5059565e+09 | M9: =J9*$B9 -> 1.4069095e+10 | N9: =SUM(K9:M9) -> 16825022899 | O9: =N9-B9 -> 0 | P9: =$O9*H9 -> 0 | Q9: =$O9*I9 -> 0 | R9: =$O9*J9 -> 0 | S9: =K9-P9 -> 2.4997118e+08 | T9: =L9-Q9 -> 2.5059565e+09 | U9: =M9-R9 -> 1.4069095e+10
A10: DLD | B10: 805972912 | C10: 67850 | D10: 44781 | E10: 805860281 | H10: =C10/$B10 -> 8.4183971e-05 | I10: =D10/$B10 -> 5.5561421e-05 | J10: =E10/$B10 -> 0.99986025 | K10: =H10*$B10 -> 67850 | L10: =I10*$B10 -> 44781 | M10: =J10*$B10 -> 805860281 | N10: =SUM(K10:M10) -> 805972912 | O10: =N10-B10 -> 0 | P10: =$O$3*H10 -> 0 | Q10: =$O$3*I10 -> 0 | R10: =$O$3*J10 -> 0 | S10: =K10-P10 -> 67850 | T10: =L10-Q10 -> 44781 | U10: =M10-R10 -> 805860281
A11: Other charges | B11: 54546456 | C11: 21538.84 | D11: 661884.01 | E11: 53863033 | H11: =C11/$B11 -> 0.00039487149 | I11: =D11/$B11 -> 0.012134318 | J11: =E11/$B11 -> 0.98747081 | K11: =H11*$B11 -> 21538.84 | L11: =I11*$B11 -> 661884.01 | M11: =J11*$B11 -> 53863033 | N11: =SUM(K11:M11) -> 54546456 | O11: =N11-B11 -> 0 | P11: =$O$3*H11 -> 0 | Q11: =$O$3*I11 -> 0 | R11: =$O$3*J11 -> 0 | S11: =K11-P11 -> 21538.84 | T11: =L11-Q11 -> 661884.01 | U11: =M11-R11 -> 53863033
A12: Total Realised money | B12: 1.7626361e+10 | C12: 1.7742182e+08 | D12: 2.5002711e+09 | E12: 1.4948668e+10 | H12: =C12/$B12 -> 0.010065709 | I12: =D12/$B12 -> 0.1418484 | J12: =E12/$B12 -> 0.84808589 | K12: =H12*$B12 -> 1.7742182e+08 | L12: =I12*$B12 -> 2.5002711e+09 | M12: =J12*$B12 -> 1.4948668e+10 | N12: =SUM(K12:M12) -> 1.7626361e+10 | O12: =N12-B12 -> 0 | P12: =$O$3*H12 -> 0 | Q12: =$O$3*I12 -> 0 | R12: =$O$3*J12 -> 0 | S12: =K12-P12 -> 1.7742182e+08 | T12: =L12-Q12 -> 2.5002711e+09 | U12: =M12-R12 -> 1.4948668e+10
A13: Total Realised money | H13: =C13/$B13 -> #DIV/0! | I13: =D13/$B13 -> #DIV/0! | J13: =E13/$B13 -> #DIV/0! | K13: =H13*$B13 -> #DIV/0! | L13: =I13*$B13 -> #DIV/0! | M13: =J13*$B13 -> #DIV/0! | N13: =SUM(K13:M13) -> #DIV/0! | O13: =N13-B13 -> #DIV/0! | P13: =$O$3*H13 -> #DIV/0! | Q13: =$O$3*I13 -> #DIV/0! | R13: =$O$3*J13 -> #DIV/0! | S13: =K13-P13 -> #DIV/0! | T13: =L13-Q13 -> #DIV/0! | U13: =M13-R13 -> #DIV/0!
G15: 16786600016
A16: Other charges and DLD | G16: 1.6787454e+10
A17: Other charges Type | B17: Total | C17: Down Town | D17: Siniya | E17: Sobha | G17: =G15-G16 -> -854152.11 | H17: 2025
A18: Late Payment Charges | B18: =SUM(C18:E18) -> 35060660 | C18: 6121.6376 | D18: 268470.54 | E18: 34786068 | G18: -5825509.7 | H18: Dues | I18: =B3-'2025 Collection'!B8 -> -34663514 | J18: =C3-'2025 Collection'!C8 -> -1092058.2 | K18: =D3-'2025 Collection'!D8 -> -3131084.7 | L18: =E3-'2025 Collection'!E8 -> -1.3847549e+08
A19: NOC/Admin | B19: =SUM(C19:E19) -> 7009396.7 | C19: 15192.902 | D19: 412452.8 | E19: 6581751 | H19: Advance | I19: =B4-'2025 Collection'!B9 -> 34663514 | J19: =C4-'2025 Collection'!C9 -> 1092058.2 | K19: =D4-'2025 Collection'!D9 -> 3131084.7 | L19: =E4-'2025 Collection'!E9 -> 1.3847549e+08
A20: Delayed handover | B20: =SUM(C20:E20) -> 6290023.7 | C20: 0 | D20: 0 | E20: 6290023.7 | H20: Current year advance | I20: =B5-'2025 Collection'!B10 -> 11785088 | J20: =C5-'2025 Collection'!C10 -> 129665.09 | K20: =D5-'2025 Collection'!D10 -> 391477.91 | L20: =E5-'2025 Collection'!E10 -> 18379491
A21: Plot - Construction Commencement/ Completion Delay | B21: =SUM(C21:E21) -> 5232976.7 | C21: 0 | D21: 0 | E21: 5232976.7 | H21: Future years advance | I21: =B6-'2025 Collection'!B11 -> 22865067 | J21: =C6-'2025 Collection'!C11 -> 1181330.6 | K21: =D6-'2025 Collection'!D11 -> 10704306 | L21: =E6-'2025 Collection'!E11 -> 1.1064269e+08
A22: Upkeep/maintenance | B22: =SUM(C22:E22) -> 1226547.5 | C22: 0 | D22: 0 | E22: 1226547.5 | H22: Dues+ Advance | I22: =B7-'2025 Collection'!B12 -> 0 | J22: =C7-'2025 Collection'!C12 -> 0 | K22: =D7-'2025 Collection'!D12 -> 0 | L22: =E7-'2025 Collection'!E12 -> 0
A23: Cheque Dishonoured Charges | B23: =SUM(C23:E23) -> 109463.85 | C23: 0 | D23: 0 | E23: 109463.85 | H23: New Sales | I23: =B8-'2025 Collection'!B13 -> 0 | J23: =C8-'2025 Collection'!C13 -> 0 | K23: =D8-'2025 Collection'!D13 -> 0 | L23: =E8-'2025 Collection'!E13 -> 0
A24: Grand Total | B24: =SUM(B18:B23) -> 54929069 | C24: =SUM(C18:C23) -> 21314.539 | D24: =SUM(D18:D23) -> 680923.35 | E24: =SUM(E18:E23) -> 54226831 | H24: Total Collections | I24: =B9-'2025 Collection'!B14 -> 0 | J24: =C9-'2025 Collection'!C14 -> 0 | K24: =D9-'2025 Collection'!D14 -> 0 | L24: =E9-'2025 Collection'!E14 -> 0
A26: DLD | B26: 812306356 | C26: 54350 | D26: 41781 | E26: 812210225
A28: Grand Total | B28: =B24+B9 -> 1.6879952e+10 | C28: =C24+C9 -> 2.4999249e+08 | D28: =D24+D9 -> 2.5066374e+09 | E28: =E24+E9 -> 1.4123322e+10
A30: ****Receipt Data has been considered as of 05.01.2026 where receipt GL date is 31.12.2025 and DLD is updated on actual values (No unidentified adjusted in DLD)
A33: DLD Forfeiture amount | B33: 27386119 | D33: =B33-E33 -> 0 | E33: 27386119
A34: CRM forfeiture amount | B34: 14054024 | D34: =B34-E34 -> 0 | E34: 14054024
A35: DLD | B35: 650781702 | D35: =B35-E35 -> 0 | E35: 650781702
A36: Total | B36: =SUM(B24:B35) -> 1.8439409e+10 | D36: =SUM(D24:D35) -> 2.5073601e+09 | E36: =SUM(E24:E35) -> 1.5681981e+10
A38: Grand Total | B38: =B36+B9 -> 3.5264432e+10 | D38: =D36+D9 -> 5.0133166e+09 | E38: =E36+E9 -> 2.9751076e+10
