Workbook
Name Ak: !#REF!
Name NOB: !#REF!
Name qwerty: #REF!
Name Source: !#REF!
Name SRCE: !#REF!
Name Style: !#REF!
Name TOS: !#REF!
Name Type: !#REF!
Name VLOOKUP: !#REF!

Sheet Summary
A1: Note: | B1: Month On month collections are shown
B2: Unidentified = Realised-Reg-Receipts | N2: 46148
B3: Receipts = New sale+Other charges+dues&adv
S4: Difference | AE4: Yesterday
B5: =_xlfn.CONCAT("Summary as on-",TEXT(N2,"DD/MM/YYYY")) -> Summary as on-06/05/2026 | S5: =B5 -> Summary as on-06/05/2026 | AE5: =CONCATENATE("Summary as on-",TEXT(TODAY()-3,"dd/mm/yyyy")) -> Summary as on-05/05/2026
B6: Year | C6: Total realised | D6: DLD | E6: Receipts total | F6: Dues + Advance collection | G6: New sale receipts | H6: Other charges | I6: Est. Unidentified | J6: Advance collection | K6: Dues collection | L6: Actual unidentifed | S6: Year | T6: Total realised | U6: DLD | V6: Receipts total | W6: Dues + Advance collection | X6: New sale receipts | Y6: Other charges | Z6: Est. Unidentified | AA6: Advance collection | AB6: Dues collection | AC6: Actual unidentifed | AE6: Year | AF6: Total realised | AG6: DLD | AH6: Receipts total | AI6: Dues + Advance collection | AJ6: New sale receipts | AK6: Other charges | AL6: Est. Unidentified | AM6: Advance collection | AN6: Dues collection | AO6: Actual unidentifed
A7: 44196 | B7: 2020 & Before | C7: =SUM(D7:E7) -> 1.7716423e+09 | D7: 64288549 | E7: 1.7073538e+09 | F7: 1274263635 | G7: 431100953 | H7: 1989377 | I7: =C7-E7-D7 -> 0 | J7: 3.3403115e+08 | K7: 9.4023249e+08 | L7: =C7-E7-D7 -> 0 | N7: =_xlfn.CONCAT("Values as on ",TEXT(N2,"dd-mm-yyyy")) -> Values as on 06-05-2026 | S7: 2020 & Before | T7: =C7-AF7 -> 0 | U7: =D7-AG7 -> 0 | V7: =E7-AH7 -> 0 | W7: =F7-AI7 -> -322590 | X7: =G7-AJ7 -> 322593 | Y7: =H7-AK7 -> 0 | Z7: =I7-AL7 -> 0 | AA7: =J7-AM7 -> -98.78 | ... AC7: =L7-AO7 -> 0 | AE7: 2020 & Before | AF7: 1.7716423e+09 | AG7: 64288549 | AH7: 1.7073538e+09 | AI7: 1274586225 | AJ7: 430778360 | AK7: 1989377 | AL7: 0 | AM7: 3.3403124e+08 | AN7: 9.4055498e+08 | AO7: 0
A8: 44561 | B8: 2021 Total | C8: 1698298327 | D8: 130078450 | E8: 1.5664545e+09 | F8: 866125495 | G8: 699134658 | H8: 1194387 | I8: =C8-E8-D8 -> 1765331.1 | J8: 2.1768337e+08 | K8: 6.4844212e+08 | L8: =C8-E8-D8 -> 1765331.1 | N8: Sobha | O8: 2.309767e+08 | P8: 1.1685699e+09 | Q8: =P8-O8 -> 9.3759316e+08 | S8: 2021 Total | T8: =C8-AF8 -> 0 | U8: =D8-AG8 -> 0 | V8: =E8-AH8 -> 0 | W8: =F8-AI8 -> -276 | X8: =G8-AJ8 -> 277 | Y8: =H8-AK8 -> 0 | Z8: =I8-AL8 -> 0 | AA8: =J8-AM8 -> 2559.66 | ... AC8: =L8-AO8 -> 0 | AE8: 2021 Total | AF8: 1698298327 | AG8: 130078450 | AH8: 1.5664545e+09 | AI8: 866125771 | AJ8: 699134381 | AK8: 1194387 | AL8: 1765331.1 | AM8: 2.1768081e+08 | AN8: 6.4844496e+08 | AO8: 1765331.1
A9: =EOMONTH(A8,12) -> 44926 | B9: 2022 Total | C9: 4272715411 | D9: 407978084 | E9: 3.8596445e+09 | F9: 2498323296 | G9: 1357599331 | H9: 3722293 | I9: =C9-E9-D9 -> 5092824.3 | J9: 8.1500144e+08 | K9: 1.6833219e+09 | L9: =C9-E9-D9 -> 5092824.3 | N9: Siniya | O9: 28868668 | P9: 1.7880593e+08 | Q9: =P9-O9 -> 1.4993727e+08 | S9: 2022 Total | T9: =C9-AF9 -> 0 | U9: =D9-AG9 -> 0 | V9: =E9-AH9 -> 0 | W9: =F9-AI9 -> -13731 | X9: =G9-AJ9 -> 13756 | Y9: =H9-AK9 -> 0 | Z9: =I9-AL9 -> 0 | AA9: =J9-AM9 -> -11567.82 | ... AC9: =L9-AO9 -> 0 | AE9: 2022 Total | AF9: 4272715411 | AG9: 407978084 | AH9: 3.8596445e+09 | AI9: 2498337027 | AJ9: 1357585575 | AK9: 3722293 | AL9: 5092824.3 | AM9: 8.1501301e+08 | AN9: 1.683324e+09 | AO9: 5092824.3
A10: =EOMONTH(A9,12) -> 45291 | B10: 2023 Total | C10: 7825770561 | D10: 637652517 | E10: 7.1731795e+09 | F10: 4692684807 | G10: 2467593381 | H10: 12901651 | I10: =C10-E10-D10 -> 14938503 | J10: 9.6426387e+08 | K10: 3.7284209e+09 | L10: =C10-E10-D10 -> 14938503 | N10: Downtown UAQ | O10: 5891204 | P10: 20322591 | Q10: =P10-O10 -> 14431387 | S10: 2023 Total | T10: =C10-AF10 -> 0 | U10: =D10-AG10 -> 0 | V10: =E10-AH10 -> 0 | W10: =F10-AI10 -> -338716 | X10: =G10-AJ10 -> 338717 | Y10: =H10-AK10 -> 0 | Z10: =I10-AL10 -> 0 | AA10: =J10-AM10 -> -15880.52 | ... AC10: =L10-AO10 -> 0 | AE10: 2023 Total | AF10: 7825770561 | AG10: 637652517 | AH10: 7.1731795e+09 | AI10: 4693023523 | AJ10: 2467254664 | AK10: 12901651 | AL10: 14938503 | AM10: 9.6427975e+08 | AN10: 3.7287438e+09 | AO10: 14938503
A11: 45291 | B11: 2024 Total | C11: =SUM(C12:C23) -> 1.0895088e+10 | D11: =SUM(D12:D23) -> 637969023 | E11: =SUM(E12:E23) -> 1.0211958e+10 | F11: =SUM(F12:F23) -> 6977755871 | G11: =SUM(G12:G23) -> 3215483679 | H11: =SUM(H12:H23) -> 18719302 | I11: =SUM(I12:I23) -> 45160940 | J11: =SUM(J12:J23) -> 1.4516105e+09 | K11: =SUM(K12:K23) -> 5.5261453e+09 | L11: =C11-E11-D11 -> 45160940 | N11: Abu Dhabi | O11: 18449471 | P11: =SUM(P8:P10) -> 1.3676984e+09 | S11: 2024 Total | T11: =C11-AF11 -> 0 | U11: =D11-AG11 -> 0 | V11: =E11-AH11 -> 73152.56 | W11: =F11-AI11 -> 467386 | X11: =G11-AJ11 -> -394228 | Y11: =H11-AK11 -> 0 | Z11: =I11-AL11 -> -73152.56 | AA11: =J11-AM11 -> 357154.53 | ... AC11: =L11-AO11 -> -73152.56 | AE11: 2024 Total | AF11: 1.0895088e+10 | AG11: 637969023 | AH11: 1.0211885e+10 | AI11: 6977288485 | AJ11: 3215877907 | AK11: 18719302 | AL11: 45234092 | AM11: 1.4512534e+09 | AN11: 5.5260351e+09 | AO11: 45234092
A12: 45322 | B12: Jan'24 | C12: 7.876635e+08 | D12: 51330740 | E12: 7.3222493e+08 | F12: 518398287 | G12: 212004087 | H12: 1822587 | I12: =C12-E12-D12 -> 4107824.9 | J12: 1.2490968e+08 | K12: 3.9348861e+08 | L12: =C12-E12-D12 -> 4107824.9 | N12: Total | O12: =SUM(O8:O11) -> 2.8418604e+08 | S12: Jan'24 | T12: =C12-AF12 -> 0 | U12: =D12-AG12 -> 0 | V12: =E12-AH12 -> 0 | W12: =F12-AI12 -> -5 | X12: =G12-AJ12 -> 2 | Y12: =H12-AK12 -> 0 | Z12: =I12-AL12 -> 0 | AA12: =J12-AM12 -> -1617.13 | ... AC12: =L12-AO12 -> 0 | AE12: Jan'24 | AF12: 7.876635e+08 | AG12: 51330740 | AH12: 7.3222493e+08 | AI12: 518398292 | AJ12: 212004085 | AK12: 1822587 | AL12: 4107824.9 | AM12: 1.249113e+08 | AN12: 3.9348699e+08 | AO12: 4107824.9
A13: =EOMONTH(A12+1,0) -> 45351 | B13: Feb'24 | C13: 8.4275091e+08 | D13: 62367891 | E13: 7.7412302e+08 | F13: 532780998 | G13: 238989502 | H13: 2352539 | I13: =C13-E13-D13 -> 6259995.4 | J13: 1.1004926e+08 | K13: 4.2273174e+08 | L13: =C13-E13-D13 -> 6259995.4 | S13: Feb'24 | T13: =C13-AF13 -> 0 | U13: =D13-AG13 -> 0 | V13: =E13-AH13 -> 0 | W13: =F13-AI13 -> 4 | X13: =G13-AJ13 -> 0 | Y13: =H13-AK13 -> 0 | Z13: =I13-AL13 -> 0 | AA13: =J13-AM13 -> -54997.29 | ... AC13: =L13-AO13 -> 0 | AE13: Feb'24 | AF13: 8.4275091e+08 | AG13: 62367891 | AH13: 7.7412302e+08 | AI13: 532780994 | AJ13: 238989502 | AK13: 2352539 | AL13: 6259995.4 | AM13: 1.1010426e+08 | AN13: 4.2267674e+08 | AO13: 6259995.4
A14: =EOMONTH(A13+1,0) -> 45382 | B14: Mar'24 | C14: 9.1567892e+08 | D14: 63072708 | E14: 8.4811473e+08 | F14: 520422396 | G14: 325507505 | H14: 2184784 | I14: =C14-E14-D14 -> 4491482 | J14: 1.2028879e+08 | K14: 4.0013361e+08 | L14: =C14-E14-D14 -> 4491482 | S14: Mar'24 | T14: =C14-AF14 -> 0 | U14: =D14-AG14 -> 0 | V14: =E14-AH14 -> 0 | W14: =F14-AI14 -> -3 | X14: =G14-AJ14 -> 1 | Y14: =H14-AK14 -> 0 | Z14: =I14-AL14 -> 0 | AA14: =J14-AM14 -> -9821.85 | ... AC14: =L14-AO14 -> 0 | AE14: Mar'24 | AF14: 9.1567892e+08 | AG14: 63072708 | AH14: 8.4811473e+08 | AI14: 520422399 | AJ14: 325507504 | AK14: 2184784 | AL14: 4491482 | AM14: 1.2029861e+08 | AN14: 4.0012379e+08 | AO14: 4491482
A15: =EOMONTH(A14+1,0) -> 45412 | B15: Apr'24 | C15: 7.9590015e+08 | D15: 55989228 | E15: 7.3625981e+08 | F15: 487717181 | G15: 247240968 | H15: 1301619 | I15: =C15-E15-D15 -> 3651108.2 | J15: 82130973 | K15: 4.0558621e+08 | L15: =C15-E15-D15 -> 3651108.2 | S15: Apr'24 | T15: =C15-AF15 -> 0 | U15: =D15-AG15 -> 0 | V15: =E15-AH15 -> 0 | W15: =F15-AI15 -> 420471 | X15: =G15-AJ15 -> -420468 | Y15: =H15-AK15 -> 0 | Z15: =I15-AL15 -> 0 | AA15: =J15-AM15 -> 419815.93 | ... AC15: =L15-AO15 -> 0 | AE15: Apr'24 | AF15: 7.9590015e+08 | AG15: 55989228 | AH15: 7.3625981e+08 | AI15: 487296710 | AJ15: 247661436 | AK15: 1301619 | AL15: 3651108.2 | AM15: 81711157 | AN15: 4.0558555e+08 | AO15: 3651108.2
A16: =EOMONTH(A15+1,0) -> 45443 | B16: May'24 | C16: 8.942952e+08 | D16: 66293170 | E16: 8.2675483e+08 | F16: 580599202 | G16: 243818421 | H16: 2337246 | I16: =C16-E16-D16 -> 1247194.7 | J16: 1.2056465e+08 | K16: 4.6003455e+08 | L16: =C16-E16-D16 -> 1247194.7 | S16: May'24 | T16: =C16-AF16 -> 0 | U16: =D16-AG16 -> 0 | V16: =E16-AH16 -> 0 | W16: =F16-AI16 -> 2 | X16: =G16-AJ16 -> 0 | Y16: =H16-AK16 -> 0 | Z16: =I16-AL16 -> 0 | AA16: =J16-AM16 -> 12688.09 | ... AC16: =L16-AO16 -> 0 | AE16: May'24 | AF16: 8.942952e+08 | AG16: 66293170 | AH16: 8.2675483e+08 | AI16: 580599200 | AJ16: 243818421 | AK16: 2337246 | AL16: 1247194.7 | AM16: 1.2055196e+08 | AN16: 4.6004724e+08 | AO16: 1247194.7
A17: =EOMONTH(A16+1,0) -> 45473 | B17: Jun'24 | C17: 7.4129294e+08 | D17: 43018017 | E17: 6.9636041e+08 | F17: 502657372 | G17: 192285683 | H17: 1417459 | I17: =C17-E17-D17 -> 1914511.4 | J17: 80140512 | K17: 4.2251686e+08 | L17: =C17-E17-D17 -> 1914511.4 | S17: Jun'24 | T17: =C17-AF17 -> 0 | U17: =D17-AG17 -> 0 | V17: =E17-AH17 -> 0 | W17: =F17-AI17 -> -6 | X17: =G17-AJ17 -> 2 | Y17: =H17-AK17 -> 0 | Z17: =I17-AL17 -> 0 | AA17: =J17-AM17 -> -12002.21 | ... AC17: =L17-AO17 -> 0 | AE17: Jun'24 | AF17: 7.4129294e+08 | AG17: 43018017 | AH17: 6.9636041e+08 | AI17: 502657378 | AJ17: 192285681 | AK17: 1417459 | AL17: 1914511.4 | AM17: 80152514 | AN17: 4.2250486e+08 | AO17: 1914511.4
A18: =EOMONTH(A17+1,0) -> 45504 | B18: Jul'24 | C18: 8.1709479e+08 | D18: 48059793 | E18: 7.6690817e+08 | F18: 571037984 | G18: 194700434 | H18: 1169899 | I18: =C18-E18-D18 -> 2126827 | J18: 1.0617752e+08 | K18: 4.6486046e+08 | L18: =C18-E18-D18 -> 2126827 | S18: Jul'24 | T18: =C18-AF18 -> 0 | U18: =D18-AG18 -> 0 | V18: =E18-AH18 -> 0.35000002 | W18: =F18-AI18 -> 7 | X18: =G18-AJ18 -> -3 | Y18: =H18-AK18 -> 0 | Z18: =I18-AL18 -> -0.35000002 | AA18: =J18-AM18 -> 6.22 | ... AC18: =L18-AO18 -> -0.35000002 | AE18: Jul'24 | AF18: 8.1709479e+08 | AG18: 48059793 | AH18: 7.6690817e+08 | AI18: 571037977 | AJ18: 194700437 | AK18: 1169899 | AL18: 2126827.3 | AM18: 1.0617752e+08 | AN18: 4.6486046e+08 | AO18: 2126827.3
A19: =EOMONTH(A18+1,0) -> 45535 | B19: Aug'24 | C19: 8.7325706e+08 | D19: 45030725 | E19: 8.2334793e+08 | F19: 574432824 | G19: 247529835 | H19: 1385453 | I19: =C19-E19-D19 -> 4878399.6 | J19: 1.3452376e+08 | K19: 4.3990906e+08 | L19: =C19-E19-D19 -> 4878399.6 | S19: Aug'24 | T19: =C19-AF19 -> 0 | U19: =D19-AG19 -> 0 | V19: =E19-AH19 -> -0.039999962 | W19: =F19-AI19 -> 9 | X19: =G19-AJ19 -> -3 | Y19: =H19-AK19 -> 0 | Z19: =I19-AL19 -> 0.039999962 | AA19: =J19-AM19 -> -14591.8 | ... AC19: =L19-AO19 -> 0.039999962 | AE19: Aug'24 | AF19: 8.7325706e+08 | AG19: 45030725 | AH19: 8.2334793e+08 | AI19: 574432815 | AJ19: 247529838 | AK19: 1385453 | AL19: 4878399.5 | AM19: 1.3453836e+08 | AN19: 4.3989446e+08 | AO19: 4878399.5
A20: =EOMONTH(A19+1,0) -> 45565 | B20: Sep'24 | C20: 8.971543e+08 | D20: 45977307 | E20: 8.4999415e+08 | F20: 583889163 | G20: 265105888 | H20: 999285 | I20: =C20-E20-D20 -> 1182838.8 | J20: 1.1611706e+08 | K20: 4.677721e+08 | L20: =C20-E20-D20 -> 1182838.8 | S20: Sep'24 | T20: =C20-AF20 -> 0 | U20: =D20-AG20 -> 0 | V20: =E20-AH20 -> 0.92000008 | W20: =F20-AI20 -> 402 | X20: =G20-AJ20 -> -402 | Y20: =H20-AK20 -> 0 | Z20: =I20-AL20 -> -0.92000008 | AA20: =J20-AM20 -> -4599.59 | ... AC20: =L20-AO20 -> -0.92000008 | AE20: Sep'24 | AF20: 8.971543e+08 | AG20: 45977307 | AH20: 8.4999415e+08 | AI20: 583888761 | AJ20: 265106290 | AK20: 999285 | AL20: 1182839.7 | AM20: 1.1612166e+08 | AN20: 4.677671e+08 | AO20: 1182839.7
A21: =EOMONTH(A20+1,0) -> 45596 | B21: Oct'24 | C21: 1.1078732e+09 | D21: 43325977 | E21: 1.0573714e+09 | F21: 732948378 | G21: 323373274 | H21: 1049902 | I21: =C21-E21-D21 -> 7175855.9 | J21: 1.6419767e+08 | K21: 5.6875071e+08 | L21: =C21-E21-D21 -> 7175855.9 | S21: Oct'24 | T21: =C21-AF21 -> 0 | U21: =D21-AG21 -> 0 | V21: =E21-AH21 -> 1454.43 | W21: =F21-AI21 -> 1438 | X21: =G21-AJ21 -> 12 | Y21: =H21-AK21 -> 0 | Z21: =I21-AL21 -> -1454.43 | AA21: =J21-AM21 -> -2747.79 | ... AC21: =L21-AO21 -> -1454.43 | AE21: Oct'24 | AF21: 1.1078732e+09 | AG21: 43325977 | AH21: 1.0573699e+09 | AI21: 732946940 | AJ21: 323373262 | AK21: 1049902 | AL21: 7177310.3 | AM21: 1.6420042e+08 | AN21: 5.6874652e+08 | AO21: 7177310.3
A22: =EOMONTH(A21+1,0) -> 45626 | B22: Nov'24 | C22: 1.1290055e+09 | D22: 56642195 | E22: 1.0685267e+09 | F22: 703279277 | G22: 363909082 | H22: 1338503 | I22: =C22-E22-D22 -> 3836633.5 | J22: 1.4794022e+08 | K22: 5.5533906e+08 | L22: =C22-E22-D22 -> 3836633.5 | S22: Nov'24 | T22: =C22-AF22 -> 0 | U22: =D22-AG22 -> 0 | V22: =E22-AH22 -> 64722.32 | W22: =F22-AI22 -> 38082 | X22: =G22-AJ22 -> 26637 | Y22: =H22-AK22 -> 0 | Z22: =I22-AL22 -> -64722.32 | AA22: =J22-AM22 -> -3766.1 | ... AC22: =L22-AO22 -> -64722.32 | AE22: Nov'24 | AF22: 1.1290055e+09 | AG22: 56642195 | AH22: 1.068462e+09 | AI22: 703241195 | AJ22: 363882445 | AK22: 1338503 | AL22: 3901355.9 | AM22: 1.4794398e+08 | AN22: 5.5529721e+08 | AO22: 3901355.9
A23: =EOMONTH(A22+1,0) -> 45657 | B23: Dec'24 | C23: 1.0931212e+09 | D23: 56861272 | E23: 1.0319716e+09 | F23: 669592809 | G23: 361019000 | H23: 1360026 | I23: =C23-E23-D23 -> 4288268.5 | J23: 1.4457046e+08 | K23: 5.2502235e+08 | L23: =C23-E23-D23 -> 4288268.5 | S23: Dec'24 | T23: =C23-AF23 -> 0 | U23: =D23-AG23 -> 0 | V23: =E23-AH23 -> 6974.58 | W23: =F23-AI23 -> 6985 | X23: =G23-AJ23 -> -6 | Y23: =H23-AK23 -> 0 | Z23: =I23-AL23 -> -6974.58 | AA23: =J23-AM23 -> 28788.05 | ... AC23: =L23-AO23 -> -6974.58 | AE23: Dec'24 | AF23: 1.0931212e+09 | AG23: 56861272 | AH23: 1.0319646e+09 | AI23: 669585824 | AJ23: 361019006 | AK23: 1360026 | AL23: 4295243.1 | AM23: 1.4454167e+08 | AN23: 5.2504415e+08 | AO23: 4295243.1
A24: =A23 -> 45657 | B24: 2025 Total | C24: =SUM(C25:C36) -> 1.7685139e+10 | D24: =SUM(D25:D36) -> 813260419 | E24: =SUM(E25:E36) -> 1.674614e+10 | F24: =SUM(F25:F36) -> 12876250831 | G24: =SUM(G25:G36) -> 3821295883 | H24: =SUM(H25:H36) -> 48597532 | I24: =SUM(I25:I36) -> 1.2573875e+08 | J24: =SUM(J25:J36) -> 3.2678293e+09 | K24: =SUM(K25:K36) -> 9.6084215e+09 | L24: =C24-E24-D24 -> 1.2573875e+08 | S24: 2025 Total | T24: =C24-AF24 -> 0 | U24: =D24-AG24 -> -1000775 | V24: =E24-AH24 -> 1733084.8 | W24: =F24-AI24 -> 1844233 | X24: =G24-AJ24 -> -126049 | Y24: =H24-AK24 -> 14799 | Z24: =I24-AL24 -> -732309.78 | AA24: =J24-AM24 -> 1552775.3 | ... AC24: =L24-AO24 -> -732309.78 | AE24: 2025 Total | AF24: 1.7685139e+10 | AG24: 814261194 | AH24: 1.6744407e+10 | AI24: 12874406598 | AJ24: 3821421932 | AK24: 48582733 | AL24: 1.2647106e+08 | AM24: 3.2662765e+09 | AN24: 9.6081301e+09 | AO24: 1.2647106e+08
A25: =EOMONTH(A23+1,0) -> 45688 | B25: Jan'25 | C25: 1.1804646e+09 | D25: 65721792 | E25: 1.109371e+09 | F25: 767307303 | G25: 338848056 | H25: 3215774 | I25: =C25-E25-D25 -> 5371812 | J25: 1.6547692e+08 | K25: 6.0183038e+08 | L25: =C25-E25-D25 -> 5371812 | S25: Jan'25 | T25: =C25-AF25 -> 0 | U25: =D25-AG25 -> 0 | V25: =E25-AH25 -> 1.47 | W25: =F25-AI25 -> -996 | X25: =G25-AJ25 -> 991 | Y25: =H25-AK25 -> 0 | Z25: =I25-AL25 -> -1.47 | AA25: =J25-AM25 -> 29439.62 | ... AC25: =L25-AO25 -> -1.47 | AE25: Jan'25 | AF25: 1.1804646e+09 | AG25: 65721792 | AH25: 1.109371e+09 | AI25: 767308299 | AJ25: 338847065 | AK25: 3215774 | AL25: 5371813.5 | AM25: 1.6544748e+08 | AN25: 6.0186081e+08 | AO25: 5371813.5
A26: =EOMONTH(A25+1,0) -> 45716 | B26: Feb'25 | C26: 1.25877e+09 | D26: 64905273 | E26: 1.1895738e+09 | F26: 808162069 | G26: 378552326 | H26: 2859574 | I26: =C26-E26-D26 -> 4291001.3 | J26: 1.6239916e+08 | K26: 6.4576291e+08 | L26: =C26-E26-D26 -> 4291001.3 | S26: Feb'25 | T26: =C26-AF26 -> 0 | U26: =D26-AG26 -> 0 | V26: =E26-AH26 -> 2.0900002 | W26: =F26-AI26 -> -9 | X26: =G26-AJ26 -> 0 | Y26: =H26-AK26 -> 0 | Z26: =I26-AL26 -> -2.0900002 | AA26: =J26-AM26 -> -39763.92 | ... AC26: =L26-AO26 -> -2.0900002 | AE26: Feb'25 | AF26: 1.25877e+09 | AG26: 64905273 | AH26: 1.1895738e+09 | AI26: 808162078 | AJ26: 378552326 | AK26: 2859574 | AL26: 4291003.4 | AM26: 1.6243892e+08 | AN26: 6.4572315e+08 | AO26: 4291003.4
A27: =EOMONTH(A26+1,0) -> 45747 | B27: Mar'25 | C27: =C68+C110 -> 1.3230797e+09 | D27: 69441622 | E27: 1.2424912e+09 | F27: 859123980 | G27: 380926920 | H27: 2440561 | I27: =C27-E27-D27 -> 11146795 | J27: 1.8601571e+08 | K27: 6.7310827e+08 | L27: =C27-E27-D27 -> 11146795 | S27: Mar'25 | T27: =C27-AF27 -> 0 | U27: =D27-AG27 -> 0 | V27: =E27-AH27 -> 1.22 | W27: =F27-AI27 -> -9795 | X27: =G27-AJ27 -> -7 | Y27: =H27-AK27 -> 9799 | Z27: =I27-AL27 -> -1.22 | AA27: =J27-AM27 -> -10802.19 | ... AC27: =L27-AO27 -> -1.22 | AE27: Mar'25 | AF27: 1.3230797e+09 | AG27: 69441622 | AH27: 1.2424912e+09 | AI27: 859133775 | AJ27: 380926927 | AK27: 2430762 | AL27: 11146796 | AM27: 1.8602652e+08 | AN27: 6.7310726e+08 | AO27: 11146796
A28: =EOMONTH(A27+1,0) -> 45777 | B28: Apr'25 | C28: =C69+C111+C152 -> 1.598189e+09 | D28: 79954589 | E28: 1.5102089e+09 | F28: 1140645654 | G28: 367121996 | H28: 2441637 | I28: =C28-E28-D28 -> 8025487.7 | J28: 2.6626716e+08 | K28: 8.7437849e+08 | L28: =C28-E28-D28 -> 8025487.7 | S28: Apr'25 | T28: =C28-AF28 -> 0 | U28: =D28-AG28 -> 0 | V28: =E28-AH28 -> 1.8500001 | W28: =F28-AI28 -> -5 | X28: =G28-AJ28 -> 0 | Y28: =H28-AK28 -> 0 | Z28: =I28-AL28 -> -1.8500001 | AA28: =J28-AM28 -> 38394.32 | ... AC28: =L28-AO28 -> -1.8500001 | AE28: Apr'25 | AF28: 1.598189e+09 | AG28: 79954589 | AH28: 1.5102089e+09 | AI28: 1140645659 | AJ28: 367121996 | AK28: 2441637 | AL28: 8025489.5 | AM28: 2.6622877e+08 | AN28: 8.7441689e+08 | AO28: 8025489.5
A29: =EOMONTH(A28+1,0) -> 45808 | B29: May'25 | C29: 1.9444494e+09 | D29: 79033925 | E29: 1.8609266e+09 | F29: 1370943432 | G29: 485635021 | H29: 4348425 | I29: =C29-E29-D29 -> 4488866.6 | J29: 3.3099024e+08 | K29: 1.0399532e+09 | L29: =C29-E29-D29 -> 4488866.6 | S29: May'25 | T29: =C29-AF29 -> 0 | U29: =D29-AG29 -> 0 | V29: =E29-AH29 -> 1003.25 | W29: =F29-AI29 -> 98994 | X29: =G29-AJ29 -> -99008 | Y29: =H29-AK29 -> 1000 | Z29: =I29-AL29 -> -1003.25 | AA29: =J29-AM29 -> 7938.8 | ... AC29: =L29-AO29 -> -1003.25 | AE29: May'25 | AF29: 1.9444494e+09 | AG29: 79033925 | AH29: 1.8609256e+09 | AI29: 1370844438 | AJ29: 485734029 | AK29: 4347425 | AL29: 4489869.8 | AM29: 3.3098231e+08 | AN29: 1.0398621e+09 | AO29: 4489869.8
A30: =EOMONTH(A29+1,0) -> 45838 | B30: Jun'25 | C30: 1.4722783e+09 | D30: 68830274 | E30: 1.400346e+09 | F30: 1099329815 | G30: 296353229 | H30: 4663369 | I30: =C30-E30-D30 -> 3102040.6 | J30: 2.6016832e+08 | K30: 8.391615e+08 | L30: =C30-E30-D30 -> 3102040.6 | S30: Jun'25 | T30: =C30-AF30 -> 0 | U30: =D30-AG30 -> 0 | V30: =E30-AH30 -> 3.0999997 | W30: =F30-AI30 -> -7 | X30: =G30-AJ30 -> 0 | Y30: =H30-AK30 -> 0 | Z30: =I30-AL30 -> -3.0999997 | AA30: =J30-AM30 -> 38481.14 | ... AC30: =L30-AO30 -> -3.0999997 | AE30: Jun'25 | AF30: 1.4722783e+09 | AG30: 68830274 | AH30: 1.400346e+09 | AI30: 1099329822 | AJ30: 296353229 | AK30: 4663369 | AL30: 3102043.7 | AM30: 2.6012984e+08 | AN30: 8.3919999e+08 | AO30: 3102043.7
A31: =EOMONTH(A30+1,0) -> 45869 | B31: Jul'25 | C31: 1.6257204e+09 | D31: 70900193 | E31: 1.5474905e+09 | F31: 1274543105 | G31: 262770133 | H31: 10177651 | I31: =C31-E31-D31 -> 7329688.9 | J31: 2.7430239e+08 | K31: 1.0002407e+09 | L31: =C31-E31-D31 -> 7329688.9 | S31: Jul'25 | T31: =C31-AF31 -> 0 | U31: =D31-AG31 -> 0 | V31: =E31-AH31 -> 1.9400001 | W31: =F31-AI31 -> -11 | X31: =G31-AJ31 -> 2 | Y31: =H31-AK31 -> 0 | Z31: =I31-AL31 -> -1.9400001 | AA31: =J31-AM31 -> 5055.33 | ... AC31: =L31-AO31 -> -1.9400001 | AE31: Jul'25 | AF31: 1.6257204e+09 | AG31: 70900193 | AH31: 1.5474905e+09 | AI31: 1274543116 | AJ31: 262770131 | AK31: 10177651 | AL31: 7329690.8 | AM31: 2.7429733e+08 | AN31: 1.0002458e+09 | AO31: 7329690.8
A32: =EOMONTH(A31+1,0) -> 45900 | B32: Aug'25 | C32: 1.4063328e+09 | D32: 61803640 | E32: 1.3332144e+09 | F32: 1102695131 | G32: 224969722 | H32: 5549969 | I32: =C32-E32-D32 -> 11314744 | J32: 3.1959171e+08 | K32: 7.8310343e+08 | L32: =C32-E32-D32 -> 11314744 | S32: Aug'25 | T32: =C32-AF32 -> 0 | U32: =D32-AG32 -> 0 | V32: =E32-AH32 -> 1.4799998 | W32: =F32-AI32 -> -2994 | X32: =G32-AJ32 -> -3 | Y32: =H32-AK32 -> 3000 | Z32: =I32-AL32 -> -1.4799998 | AA32: =J32-AM32 -> 32805.41 | ... AC32: =L32-AO32 -> -1.4799998 | AE32: Aug'25 | AF32: 1.4063328e+09 | AG32: 61803640 | AH32: 1.3332144e+09 | AI32: 1102698125 | AJ32: 224969725 | AK32: 5546969 | AL32: 11314746 | AM32: 3.195589e+08 | AN32: 7.8313922e+08 | AO32: 11314746
A33: =EOMONTH(A32+1,0) -> 45930 | B33: Sep'25 | C33: 1.4324796e+09 | D33: 67497164 | E33: 1.3531684e+09 | F33: 1061165347 | G33: 288019909 | H33: 3983562 | I33: =C33-E33-D33 -> 11814090 | J33: 2.6492628e+08 | K33: 7.9623907e+08 | L33: =C33-E33-D33 -> 11814090 | S33: Sep'25 | T33: =C33-AF33 -> 0 | U33: =D33-AG33 -> 0 | V33: =E33-AH33 -> 149973.68 | W33: =F33-AI33 -> 175258 | X33: =G33-AJ33 -> -25299 | Y33: =H33-AK33 -> 0 | Z33: =I33-AL33 -> -149973.68 | AA33: =J33-AM33 -> 41001.56 | ... AC33: =L33-AO33 -> -149973.68 | AE33: Sep'25 | AF33: 1.4324796e+09 | AG33: 67497164 | AH33: 1.3530184e+09 | AI33: 1060990089 | AJ33: 288045208 | AK33: 3983562 | AL33: 11964063 | AM33: 2.6488528e+08 | AN33: 7.9610481e+08 | AO33: 11964063
A34: =EOMONTH(A33+1,0) -> 45961 | B34: Oct'25 | C34: 1.5956937e+09 | D34: 67826211 | E34: 1.5148785e+09 | F34: 1230466877 | G34: 280841968 | H34: 3570199 | I34: =C34-E34-D34 -> 12988960 | J34: 3.3412961e+08 | K34: 8.9633726e+08 | L34: =C34-E34-D34 -> 12988960 | S34: Oct'25 | T34: =C34-AF34 -> 0 | U34: =D34-AG34 -> 0 | V34: =E34-AH34 -> 577315.9 | W34: =F34-AI34 -> 580017 | X34: =G34-AJ34 -> -2708 | Y34: =H34-AK34 -> 0 | Z34: =I34-AL34 -> -577315.9 | AA34: =J34-AM34 -> 451783.46 | ... AC34: =L34-AO34 -> -577315.9 | AE34: Oct'25 | AF34: 1.5956937e+09 | AG34: 67826211 | AH34: 1.5143012e+09 | AI34: 1229886860 | AJ34: 280844676 | AK34: 3570199 | AL34: 13566275 | AM34: 3.3367783e+08 | AN34: 8.9620903e+08 | AO34: 13566275
A35: =EOMONTH(A34+1,0) -> 45991 | B35: Nov'25 | C35: 1.3620788e+09 | D35: 52464720 | E35: 1.2916248e+09 | F35: 1053588885 | G35: 235254193 | H35: 2782147 | I35: =C35-E35-D35 -> 17989306 | J35: 2.9433599e+08 | K35: 7.5925289e+08 | L35: =C35-E35-D35 -> 17989306 | S35: Nov'25 | T35: =C35-AF35 -> 0 | U35: =D35-AG35 -> 0 | V35: =E35-AH35 -> 4001.1 | W35: =F35-AI35 -> 3004 | X35: =G35-AJ35 -> -12 | Y35: =H35-AK35 -> 1000 | Z35: =I35-AL35 -> -4001.1 | AA35: =J35-AM35 -> -97018.91 | ... AC35: =L35-AO35 -> -4001.1 | AE35: Nov'25 | AF35: 1.3620788e+09 | AG35: 52464720 | AH35: 1.2916208e+09 | AI35: 1053585881 | AJ35: 235254205 | AK35: 2781147 | AL35: 17993307 | AM35: 2.9443301e+08 | AN35: 7.5915287e+08 | AO35: 17993307
A36: =EOMONTH(A35+1,0) -> 46022 | B36: Dec'25 | C36: 1.4856029e+09 | D36: 64881016 | E36: 1.3928459e+09 | F36: 1108279233 | G36: 282002410 | H36: 2564664 | I36: =C36-E36-D36 -> 27875958 | J36: 4.0922581e+08 | K36: 6.9905342e+08 | L36: =C36-E36-D36 -> 27875958 | S36: Dec'25 | T36: =C36-AF36 -> 0 | U36: =D36-AG36 -> -1000775 | V36: =E36-AH36 -> 1000777.7 | W36: =F36-AI36 -> 1000777 | X36: =G36-AJ36 -> -5 | Y36: =H36-AK36 -> 0 | Z36: =I36-AL36 -> -2.7 | AA36: =J36-AM36 -> 1055460.6 | ... AC36: =L36-AO36 -> -2.7 | AE36: Dec'25 | AF36: 1.4856029e+09 | AG36: 65881791 | AH36: 1.3918451e+09 | AI36: 1107278456 | AJ36: 282002415 | AK36: 2564664 | AL36: 27875960 | AM36: 4.0817035e+08 | AN36: 6.9910811e+08 | AO36: 27875960
A37: =A36 -> 46022 | B37: 2026 Total | C37: =SUM(C38:C42) -> 5.1596519e+09 | D37: =SUM(D38:D42) -> 166812996 | E37: =SUM(E38:E42) -> 4.7048011e+09 | F37: =SUM(F38:F42) -> 3989466475 | G37: =SUM(G38:G42) -> 702267049 | H37: =SUM(H38:H42) -> 13069540 | I37: =SUM(I38:I42) -> 2.8803779e+08 | J37: =SUM(J38:J42) -> 1.1045567e+09 | ... L37: =SUM(L38:L42) -> 2.8803779e+08 | S37: 2026 Total | T37: =C37-AF37 -> 65971850 | U37: =D37-AG37 -> 1184486 | V37: =E37-AH37 -> 69233281 | W37: =F37-AI37 -> 63773400 | X37: =G37-AJ37 -> 5214699 | Y37: =H37-AK37 -> 245177 | Z37: =I37-AL37 -> -4445916.8 | AA37: =J37-AM37 -> 14611150 | ... AC37: =L37-AO37 -> -4445916.8 | AE37: 2026 Total | AF37: 5.09368e+09 | AG37: 165628510 | AH37: 4.6355678e+09 | AI37: 3925693075 | AJ37: 697052350 | AK37: 12824363 | AL37: 2.924837e+08 | AM37: 1.0899456e+09 | AN37: 2.8357475e+09 | AO37: 2.924837e+08
A38: =EOMONTH(A36+1,0) -> 46053 | B38: Jan'26 | C38: 1.4004564e+09 | D38: 60584218 | E38: 1.3173643e+09 | F38: 1083565209 | G38: 231454801 | H38: 2344798 | I38: =C38-E38-D38 -> 22507886 | J38: 3.0048129e+08 | K38: 7.8308392e+08 | L38: =C38-E38-D38 -> 22507886 | S38: Jan'26 | T38: =C38-AF38 -> 0 | U38: =D38-AG38 -> 0 | V38: =E38-AH38 -> 14000.96 | W38: =F38-AI38 -> 11990 | X38: =G38-AJ38 -> -3 | Y38: =H38-AK38 -> 2000 | Z38: =I38-AL38 -> -14000.96 | AA38: =J38-AM38 -> 32506.33 | ... AC38: =L38-AO38 -> -14000.96 | AE38: Jan'26 | AF38: 1.4004564e+09 | AG38: 60584218 | AH38: 1.3173503e+09 | AI38: 1083553219 | AJ38: 231454804 | AK38: 2342798 | AL38: 22521887 | AM38: 3.0044879e+08 | AN38: 7.8310443e+08 | AO38: 22521887
A39: =EOMONTH(A38+1,0) -> 46081 | B39: Feb'26 | C39: 1322812098 | D39: 58065532 | E39: 1.2443408e+09 | F39: 990560081 | G39: 251180015 | H39: 2601244 | I39: =C39-E39-D39 -> 20405766 | J39: 3.1116158e+08 | K39: 6.793985e+08 | L39: =C39-E39-D39 -> 20405766 | S39: Feb'26 | T39: =C39-AF39 -> 0 | U39: =D39-AG39 -> 0 | V39: =E39-AH39 -> 744666.87 | W39: =F39-AI39 -> 746632 | X39: =G39-AJ39 -> -1969 | Y39: =H39-AK39 -> 0 | Z39: =I39-AL39 -> -744666.87 | AA39: =J39-AM39 -> 346078.32 | ... AC39: =L39-AO39 -> -744666.87 | AE39: Feb'26 | AF39: 1322812098 | AG39: 58065532 | AH39: 1.2435961e+09 | AI39: 989813449 | AJ39: 251181984 | AK39: 2601244 | AL39: 21150433 | AM39: 3.108155e+08 | AN39: 6.7899795e+08 | AO39: 21150433
A40: =EOMONTH(A39+1,0) -> 46112 | B40: Mar'26 | C40: 9.2781305e+08 | D40: 25635088 | E40: 8.6900522e+08 | F40: 794213519 | G40: 73284054 | H40: 1508149 | I40: =C40-E40-D40 -> 33172743 | J40: 1.9859364e+08 | K40: 5.9561987e+08 | L40: =C40-E40-D40 -> 33172743 | S40: Mar'26 | T40: =C40-AF40 -> 0 | U40: =D40-AG40 -> 351 | V40: =E40-AH40 -> 195085.05 | W40: =F40-AI40 -> 172040 | X40: =G40-AJ40 -> -4 | Y40: =H40-AK40 -> 23045 | Z40: =I40-AL40 -> -195436.05 | AA40: =J40-AM40 -> 214903.6 | ... AC40: =L40-AO40 -> -195436.05 | AE40: Mar'26 | AF40: 9.2781305e+08 | AG40: 25634737 | AH40: 8.6881013e+08 | AI40: 794041479 | AJ40: 73284058 | AK40: 1485104 | AL40: 33368179 | AM40: 1.9837874e+08 | AN40: 5.9566274e+08 | AO40: 33368179
A41: =EOMONTH(A40+1,0) -> 46142 | B41: Apr'26 | C41: 1.2243842e+09 | D41: 18094134 | E41: 1.0832332e+09 | F41: 953782470 | G41: 123532317 | H41: 5918824 | I41: =C41-E41-D41 -> 1.2305691e+08 | J41: 2.5390946e+08 | K41: 6.9987301e+08 | L41: =C41-E41-D41 -> 1.2305691e+08 | S41: Apr'26 | T41: =C41-AF41 -> 0 | U41: =D41-AG41 -> 82184 | V41: =E41-AH41 -> 10763976 | W41: =F41-AI41 -> 8819968 | X41: =G41-AJ41 -> 1811847 | Y41: =H41-AK41 -> 132165 | Z41: =I41-AL41 -> -10846160 | AA41: =J41-AM41 -> 883429.34 | ... AC41: =L41-AO41 -> -10846160 | AE41: Apr'26 | AF41: 1.2243842e+09 | AG41: 18011950 | AH41: 1.0724692e+09 | AI41: 944962502 | AJ41: 121720470 | AK41: 5786659 | AL41: 1.3390307e+08 | AM41: 2.5302603e+08 | AN41: 6.9193647e+08 | AO41: 1.3390307e+08
A42: =EOMONTH(A41+1,0) -> 46173 | B42: May'26 | C42: =O12 -> 2.8418604e+08 | D42: 4434024 | E42: 1.9085753e+08 | F42: 167345196 | G42: 22815862 | H42: 696525 | I42: =C42-E42-D42 -> 88894482 | J42: 40410757 | K42: 1.2693444e+08 | L42: =C42-E42-D42 -> 88894482 | S42: May'26 | T42: =C42-AF42 -> 65971850 | U42: =D42-AG42 -> 1101951 | V42: =E42-AH42 -> 57515552 | W42: =F42-AI42 -> 54022770 | X42: =G42-AJ42 -> 3404828 | Y42: =H42-AK42 -> 87967 | Z42: =I42-AL42 -> 7354346.9 | AA42: =J42-AM42 -> 13134233 | ... AC42: =L42-AO42 -> 7354346.9 | AE42: May'26 | AF42: 2.1821419e+08 | AG42: 3332073 | AH42: 1.3334198e+08 | AI42: 113322426 | AJ42: 19411034 | AK42: 608558 | AL42: 81540135 | AM42: 27276524 | AN42: 86045901 | AO42: 81540135
B43: Grand Total | C43: =SUM(C7:C11)+C24+C37 -> 4.9308305e+10 | D43: =SUM(D7:D11)+D24+D37 -> 2858040038 | E43: =SUM(E7:E11)+E24+E37 -> 4.5969531e+10 | F43: =SUM(F7:F11)+F24+F37 -> 33174870410 | G43: =SUM(G7:G11)+G24+G37 -> 12694474934 | H43: =SUM(H7:H11)+H24+H37 -> 100194082 | I43: =SUM(I7:I11)+I24+I37 -> 4.8073414e+08 | J43: =SUM(J7:J11)+J24+J37 -> 8.1549764e+09 | K43: =SUM(K7:K11)+K24+K37 -> 2.5019894e+10 | L43: =C43-E43-D43 -> 4.8073414e+08 | S43: Grand Total | T43: =C43-AF43 -> 65971850 | U43: =D43-AG43 -> 183711 | V43: =E43-AH43 -> 71039518 | W43: =F43-AI43 -> 65409706 | X43: =G43-AJ43 -> 5369765 | Y43: =H43-AK43 -> 259976 | Z43: =I43-AL43 -> -5251379.1 | AA43: =J43-AM43 -> 16496093 | ... AC43: =L43-AO43 -> -5251379.1 | AE43: Grand Total | AF43: 4.9242334e+10 | AG43: 2857856327 | AH43: 4.5898492e+10 | AI43: 33109460704 | AJ43: 12689105169 | AK43: 99934106 | AL43: 4.8598552e+08 | AM43: 8.1384803e+09 | AN43: 2.497098e+10 | AO43: 4.8598552e+08
B46: =_xlfn.CONCAT("Sobha Summary as on-",TEXT(N2,"DD/MM/YYYY")) -> Sobha Summary as on-06/05/2026 | S46: =B46 -> Sobha Summary as on-06/05/2026 | AE46: =CONCATENATE("Sobha Summary as on-",TEXT(TODAY()-3,"dd/mm/yyyy")) -> Sobha Summary as on-05/05/2026
B47: Year | C47: Total realised | D47: DLD | E47: Receipts total | F47: Dues + Advance collection | G47: New sale receipts | H47: Other charges | I47: Est. Unidentified | J47: Sobha advance | K47: Sobha dues | L47: Actual unidentifed | S47: Year | T47: Total realised | U47: DLD | V47: Receipts total | W47: Dues + Advance collection | X47: New sale receipts | Y47: Other charges | Z47: Est. Unidentified | AA47: Sobha advance | AB47: Sobha dues | AC47: Actual unidentifed | AE47: Year | AF47: Total realised | AG47: DLD | AH47: Receipts total | AI47: Dues + Advance collection | AJ47: New sale receipts | AK47: Other charges | AL47: Est. Unidentified | AM47: Sobha advance | AN47: Sobha dues | AO47: Actual unidentifed
A48: 44196 | B48: 2020 & Before | C48: =C7-C90 -> 1.7716423e+09 | D48: 64288549 | E48: 1.7073538e+09 | F48: 1274263635 | G48: 431100953 | H48: 0 | I48: =C48-E48-D48 -> 0 | J48: 3.3403115e+08 | K48: 9.4023249e+08 | L48: =C48-E48-D48 -> 0 | S48: 2020 & Before | T48: =C48-AF48 -> 0 | U48: =D48-AG48 -> 0 | V48: =E48-AH48 -> 0 | W48: =F48-AI48 -> -322590 | X48: =G48-AJ48 -> 322593 | Y48: =H48-AK48 -> 0 | Z48: =I48-AL48 -> 0 | AA48: =J48-AM48 -> -98.78 | ... AC48: =L48-AO48 -> 0 | AE48: 2020 & Before | AF48: 1.7716423e+09 | AG48: 64288549 | AH48: 1.7073538e+09 | AI48: 1274586225 | AJ48: 430778360 | AK48: 0 | AL48: 0 | AM48: 3.3403124e+08 | AN48: 9.4055498e+08 | AO48: 0
A49: 44561 | B49: 2021 Total | C49: =C8-C91 -> 1698298327 | D49: 130078450 | E49: 1.5664545e+09 | F49: 866125495 | G49: 699134658 | H49: 1194387 | I49: =C49-E49-D49 -> 1765331.1 | J49: 2.1768337e+08 | K49: 6.4844212e+08 | L49: =C49-E49-D49 -> 1765331.1 | S49: 2021 Total | T49: =C49-AF49 -> 0 | U49: =D49-AG49 -> 0 | V49: =E49-AH49 -> 0 | W49: =F49-AI49 -> -276 | X49: =G49-AJ49 -> 277 | Y49: =H49-AK49 -> 0 | Z49: =I49-AL49 -> 0 | AA49: =J49-AM49 -> 2559.66 | ... AC49: =L49-AO49 -> 0 | AE49: 2021 Total | AF49: 1698298327 | AG49: 130078450 | AH49: 1.5664545e+09 | AI49: 866125771 | AJ49: 699134381 | AK49: 1194387 | AL49: 1765331.1 | AM49: 2.1768081e+08 | AN49: 6.4844496e+08 | AO49: 1765331.1
A50: =EOMONTH(A49,12) -> 44926 | B50: 2022 Total | C50: =C9-C92 -> 4272715411 | D50: 407978084 | E50: 3.8596445e+09 | F50: 2498323296 | G50: 1357599331 | H50: 3722293 | I50: =C50-E50-D50 -> 5092824.3 | J50: 8.1500144e+08 | K50: 1.6833219e+09 | L50: =C50-E50-D50 -> 5092824.3 | S50: 2022 Total | T50: =C50-AF50 -> 0 | U50: =D50-AG50 -> 0 | V50: =E50-AH50 -> 0 | W50: =F50-AI50 -> -13731 | X50: =G50-AJ50 -> 13756 | Y50: =H50-AK50 -> 0 | Z50: =I50-AL50 -> 0 | AA50: =J50-AM50 -> -11567.82 | ... AC50: =L50-AO50 -> 0 | AE50: 2022 Total | AF50: 4272715411 | AG50: 407978084 | AH50: 3.8596445e+09 | AI50: 2498337027 | AJ50: 1357585575 | AK50: 3722293 | AL50: 5092824.3 | AM50: 8.1501301e+08 | AN50: 1.683324e+09 | AO50: 5092824.3
A51: =EOMONTH(A50,12) -> 45291 | B51: 2023 Total | C51: =C10-C93 -> 7825770561 | D51: 637652517 | E51: 7.1731795e+09 | F51: 4692684807 | G51: 2467593381 | H51: 12901651 | I51: =C51-E51-D51 -> 14938503 | J51: 9.6426387e+08 | K51: 3.7284209e+09 | L51: =C51-E51-D51 -> 14938503 | S51: 2023 Total | T51: =C51-AF51 -> 0 | U51: =D51-AG51 -> 0 | V51: =E51-AH51 -> 0 | W51: =F51-AI51 -> -338716 | X51: =G51-AJ51 -> 338717 | Y51: =H51-AK51 -> 0 | Z51: =I51-AL51 -> 0 | AA51: =J51-AM51 -> -15880.52 | ... AC51: =L51-AO51 -> 0 | AE51: 2023 Total | AF51: 7825770561 | AG51: 637652517 | AH51: 7.1731795e+09 | AI51: 4693023523 | AJ51: 2467254664 | AK51: 12901651 | AL51: 14938503 | AM51: 9.6427975e+08 | AN51: 3.7287438e+09 | AO51: 14938503
A52: 45291 | B52: 2024 Total | C52: =C11-C94 -> 1.0211222e+10 | D52: =SUM(D53:D64) -> 637969011 | E52: =SUM(E53:E64) -> 9.521961e+09 | F52: =SUM(F53:F64) -> 6854053368 | G52: =SUM(G53:G64) -> 2649214564 | H52: =SUM(H53:H64) -> 18694311 | I52: =SUM(I53:I64) -> 43331494 | J52: =SUM(J53:J64) -> 1.4177015e+09 | K52: =SUM(K53:K64) -> 5.4363518e+09 | L52: =C52-E52-D52 -> 51291781 | S52: 2024 Total | T52: =C52-AF52 -> 0 | U52: =D52-AG52 -> 0 | V52: =E52-AH52 -> 55677.37 | W52: =F52-AI52 -> 449934 | X52: =G52-AJ52 -> -394244 | Y52: =H52-AK52 -> 0 | Z52: =I52-AL52 -> -55679.44 | AA52: =J52-AM52 -> 357170.19 | ... AC52: =L52-AO52 -> -55677.37 | AE52: 2024 Total | AF52: 1.0211222e+10 | AG52: 637969011 | AH52: 9.5219054e+09 | AI52: 6853603434 | AJ52: 2649608808 | AK52: 18694311 | AL52: 43387173 | AM52: 1.4173444e+09 | AN52: 5.4362591e+09 | AO52: 51347458
A53: 45322 | B53: Jan'24 | C53: =C12-C95 -> 7.876635e+08 | D53: 51330740 | E53: 7.3222493e+08 | F53: 518398287 | G53: 212004087 | H53: 1822587 | I53: =(C53-E53-D53)+IF(L95<0,L95,0)+IF(L136<0,L136,0) -> 4107824.9 | J53: 1.2490968e+08 | K53: 3.9348861e+08 | L53: =C53-E53-D53 -> 4107824.9 | S53: Jan'24 | T53: =C53-AF53 -> 0 | U53: =D53-AG53 -> 0 | V53: =E53-AH53 -> 0 | W53: =F53-AI53 -> -5 | X53: =G53-AJ53 -> 2 | Y53: =H53-AK53 -> 0 | Z53: =I53-AL53 -> 0 | AA53: =J53-AM53 -> -1617.13 | ... AC53: =L53-AO53 -> 0 | AE53: Jan'24 | AF53: 7.876635e+08 | AG53: 51330740 | AH53: 7.3222493e+08 | AI53: 518398292 | AJ53: 212004085 | AK53: 1822587 | AL53: 4107824.9 | AM53: 1.249113e+08 | AN53: 3.9348699e+08 | AO53: 4107824.9
A54: =EOMONTH(A53+1,0) -> 45351 | B54: Feb'24 | C54: =C13-C96 -> 8.4275091e+08 | D54: 62367891 | E54: 7.7412302e+08 | F54: 532780998 | G54: 238989502 | H54: 2352539 | I54: =(C54-E54-D54)+IF(L96<0,L96,0)+IF(L137<0,L137,0) -> 6259995.4 | J54: 1.1004926e+08 | K54: 4.2273174e+08 | L54: =C54-E54-D54 -> 6259995.4 | S54: Feb'24 | T54: =C54-AF54 -> 0 | U54: =D54-AG54 -> 0 | V54: =E54-AH54 -> 0 | W54: =F54-AI54 -> 4 | X54: =G54-AJ54 -> 0 | Y54: =H54-AK54 -> 0 | Z54: =I54-AL54 -> 0 | AA54: =J54-AM54 -> -54997.29 | ... AC54: =L54-AO54 -> 0 | AE54: Feb'24 | AF54: 8.4275091e+08 | AG54: 62367891 | AH54: 7.7412302e+08 | AI54: 532780994 | AJ54: 238989502 | AK54: 2352539 | AL54: 6259995.4 | AM54: 1.1010426e+08 | AN54: 4.2267674e+08 | AO54: 6259995.4
A55: =EOMONTH(A54+1,0) -> 45382 | B55: Mar'24 | C55: =C14-C97 -> 9.1567892e+08 | D55: 63072708 | E55: 8.4802714e+08 | F55: 520422396 | G55: 325419909 | H55: 2184784 | I55: =(C55-E55-D55)+IF(L97<0,L97,0)+IF(L138<0,L138,0) -> 4491482 | J55: 1.2028879e+08 | K55: 4.0013361e+08 | L55: =C55-E55-D55 -> 4579078 | S55: Mar'24 | T55: =C55-AF55 -> 0 | U55: =D55-AG55 -> 0 | V55: =E55-AH55 -> 0 | W55: =F55-AI55 -> -3 | X55: =G55-AJ55 -> 1 | Y55: =H55-AK55 -> 0 | Z55: =I55-AL55 -> 0 | AA55: =J55-AM55 -> -9821.85 | ... AC55: =L55-AO55 -> 0 | AE55: Mar'24 | AF55: 9.1567892e+08 | AG55: 63072708 | AH55: 8.4802714e+08 | AI55: 520422399 | AJ55: 325419908 | AK55: 2184784 | AL55: 4491482 | AM55: 1.2029861e+08 | AN55: 4.0012379e+08 | AO55: 4579078
A56: =EOMONTH(A55+1,0) -> 45412 | B56: Apr'24 | C56: =C15-C98 -> 7.9590015e+08 | D56: 55989228 | E56: 7.3625981e+08 | F56: 487717181 | G56: 247240968 | H56: 1301619 | I56: =(C56-E56-D56)+IF(L98<0,L98,0)+IF(L139<0,L139,0) -> 3651108.2 | J56: 82130973 | K56: 4.0558621e+08 | L56: =C56-E56-D56 -> 3651108.2 | S56: Apr'24 | T56: =C56-AF56 -> 0 | U56: =D56-AG56 -> 0 | V56: =E56-AH56 -> 0 | W56: =F56-AI56 -> 420471 | X56: =G56-AJ56 -> -420468 | Y56: =H56-AK56 -> 0 | Z56: =I56-AL56 -> 0 | AA56: =J56-AM56 -> 419815.93 | ... AC56: =L56-AO56 -> 0 | AE56: Apr'24 | AF56: 7.9590015e+08 | AG56: 55989228 | AH56: 7.3625981e+08 | AI56: 487296710 | AJ56: 247661436 | AK56: 1301619 | AL56: 3651108.2 | AM56: 81711157 | AN56: 4.0558555e+08 | AO56: 3651108.2
A57: =EOMONTH(A56+1,0) -> 45443 | B57: May'24 | C57: =C16-C99 -> 8.942952e+08 | D57: 66293170 | E57: 8.2675483e+08 | F57: 580599202 | G57: 243818421 | H57: 2337246 | I57: =(C57-E57-D57)+IF(L99<0,L99,0)+IF(L140<0,L140,0) -> 1247194.7 | J57: 1.2056465e+08 | K57: 4.6003455e+08 | L57: =C57-E57-D57 -> 1247194.7 | S57: May'24 | T57: =C57-AF57 -> 0 | U57: =D57-AG57 -> 0 | V57: =E57-AH57 -> 0 | W57: =F57-AI57 -> 2 | X57: =G57-AJ57 -> 0 | Y57: =H57-AK57 -> 0 | Z57: =I57-AL57 -> 0 | AA57: =J57-AM57 -> 12688.09 | ... AC57: =L57-AO57 -> 0 | AE57: May'24 | AF57: 8.942952e+08 | AG57: 66293170 | AH57: 8.2675483e+08 | AI57: 580599200 | AJ57: 243818421 | AK57: 2337246 | AL57: 1247194.7 | AM57: 1.2055196e+08 | AN57: 4.6004724e+08 | AO57: 1247194.7
A58: =EOMONTH(A57+1,0) -> 45473 | B58: Jun'24 | C58: =C17-C100 -> 7.4129294e+08 | D58: 43018017 | E58: 6.9636041e+08 | F58: 502657372 | G58: 192285683 | H58: 1417459 | I58: =(C58-E58-D58)+IF(L100<0,L100,0)+IF(L141<0,L141,0) -> 1914511.4 | J58: 80140512 | K58: 4.2251686e+08 | L58: =C58-E58-D58 -> 1914511.4 | S58: Jun'24 | T58: =C58-AF58 -> 0 | U58: =D58-AG58 -> 0 | V58: =E58-AH58 -> 0 | W58: =F58-AI58 -> -6 | X58: =G58-AJ58 -> 2 | Y58: =H58-AK58 -> 0 | Z58: =I58-AL58 -> 0 | AA58: =J58-AM58 -> -12002.21 | ... AC58: =L58-AO58 -> 0 | AE58: Jun'24 | AF58: 7.4129294e+08 | AG58: 43018017 | AH58: 6.9636041e+08 | AI58: 502657378 | AJ58: 192285681 | AK58: 1417459 | AL58: 1914511.4 | AM58: 80152514 | AN58: 4.2250486e+08 | AO58: 1914511.4
A59: =EOMONTH(A58+1,0) -> 45504 | B59: Jul'24 | C59: =C18-C101 -> 7.8903932e+08 | D59: 48059793 | E59: 7.394476e+08 | F59: 569837728 | G59: 168440121 | H59: 1169899 | I59: =(C59-E59-D59)+IF(L101<0,L101,0)+IF(L142<0,L142,0) -> 1531927.3 | J59: 1.0497727e+08 | K59: 4.6486046e+08 | L59: =C59-E59-D59 -> 1531927.3 | S59: Jul'24 | T59: =C59-AF59 -> 0 | U59: =D59-AG59 -> 0 | V59: =E59-AH59 -> 0 | W59: =F59-AI59 -> 7 | X59: =G59-AJ59 -> -3 | Y59: =H59-AK59 -> 0 | Z59: =I59-AL59 -> 0 | AA59: =J59-AM59 -> 6.07 | ... AC59: =L59-AO59 -> 0 | AE59: Jul'24 | AF59: 7.8903932e+08 | AG59: 48059793 | AH59: 7.394476e+08 | AI59: 569837721 | AJ59: 168440124 | AK59: 1169899 | AL59: 1531927.3 | AM59: 1.0497726e+08 | AN59: 4.6486046e+08 | AO59: 1531927.3
A60: =EOMONTH(A59+1,0) -> 45535 | B60: Aug'24 | C60: =C19-C102 -> 7.8741942e+08 | D60: 45030725 | E60: 7.3267364e+08 | F60: 568239955 | G60: 163049430 | H60: 1384453 | I60: =(C60-E60-D60)+IF(L102<0,L102,0)+IF(L143<0,L143,0) -> 4878399.6 | J60: 1.2876507e+08 | K60: 4.3947488e+08 | L60: =C60-E60-D60 -> 9715046.3 | S60: Aug'24 | T60: =C60-AF60 -> 0 | U60: =D60-AG60 -> 0 | V60: =E60-AH60 -> 0 | W60: =F60-AI60 -> 2 | X60: =G60-AJ60 -> 0 | Y60: =H60-AK60 -> 0 | Z60: =I60-AL60 -> 0.040000007 | AA60: =J60-AM60 -> -14598.5 | ... AC60: =L60-AO60 -> 0 | AE60: Aug'24 | AF60: 7.8741942e+08 | AG60: 45030725 | AH60: 7.3267364e+08 | AI60: 568239953 | AJ60: 163049430 | AK60: 1384453 | AL60: 4878399.5 | AM60: 1.2877967e+08 | AN60: 4.3946028e+08 | AO60: 9715046.3
A61: =EOMONTH(A60+1,0) -> 45565 | B61: Sep'24 | C61: =C20-C103 -> 8.0440419e+08 | D61: 45977307 | E61: 7.5592077e+08 | F61: 575944308 | G61: 178988391 | H61: 988285 | I61: =(C61-E61-D61)+IF(L103<0,L103,0)+IF(L144<0,L144,0) -> 1182838.8 | J61: 1.1103807e+08 | K61: 4.6490624e+08 | L61: =C61-E61-D61 -> 2506109.8 | S61: Sep'24 | T61: =C61-AF61 -> 0 | U61: =D61-AG61 -> 0 | V61: =E61-AH61 -> 0 | W61: =F61-AI61 -> 400 | X61: =G61-AJ61 -> -400 | Y61: =H61-AK61 -> 0 | Z61: =I61-AL61 -> -0.92000003 | AA61: =J61-AM61 -> -4600.42 | ... AC61: =L61-AO61 -> 0 | AE61: Sep'24 | AF61: 8.0440419e+08 | AG61: 45977307 | AH61: 7.5592077e+08 | AI61: 575943908 | AJ61: 178988791 | AK61: 988285 | AL61: 1182839.7 | AM61: 1.1104267e+08 | AN61: 4.6490124e+08 | AO61: 2506109.8
A62: =EOMONTH(A61+1,0) -> 45596 | B62: Oct'24 | C62: =C21-C104 -> 9.5080766e+08 | D62: 43325977 | E62: 9.0085701e+08 | F62: 699539368 | G62: 200269928 | H62: 1047902 | I62: =(C62-E62-D62)+IF(L104<0,L104,0)+IF(L145<0,L145,0) -> 6624672.6 | J62: 1.5672452e+08 | K62: 5.4281485e+08 | L62: =C62-E62-D62 -> 6624672.6 | S62: Oct'24 | T62: =C62-AF62 -> 0 | U62: =D62-AG62 -> 0 | V62: =E62-AH62 -> 1452 | W62: =F62-AI62 -> 1451 | X62: =G62-AJ62 -> 1 | Y62: =H62-AK62 -> 0 | Z62: =I62-AL62 -> -1452 | AA62: =J62-AM62 -> -2736.02 | ... AC62: =L62-AO62 -> -1452 | AE62: Oct'24 | AF62: 9.5080766e+08 | AG62: 43325977 | AH62: 9.0085556e+08 | AI62: 699537917 | AJ62: 200269927 | AK62: 1047902 | AL62: 6626124.6 | AM62: 1.5672726e+08 | AN62: 5.4281066e+08 | AO62: 6626124.6
A63: =EOMONTH(A62+1,0) -> 45626 | B63: Nov'24 | C63: =C22-C105 -> 9.6910718e+08 | D63: 56642195 | E63: 9.0931172e+08 | F63: 661044553 | G63: 246929839 | H63: 1337503 | I63: =(C63-E63-D63)+IF(L105<0,L105,0)+IF(L146<0,L146,0) -> 3153270.5 | J63: 1.4074201e+08 | K63: 5.2030255e+08 | L63: =C63-E63-D63 -> 3153270.5 | S63: Nov'24 | T63: =C63-AF63 -> 0 | U63: =D63-AG63 -> 0 | V63: =E63-AH63 -> 47251.98 | W63: =F63-AI63 -> 20628 | X63: =G63-AJ63 -> 26625 | Y63: =H63-AK63 -> 0 | Z63: =I63-AL63 -> -47251.98 | AA63: =J63-AM63 -> -3754.9 | ... AC63: =L63-AO63 -> -47251.98 | AE63: Nov'24 | AF63: 9.6910718e+08 | AG63: 56642195 | AH63: 9.0926447e+08 | AI63: 661023925 | AJ63: 246903214 | AK63: 1337503 | AL63: 3200522.5 | AM63: 1.4074576e+08 | AN63: 5.2027816e+08 | AO63: 3200522.5
A64: =EOMONTH(A63+1,0) -> 45657 | B64: Dec'24 | C64: =C23-C106 -> 9.3286243e+08 | D64: 56861260 | E64: 8.7000013e+08 | F64: 636872020 | G64: 231778285 | H64: 1350035 | I64: =(C64-E64-D64)+IF(L106<0,L106,0)+IF(L147<0,L147,0) -> 4288268.5 | J64: 1.3737075e+08 | K64: 4.9950127e+08 | L64: =C64-E64-D64 -> 6001041.7 | S64: Dec'24 | T64: =C64-AF64 -> 0 | U64: =D64-AG64 -> 0 | V64: =E64-AH64 -> 6973.39 | W64: =F64-AI64 -> 6983 | X64: =G64-AJ64 -> -4 | Y64: =H64-AK64 -> 0 | Z64: =I64-AL64 -> -6974.58 | AA64: =J64-AM64 -> 28788.42 | ... AC64: =L64-AO64 -> -6973.39 | AE64: Dec'24 | AF64: 9.3286243e+08 | AG64: 56861260 | AH64: 8.6999316e+08 | AI64: 636865037 | AJ64: 231778289 | AK64: 1350035 | AL64: 4295243.1 | AM64: 1.3734196e+08 | AN64: 4.9952308e+08 | AO64: 6008015.1
A65: =A64 -> 45657 | B65: 2025 Total | C65: =SUM(C66:C77) -> 1.500024e+10 | D65: =SUM(D66:D77) -> 813181258 | E65: =SUM(E66:E77) -> 1.3992819e+10 | F65: =SUM(F66:F77) -> 11203404273 | G65: =SUM(G66:G77) -> 2744869003 | H65: =SUM(H66:H77) -> 44548872 | I65: =SUM(I66:I77) -> 1.1894137e+08 | J65: =SUM(J66:J77) -> 2.8703142e+09 | K65: =SUM(K66:K77) -> 8.3330901e+09 | L65: =C65-E65-D65 -> 1.9424031e+08 | S65: 2025 Total | T65: =C65-AF65 -> 0 | U65: =D65-AG65 -> -1000775 | V65: =E65-AH65 -> 1209815.9 | W65: =F65-AI65 -> 1323041 | X65: =G65-AJ65 -> -126025 | Y65: =H65-AK65 -> 12799 | Z65: =I65-AL65 -> -581324.61 | AA65: =J65-AM65 -> 1180741.7 | ... AC65: =L65-AO65 -> -209040.88 | AE65: 2025 Total | AF65: 1.500024e+10 | AG65: 814182033 | AH65: 1.3991609e+10 | AI65: 11202081232 | AJ65: 2744995028 | AK65: 44536073 | AL65: 1.1952269e+08 | AM65: 2.8691334e+09 | AN65: 8.3329478e+09 | AO65: 1.9444936e+08
A66: =EOMONTH(A64+1,0) -> 45688 | B66: Jan'25 | C66: 9.9297539e+08 | D66: 65693004 | E66: 9.2029038e+08 | F66: 694381800 | G66: 222701983 | H66: 3206774 | I66: =(C66-E66-D66)+IF(L108<0,L108,0)+IF(L149<0,L149,0) -> 5371812 | J66: 1.5429053e+08 | K66: 5.4009127e+08 | L66: =C66-E66-D66 -> 6992008.8 | S66: Jan'25 | T66: =C66-AF66 -> 0 | U66: =D66-AG66 -> 0 | V66: =E66-AH66 -> 0 | W66: =F66-AI66 -> -996 | X66: =G66-AJ66 -> 996 | Y66: =H66-AK66 -> 0 | Z66: =I66-AL66 -> -1.4699999 | AA66: =J66-AM66 -> 29436.63 | ... AC66: =L66-AO66 -> 0 | AE66: Jan'25 | AF66: 9.9297539e+08 | AG66: 65693004 | AH66: 9.2029038e+08 | AI66: 694382796 | AJ66: 222700987 | AK66: 3206774 | AL66: 5371813.5 | AM66: 1.5426109e+08 | AN66: 5.4012171e+08 | AO66: 6992008.8
A67: =EOMONTH(A66+1,0) -> 45716 | B67: Feb'25 | C67: 1.0439189e+09 | D67: 64905273 | E67: 9.7450229e+08 | F67: 725560453 | G67: 246106484 | H67: 2835539 | I67: =(C67-E67-D67)+IF(L109<0,L109,0)+IF(L150<0,L150,0) -> 4291001.3 | J67: 1.4628552e+08 | K67: 5.7927494e+08 | L67: =C67-E67-D67 -> 4511298.5 | S67: Feb'25 | T67: =C67-AF67 -> 0 | U67: =D67-AG67 -> 0 | V67: =E67-AH67 -> 0 | W67: =F67-AI67 -> 1 | X67: =G67-AJ67 -> -1 | Y67: =H67-AK67 -> 0 | Z67: =I67-AL67 -> -2.0900002 | AA67: =J67-AM67 -> -39755.41 | ... AC67: =L67-AO67 -> 0 | AE67: Feb'25 | AF67: 1.0439189e+09 | AG67: 64905273 | AH67: 9.7450229e+08 | AI67: 725560452 | AJ67: 246106485 | AK67: 2835539 | AL67: 4291003.4 | AM67: 1.4632527e+08 | AN67: 5.7923518e+08 | AO67: 4511298.5
A68: =EOMONTH(A67+1,0) -> 45747 | B68: Mar'25 | C68: 1.1222854e+09 | D68: 69441599 | E68: 1.0424479e+09 | F68: 766645715 | G68: 273396314 | H68: 2406057 | I68: =(C68-E68-D68)+IF(L110<0,L110,0)+IF(L151<0,L151,0) -> 10395855 | J68: 1.643234e+08 | K68: 6.0232232e+08 | L68: =C68-E68-D68 -> 10395855 | S68: Mar'25 | T68: =C68-AF68 -> 0 | U68: =D68-AG68 -> 0 | V68: =E68-AH68 -> 0 | W68: =F68-AI68 -> -9791 | X68: =G68-AJ68 -> -4 | Y68: =H68-AK68 -> 9799 | Z68: =I68-AL68 -> 0 | AA68: =J68-AM68 -> -10805.72 | ... AC68: =L68-AO68 -> 0 | AE68: Mar'25 | AF68: 1.1222854e+09 | AG68: 69441599 | AH68: 1.0424479e+09 | AI68: 766655506 | AJ68: 273396318 | AK68: 2396258 | AL68: 10395855 | AM68: 1.643342e+08 | AN68: 6.023213e+08 | AO68: 10395855
A69: =EOMONTH(A68+1,0) -> 45777 | B69: Apr'25 | C69: 1.3606562e+09 | D69: 79954589 | E69: 1.2726615e+09 | F69: 999158902 | G69: 271130831 | H69: 2372081 | I69: =(C69-E69-D69)+IF(L111<0,L111,0)+IF(L152<0,L152,0) -> 8010101.8 | J69: 2.1653773e+08 | K69: 7.8262117e+08 | L69: =C69-E69-D69 -> 8040101.8 | S69: Apr'25 | T69: =C69-AF69 -> 0 | U69: =D69-AG69 -> 0 | V69: =E69-AH69 -> 0 | W69: =F69-AI69 -> 2 | X69: =G69-AJ69 -> 0 | Y69: =H69-AK69 -> 0 | Z69: =I69-AL69 -> 0 | AA69: =J69-AM69 -> 38391.02 | ... AC69: =L69-AO69 -> 0 | AE69: Apr'25 | AF69: 1.3606562e+09 | AG69: 79954589 | AH69: 1.2726615e+09 | AI69: 999158900 | AJ69: 271130831 | AK69: 2372081 | AL69: 8010101.8 | AM69: 2.1649934e+08 | AN69: 7.8265956e+08 | AO69: 8040101.8
A70: =EOMONTH(A69+1,0) -> 45808 | B70: May'25 | C70: 1.6230313e+09 | D70: 79033925 | E70: 1.5192551e+09 | F70: 1227905435 | G70: 288050707 | H70: 3299225 | I70: =(C70-E70-D70)+IF(L112<0,L112,0)+IF(L153<0,L153,0) -> 4488866.6 | J70: 2.8055076e+08 | K70: 9.4735467e+08 | L70: =C70-E70-D70 -> 24742293 | S70: May'25 | T70: =C70-AF70 -> 0 | U70: =D70-AG70 -> 0 | V70: =E70-AH70 -> 0 | W70: =F70-AI70 -> 99003 | X70: =G70-AJ70 -> -99008 | Y70: =H70-AK70 -> 0 | Z70: =I70-AL70 -> -1003.25 | AA70: =J70-AM70 -> 7940 | ... AC70: =L70-AO70 -> 0 | AE70: May'25 | AF70: 1.6230313e+09 | AG70: 79033925 | AH70: 1.5192551e+09 | AI70: 1227806432 | AJ70: 288149715 | AK70: 3299225 | AL70: 4489869.8 | AM70: 2.8054282e+08 | AN70: 9.4726361e+08 | AO70: 24742293
A71: =EOMONTH(A70+1,0) -> 45838 | B71: Jun'25 | C71: 1.2732639e+09 | D71: 68780924 | E71: 1.1939588e+09 | F71: 981452399 | G71: 208311689 | H71: 4195038 | I71: =(C71-E71-D71)+IF(L113<0,L113,0)+IF(L154<0,L154,0) -> 3102040.6 | J71: 2.2747365e+08 | K71: 7.5397875e+08 | L71: =C71-E71-D71 -> 10524199 | S71: Jun'25 | T71: =C71-AF71 -> 0 | U71: =D71-AG71 -> 0 | V71: =E71-AH71 -> 0 | W71: =F71-AI71 -> -2 | X71: =G71-AJ71 -> 0 | Y71: =H71-AK71 -> 0 | Z71: =I71-AL71 -> -3.0999998 | AA71: =J71-AM71 -> 38489.46 | ... AC71: =L71-AO71 -> 0 | AE71: Jun'25 | AF71: 1.2732639e+09 | AG71: 68780924 | AH71: 1.1939588e+09 | AI71: 981452401 | AJ71: 208311689 | AK71: 4195038 | AL71: 3102043.7 | AM71: 2.2743516e+08 | AN71: 7.5401724e+08 | AO71: 10524199
A72: =EOMONTH(A71+1,0) -> 45869 | B72: Jul'25 | C72: 1.4160078e+09 | D72: 70900193 | E72: 1.3300135e+09 | F72: 1111909117 | G72: 208232688 | H72: 9872005 | I72: =(C72-E72-D72)+IF(L114<0,L114,0)+IF(L155<0,L155,0) -> 7256938.9 | J72: 2.4354771e+08 | K72: 8.683614e+08 | L72: =C72-E72-D72 -> 15094142 | S72: Jul'25 | T72: =C72-AF72 -> 0 | U72: =D72-AG72 -> 0 | V72: =E72-AH72 -> 0 | W72: =F72-AI72 -> -2 | X72: =G72-AJ72 -> 1 | Y72: =H72-AK72 -> 0 | Z72: =I72-AL72 -> 0 | AA72: =J72-AM72 -> 5057.14 | ... AC72: =L72-AO72 -> 0 | AE72: Jul'25 | AF72: 1.4160078e+09 | AG72: 70900193 | AH72: 1.3300135e+09 | AI72: 1111909119 | AJ72: 208232687 | AK72: 9872005 | AL72: 7256938.9 | AM72: 2.4354266e+08 | AN72: 8.6836646e+08 | AO72: 15094142
A73: =EOMONTH(A72+1,0) -> 45900 | B73: Aug'25 | C73: 1.2059067e+09 | D73: 61803640 | E73: 1.1250522e+09 | F73: 935826823 | G73: 184312099 | H73: 4913565 | I73: =(C73-E73-D73)+IF(L115<0,L115,0)+IF(L156<0,L156,0) -> 10642380 | J73: 2.8912837e+08 | K73: 6.4669846e+08 | L73: =C73-E73-D73 -> 19050818 | S73: Aug'25 | T73: =C73-AF73 -> 0 | U73: =D73-AG73 -> 0 | V73: =E73-AH73 -> 0 | W73: =F73-AI73 -> -2990 | X73: =G73-AJ73 -> -3 | Y73: =H73-AK73 -> 3000 | Z73: =I73-AL73 -> 0 | AA73: =J73-AM73 -> 32049.4 | ... AC73: =L73-AO73 -> 0 | AE73: Aug'25 | AF73: 1.2059067e+09 | AG73: 61803640 | AH73: 1.1250522e+09 | AI73: 935829813 | AJ73: 184312102 | AK73: 4910565 | AL73: 10642380 | AM73: 2.8909632e+08 | AN73: 6.467335e+08 | AO73: 19050818
A74: =EOMONTH(A73+1,0) -> 45930 | B74: Sep'25 | C74: 1.1988056e+09 | D74: 67497164 | E74: 1.1149912e+09 | F74: 882390304 | G74: 229195990 | H74: 3405240 | I74: =(C74-E74-D74)+IF(L116<0,L116,0)+IF(L157<0,L157,0) -> 11759856 | J74: 2.2422377e+08 | K74: 6.5816653e+08 | L74: =C74-E74-D74 -> 16317203 | S74: Sep'25 | T74: =C74-AF74 -> 0 | U74: =D74-AG74 -> 0 | V74: =E74-AH74 -> 0 | W74: =F74-AI74 -> 25293 | X74: =G74-AJ74 -> -25297 | Y74: =H74-AK74 -> 0 | Z74: =I74-AL74 -> 0 | AA74: =J74-AM74 -> 40996.38 | ... AC74: =L74-AO74 -> 0 | AE74: Sep'25 | AF74: 1.1988056e+09 | AG74: 67497164 | AH74: 1.1149912e+09 | AI74: 882365011 | AJ74: 229221287 | AK74: 3405240 | AL74: 11759856 | AM74: 2.2418278e+08 | AN74: 6.5818223e+08 | AO74: 16317203
A75: =EOMONTH(A74+1,0) -> 45961 | B75: Oct'25 | C75: 1.3412268e+09 | D75: 67826211 | E75: 1.2532194e+09 | F75: 1038038750 | G75: 211811729 | H75: 3369309 | I75: =(C75-E75-D75)+IF(L117<0,L117,0)+IF(L158<0,L158,0) -> 11168299 | J75: 2.9778468e+08 | K75: 7.4025407e+08 | L75: =C75-E75-D75 -> 20181163 | S75: Oct'25 | T75: =C75-AF75 -> 0 | U75: =D75-AG75 -> 0 | V75: =E75-AH75 -> 206040 | W75: =F75-AI75 -> 208748 | X75: =G75-AJ75 -> -2708 | Y75: =H75-AK75 -> 0 | Z75: =I75-AL75 -> -577313.82 | AA75: =J75-AM75 -> 80505.51 | ... AC75: =L75-AO75 -> -206040 | AE75: Oct'25 | AF75: 1.3412268e+09 | AG75: 67826211 | AH75: 1.2530134e+09 | AI75: 1037830002 | AJ75: 211814437 | AK75: 3369309 | AL75: 11745612 | AM75: 2.9770418e+08 | AN75: 7.4012583e+08 | AO75: 20387203
A76: =EOMONTH(A75+1,0) -> 45991 | B76: Nov'25 | C76: 1.1528935e+09 | D76: 52463720 | E76: 1.0756915e+09 | F76: 891883195 | G76: 181461838 | H76: 2346805 | I76: =(C76-E76-D76)+IF(L118<0,L118,0)+IF(L159<0,L159,0) -> 15951812 | J76: 2.5983327e+08 | K76: 6.3204993e+08 | L76: =C76-E76-D76 -> 24738271 | S76: Nov'25 | T76: =C76-AF76 -> 0 | U76: =D76-AG76 -> 0 | V76: =E76-AH76 -> 3000 | W76: =F76-AI76 -> 3001 | X76: =G76-AJ76 -> -1 | Y76: =H76-AK76 -> 0 | Z76: =I76-AL76 -> -3000 | AA76: =J76-AM76 -> -97020.2 | ... AC76: =L76-AO76 -> -3000 | AE76: Nov'25 | AF76: 1.1528935e+09 | AG76: 52463720 | AH76: 1.0756885e+09 | AI76: 891880194 | AJ76: 181461839 | AK76: 2346805 | AL76: 15954812 | AM76: 2.5993029e+08 | AN76: 6.3194991e+08 | AO76: 24741271
A77: =EOMONTH(A76+1,0) -> 46022 | B77: Dec'25 | C77: 1.269269e+09 | D77: 64881016 | E77: 1.170735e+09 | F77: 948251380 | G77: 220156651 | H77: 2327234 | I77: =(C77-E77-D77)+IF(L119<0,L119,0)+IF(L160<0,L160,0) -> 26502404 | J77: 3.663348e+08 | K77: 5.8191658e+08 | L77: =C77-E77-D77 -> 33652964 | S77: Dec'25 | T77: =C77-AF77 -> 0 | U77: =D77-AG77 -> -1000775 | V77: =E77-AH77 -> 1000775.9 | W77: =F77-AI77 -> 1000774 | X77: =G77-AJ77 -> 0 | Y77: =H77-AK77 -> 0 | Z77: =I77-AL77 -> -0.88000011 | AA77: =J77-AM77 -> 1055457.5 | ... AC77: =L77-AO77 -> -0.88000011 | AE77: Dec'25 | AF77: 1.269269e+09 | AG77: 65881791 | AH77: 1.1697342e+09 | AI77: 947250606 | AJ77: 220156651 | AK77: 2327234 | AL77: 26502405 | AM77: 3.6527934e+08 | AN77: 5.8197126e+08 | AO77: 33652964
A78: =A77 -> 46022 | B78: 2026 Total | C78: =SUM(C79:C83) -> 4.3103194e+09 | D78: =SUM(D79:D83) -> 160197490 | E78: =SUM(E79:E83) -> 3.8387516e+09 | F78: =SUM(F79:F83) -> 3308264455 | G78: =SUM(G79:G83) -> 518783077 | H78: =SUM(H79:H83) -> 11705626 | I78: =SUM(I79:I83) -> 2.6395881e+08 | J78: =SUM(J79:J83) -> 9.5824067e+08 | ... L78: =SUM(L79:L83) -> 3.113703e+08 | S78: 2026 Total | T78: =C78-AF78 -> 57633465 | U78: =D78-AG78 -> 505317 | V78: =E78-AH78 -> 56981170 | W78: =F78-AI78 -> 55647733 | X78: =G78-AJ78 -> 1131708 | Y78: =H78-AK78 -> 201754 | Z78: =I78-AL78 -> -1458973.3 | AA78: =J78-AM78 -> 13925950 | ... AC78: =L78-AO78 -> 146977.64 | AE78: 2026 Total | AF78: 4.2526859e+09 | AG78: 159692173 | AH78: 3.7817704e+09 | AI78: 3252616722 | AJ78: 517651369 | AK78: 11503872 | AL78: 2.6541778e+08 | AM78: 9.4431472e+08 | AN78: 2.308302e+09 | AO78: 3.1122332e+08
A79: =EOMONTH(A77+1,0) -> 46053 | B79: Jan'26 | C79: 1.192785e+09 | D79: 60504936 | E79: 1.0998876e+09 | F79: 904933142 | G79: 192967436 | H79: 1987427 | I79: =(C79-E79-D79)+IF(L121<0,L121,0)+IF(L162<0,L162,0) -> 23421401 | J79: 2.6491136e+08 | K79: 6.4002178e+08 | L79: =C79-E79-D79 -> 32392433 | S79: Jan'26 | T79: =C79-AF79 -> 0 | U79: =D79-AG79 -> 0 | V79: =E79-AH79 -> 12000 | W79: =F79-AI79 -> 11996 | X79: =G79-AJ79 -> 1 | Y79: =H79-AK79 -> 0 | Z79: =I79-AL79 -> -14000.96 | AA79: =J79-AM79 -> 32350.84 | ... AC79: =L79-AO79 -> -12000 | AE79: Jan'26 | AF79: 1.192785e+09 | AG79: 60504936 | AH79: 1.0998756e+09 | AI79: 904921146 | AJ79: 192967435 | AK79: 1987427 | AL79: 23435402 | AM79: 2.6487901e+08 | AN79: 6.4004214e+08 | AO79: 32404433
A80: =EOMONTH(A79+1,0) -> 46081 | B80: Feb'26 | C80: 1109678502 | D80: 58065532 | E80: 1.0246815e+09 | F80: 808300917 | G80: 214141693 | H80: 2239360 | I80: =(C80-E80-D80)+IF(L122<0,L122,0)+IF(L163<0,L163,0) -> 20149679 | J80: 2.6440204e+08 | K80: 5.4389888e+08 | L80: =C80-E80-D80 -> 26931432 | S80: Feb'26 | T80: =C80-AF80 -> 0 | U80: =D80-AG80 -> 0 | V80: =E80-AH80 -> 744665.05 | W80: =F80-AI80 -> 746634 | X80: =G80-AJ80 -> -1967 | Y80: =H80-AK80 -> 0 | Z80: =I80-AL80 -> -744665.05 | AA80: =J80-AM80 -> 346074.43 | ... AC80: =L80-AO80 -> -744665.05 | AE80: Feb'26 | AF80: 1109678502 | AG80: 58065532 | AH80: 1.0239369e+09 | AI80: 807554283 | AJ80: 214143660 | AK80: 2239360 | AL80: 20894344 | AM80: 2.6405597e+08 | AN80: 5.4349832e+08 | AO80: 27676097
A81: =EOMONTH(A80+1,0) -> 46112 | B81: Mar'26 | C81: 7.8386498e+08 | D81: 25634088 | E81: 7.2211045e+08 | F81: 660532924 | G81: 60335028 | H81: 1242906 | I81: =(C81-E81-D81)+IF(L123<0,L123,0)+IF(L164<0,L164,0) -> 31717973 | J81: 1.758501e+08 | K81: 4.8468282e+08 | L81: =C81-E81-D81 -> 36120440 | P81: 0 | S81: Mar'26 | T81: =C81-AF81 -> 0 | U81: =D81-AG81 -> 351 | V81: =E81-AH81 -> 193113.98 | W81: =F81-AI81 -> 172040 | X81: =G81-AJ81 -> 0 | Y81: =H81-AK81 -> 21075 | Z81: =I81-AL81 -> -195434.98 | AA81: =J81-AM81 -> 213899.3 | ... AC81: =L81-AO81 -> -193464.98 | AE81: Mar'26 | AF81: 7.8386498e+08 | AG81: 25633737 | AH81: 7.2191734e+08 | AI81: 660360884 | AJ81: 60335028 | AK81: 1221831 | AL81: 31913408 | AM81: 1.756362e+08 | AN81: 4.8472468e+08 | AO81: 36313905
A82: =EOMONTH(A81+1,0) -> 46142 | B82: Apr'26 | C82: 9.9301419e+08 | D82: 13494810 | E82: 8.4055847e+08 | F82: 790468768 | G82: 44495129 | H82: 5594901 | I82: =(C82-E82-D82)+IF(L124<0,L124,0)+IF(L165<0,L165,0)+IF(L206<0,L206,0) -> 1.1170467e+08 | J82: 2.1509266e+08 | K82: 5.7537611e+08 | L82: =C82-E82-D82 -> 1.3896091e+08 | S82: Apr'26 | T82: =C82-AF82 -> 0 | U82: =D82-AG82 -> 6531 | V82: =E82-AH82 -> 8338330.1 | W82: =F82-AI82 -> 7955409 | X82: =G82-AJ82 -> 275669 | Y82: =H82-AK82 -> 107265 | Z82: =I82-AL82 -> -9946841.1 | AA82: =J82-AM82 -> 881056.21 | ... AC82: =L82-AO82 -> -8344861.1 | AE82: Apr'26 | AF82: 9.9301419e+08 | AG82: 13488279 | AH82: 8.3222014e+08 | AI82: 782513359 | AJ82: 44219460 | AK82: 5487636 | AL82: 1.2165151e+08 | AM82: 2.142116e+08 | AN82: 5.6830176e+08 | AO82: 1.4730577e+08
A83: =EOMONTH(A82+1,0) -> 46173 | B83: May'26 | C83: =O8 -> 2.309767e+08 | D83: 2498124 | E83: 1.5151349e+08 | F83: 144028704 | G83: 6843791 | H83: 641032 | I83: =(C83-E83-D83)+IF(L125<0,L125,0)+IF(L166<0,L166,0)+IF(L207<0,L207,0) -> 76965084 | J83: 37984515 | K83: 1.0604419e+08 | L83: =C83-E83-D83 -> 76965084 | S83: May'26 | T83: =C83-AF83 -> 57633465 | U83: =D83-AG83 -> 498435 | V83: =E83-AH83 -> 47693061 | W83: =F83-AI83 -> 46761654 | X83: =G83-AJ83 -> 858005 | Y83: =H83-AK83 -> 73414 | Z83: =I83-AL83 -> 9441968.8 | AA83: =J83-AM83 -> 12452569 | ... AC83: =L83-AO83 -> 9441968.8 | AE83: May'26 | AF83: 1.7334323e+08 | AG83: 1999689 | AH83: 1.0382043e+08 | AI83: 97267050 | AJ83: 5985786 | AK83: 567618 | AL83: 67523115 | AM83: 25531946 | AN83: 71735104 | AO83: 67523115
B84: Grand Total | C84: =SUM(C48:C52)+C65+C78 -> 4.5090208e+10 | D84: =SUM(D48:D52)+D65+D78 -> 2851345359 | E84: =SUM(E48:E52)+E65+E78 -> 4.1660164e+10 | F84: =SUM(F48:F52)+F65+F78 -> 30697119329 | G84: =SUM(G48:G52)+G65+G78 -> 10868294967 | H84: =SUM(H48:H52)+H65+H78 -> 92767140 | I84: =SUM(I48:I52)+I65+I78 -> 4.4802833e+08 | J84: =SUM(J48:J52)+J65+J78 -> 7.5772362e+09 | K84: =SUM(K48:K52)+K65+K78 -> 2.3119883e+10 | L84: =C84-E84-D84 -> 5.7869905e+08 | S84: Grand Total | T84: =C84-AF84 -> 57633465 | U84: =D84-AG84 -> -495458 | V84: =E84-AH84 -> 58246663 | W84: =F84-AI84 -> 56745395 | X84: =G84-AJ84 -> 1286782 | Y84: =H84-AK84 -> 214553 | Z84: =I84-AL84 -> -2095977.4 | AA84: =J84-AM84 -> 15438875 | ... AC84: =L84-AO84 -> -117740.61 | AE84: Grand Total | AF84: 4.5032575e+10 | AG84: 2851840817 | AH84: 4.1601917e+10 | AI84: 30640373934 | AJ84: 10867008185 | AK84: 92552587 | AL84: 4.5012431e+08 | AM84: 7.5617974e+09 | AN84: 2.3078577e+10 | AO84: 5.7881679e+08
B88: =_xlfn.CONCAT("Siniya Summary as on-",TEXT(N2,"DD/MM/YYYY")) -> Siniya Summary as on-06/05/2026 | S88: =B88 -> Siniya Summary as on-06/05/2026 | AE88: =CONCATENATE("Siniya Summary as on-",TEXT(TODAY()-3,"dd/mm/yyyy")) -> Siniya Summary as on-05/05/2026
B89: Year | C89: Total realised | D89: DLD | E89: Receipts total | F89: Dues + Advance collection | G89: New sale receipts | H89: Other charges | I89: Est. Unidentified | J89: Siniya advance | K89: Siniya dues | L89: Actual unidentifed | S89: Year | T89: Total realised | U89: DLD | V89: Receipts total | W89: Dues + Advance collection | X89: New sale receipts | Y89: Other charges | Z89: Est. Unidentified | AA89: Siniya advance | AB89: Siniya dues | AC89: Actual unidentifed | AE89: Year | AF89: Total realised | AG89: DLD | AH89: Receipts total | AI89: Dues + Advance collection | AJ89: New sale receipts | AK89: Other charges | AL89: Est. Unidentified | AM89: Siniya advance | AN89: Siniya dues | AO89: Actual unidentifed
A90: 44196 | B90: 2020 & Before | D90: 0 | E90: 0 | F90: 0 | G90: 0 | H90: 0 | I90: =C90-E90-D90 -> 0 | J90: 0 | K90: 0 | L90: =C90-E90-D90 -> 0 | S90: 2020 & Before | T90: =C90-AF90 -> 0 | U90: =D90-AG90 -> 0 | V90: =E90-AH90 -> 0 | W90: =F90-AI90 -> 0 | X90: =G90-AJ90 -> 0 | Y90: =H90-AK90 -> 0 | Z90: =I90-AL90 -> 0 | AA90: =J90-AM90 -> 0 | ... AC90: =L90-AO90 -> 0 | AE90: 2020 & Before | AG90: 0 | AH90: 0 | AI90: 0 | AJ90: 0 | AK90: 0 | AL90: 0 | AM90: 0 | AN90: 0 | AO90: 0
A91: 44561 | B91: 2021 Total | D91: 0 | E91: 0 | F91: 0 | G91: 0 | H91: 0 | I91: =C91-E91-D91 -> 0 | J91: 0 | K91: 0 | L91: =C91-E91-D91 -> 0 | S91: 2021 Total | T91: =C91-AF91 -> 0 | U91: =D91-AG91 -> 0 | V91: =E91-AH91 -> 0 | W91: =F91-AI91 -> 0 | X91: =G91-AJ91 -> 0 | Y91: =H91-AK91 -> 0 | Z91: =I91-AL91 -> 0 | AA91: =J91-AM91 -> 0 | ... AC91: =L91-AO91 -> 0 | AE91: 2021 Total | AG91: 0 | AH91: 0 | AI91: 0 | AJ91: 0 | AK91: 0 | AL91: 0 | AM91: 0 | AN91: 0 | AO91: 0
A92: =EOMONTH(A91,12) -> 44926 | B92: 2022 Total | D92: 0 | E92: 0 | F92: 0 | G92: 0 | H92: 0 | I92: =C92-E92-D92 -> 0 | J92: 0 | K92: 0 | L92: =C92-E92-D92 -> 0 | S92: 2022 Total | T92: =C92-AF92 -> 0 | U92: =D92-AG92 -> 0 | V92: =E92-AH92 -> 0 | W92: =F92-AI92 -> 0 | X92: =G92-AJ92 -> 0 | Y92: =H92-AK92 -> 0 | Z92: =I92-AL92 -> 0 | AA92: =J92-AM92 -> 0 | ... AC92: =L92-AO92 -> 0 | AE92: 2022 Total | AG92: 0 | AH92: 0 | AI92: 0 | AJ92: 0 | AK92: 0 | AL92: 0 | AM92: 0 | AN92: 0 | AO92: 0
A93: =EOMONTH(A92,12) -> 45291 | B93: 2023 Total | D93: 0 | E93: 0 | F93: 0 | G93: 0 | H93: 0 | I93: =C93-E93-D93 -> 0 | J93: 0 | K93: 0 | L93: =C93-E93-D93 -> 0 | S93: 2023 Total | T93: =C93-AF93 -> 0 | U93: =D93-AG93 -> 0 | V93: =E93-AH93 -> 0 | W93: =F93-AI93 -> 0 | X93: =G93-AJ93 -> 0 | Y93: =H93-AK93 -> 0 | Z93: =I93-AL93 -> 0 | AA93: =J93-AM93 -> 0 | ... AC93: =L93-AO93 -> 0 | AE93: 2023 Total | AG93: 0 | AH93: 0 | AI93: 0 | AJ93: 0 | AK93: 0 | AL93: 0 | AM93: 0 | AN93: 0 | AO93: 0
A94: 45291 | B94: 2024 Total | C94: =SUM(C95:C106) -> 6.8386589e+08 | D94: =SUM(D95:D106) -> 12 | E94: =SUM(E95:E106) -> 6.8999672e+08 | F94: =SUM(F95:F106) -> 123702503 | G94: =SUM(G95:G106) -> 566269115 | H94: =SUM(H95:H106) -> 24991 | I94: =SUM(I95:I106) -> 1829445.9 | J94: =SUM(J95:J106) -> 33908997 | K94: =SUM(K95:K106) -> 89793506 | L94: =C94-E94-D94 -> -6130841.1 | S94: 2024 Total | T94: =C94-AF94 -> 0 | U94: =D94-AG94 -> 0 | V94: =E94-AH94 -> 17475.19 | W94: =F94-AI94 -> 17452 | X94: =G94-AJ94 -> 16 | Y94: =H94-AK94 -> 0 | Z94: =I94-AL94 -> -17473.12 | AA94: =J94-AM94 -> -15.66 | ... AC94: =L94-AO94 -> -17475.19 | AE94: 2024 Total | AF94: 6.8386589e+08 | AG94: 12 | AH94: 6.8997924e+08 | AI94: 123685051 | AJ94: 566269099 | AK94: 24991 | AL94: 1846919 | AM94: 33909013 | AN94: 89776038 | AO94: -6113365.9
A95: 45322 | B95: Jan'24 | D95: 0 | E95: 0 | F95: 0 | G95: 0 | H95: 0 | I95: =C95-E95-D95 -> 0 | J95: 0 | K95: 0 | L95: =C95-E95-D95 -> 0 | S95: Jan'24 | T95: =C95-AF95 -> 0 | U95: =D95-AG95 -> 0 | V95: =E95-AH95 -> 0 | W95: =F95-AI95 -> 0 | X95: =G95-AJ95 -> 0 | Y95: =H95-AK95 -> 0 | Z95: =I95-AL95 -> 0 | AA95: =J95-AM95 -> 0 | ... AC95: =L95-AO95 -> 0 | AE95: Jan'24 | AG95: 0 | AH95: 0 | AI95: 0 | AJ95: 0 | AK95: 0 | AL95: 0 | AM95: 0 | AN95: 0 | AO95: 0
A96: =EOMONTH(A95+1,0) -> 45351 | B96: Feb'24 | D96: 0 | E96: 0 | F96: 0 | G96: 0 | H96: 0 | I96: =C96-E96-D96 -> 0 | J96: 0 | K96: 0 | L96: =C96-E96-D96 -> 0 | S96: Feb'24 | T96: =C96-AF96 -> 0 | U96: =D96-AG96 -> 0 | V96: =E96-AH96 -> 0 | W96: =F96-AI96 -> 0 | X96: =G96-AJ96 -> 0 | Y96: =H96-AK96 -> 0 | Z96: =I96-AL96 -> 0 | AA96: =J96-AM96 -> 0 | ... AC96: =L96-AO96 -> 0 | AE96: Feb'24 | AG96: 0 | AH96: 0 | AI96: 0 | AJ96: 0 | AK96: 0 | AL96: 0 | AM96: 0 | AN96: 0 | AO96: 0
A97: =EOMONTH(A96+1,0) -> 45382 | B97: Mar'24 | D97: 0 | E97: 87596 | F97: 0 | G97: 87596 | H97: 0 | I97: =IF(L97<0,0,L97) -> 0 | J97: 0 | K97: 0 | L97: =C97-E97-D97 -> -87596 | S97: Mar'24 | T97: =C97-AF97 -> 0 | U97: =D97-AG97 -> 0 | V97: =E97-AH97 -> 0 | W97: =F97-AI97 -> 0 | X97: =G97-AJ97 -> 0 | Y97: =H97-AK97 -> 0 | Z97: =I97-AL97 -> 0 | AA97: =J97-AM97 -> 0 | ... AC97: =L97-AO97 -> 0 | AE97: Mar'24 | AG97: 0 | AH97: 87596 | AI97: 0 | AJ97: 87596 | AK97: 0 | AL97: 0 | AM97: 0 | AN97: 0 | AO97: -87596
A98: =EOMONTH(A97+1,0) -> 45412 | B98: Apr'24 | D98: 0 | E98: 0 | F98: 0 | G98: 0 | H98: 0 | I98: =C98-E98-D98 -> 0 | J98: 0 | K98: 0 | L98: =C98-E98-D98 -> 0 | S98: Apr'24 | T98: =C98-AF98 -> 0 | U98: =D98-AG98 -> 0 | V98: =E98-AH98 -> 0 | W98: =F98-AI98 -> 0 | X98: =G98-AJ98 -> 0 | Y98: =H98-AK98 -> 0 | Z98: =I98-AL98 -> 0 | AA98: =J98-AM98 -> 0 | ... AC98: =L98-AO98 -> 0 | AE98: Apr'24 | AG98: 0 | AH98: 0 | AI98: 0 | AJ98: 0 | AK98: 0 | AL98: 0 | AM98: 0 | AN98: 0 | AO98: 0
A99: =EOMONTH(A98+1,0) -> 45443 | B99: May'24 | D99: 0 | E99: 0 | F99: 0 | G99: 0 | H99: 0 | I99: =C99-E99-D99 -> 0 | J99: 0 | K99: 0 | L99: =C99-E99-D99 -> 0 | S99: May'24 | T99: =C99-AF99 -> 0 | U99: =D99-AG99 -> 0 | V99: =E99-AH99 -> 0 | W99: =F99-AI99 -> 0 | X99: =G99-AJ99 -> 0 | Y99: =H99-AK99 -> 0 | Z99: =I99-AL99 -> 0 | AA99: =J99-AM99 -> 0 | ... AC99: =L99-AO99 -> 0 | AE99: May'24 | AG99: 0 | AH99: 0 | AI99: 0 | AJ99: 0 | AK99: 0 | AL99: 0 | AM99: 0 | AN99: 0 | AO99: 0
A100: =EOMONTH(A99+1,0) -> 45473 | B100: Jun'24 | D100: 0 | E100: 0 | F100: 0 | G100: 0 | H100: 0 | I100: =C100-E100-D100 -> 0 | J100: 0 | K100: 0 | L100: =C100-E100-D100 -> 0 | S100: Jun'24 | T100: =C100-AF100 -> 0 | U100: =D100-AG100 -> 0 | V100: =E100-AH100 -> 0 | W100: =F100-AI100 -> 0 | X100: =G100-AJ100 -> 0 | Y100: =H100-AK100 -> 0 | Z100: =I100-AL100 -> 0 | AA100: =J100-AM100 -> 0 | ... AC100: =L100-AO100 -> 0 | AE100: Jun'24 | AG100: 0 | AH100: 0 | AI100: 0 | AJ100: 0 | AK100: 0 | AL100: 0 | AM100: 0 | AN100: 0 | AO100: 0
A101: =EOMONTH(A100+1,0) -> 45504 | B101: Jul'24 | C101: 28055471 | D101: 0 | E101: 27460571 | F101: 1200256 | G101: 26260313 | H101: 0 | I101: =C101-E101-D101 -> 594899.65 | J101: 1200256 | K101: 0 | L101: =C101-E101-D101 -> 594899.65 | S101: Jul'24 | T101: =C101-AF101 -> 0 | U101: =D101-AG101 -> 0 | V101: =E101-AH101 -> 0.35 | W101: =F101-AI101 -> 0 | X101: =G101-AJ101 -> 0 | Y101: =H101-AK101 -> 0 | Z101: =I101-AL101 -> -0.35 | AA101: =J101-AM101 -> 0.15 | ... AC101: =L101-AO101 -> -0.35 | AE101: Jul'24 | AF101: 28055471 | AG101: 0 | AH101: 27460571 | AI101: 1200256 | AJ101: 26260313 | AK101: 0 | AL101: 594900 | AM101: 1200255.8 | AN101: 0.15 | AO101: 594900
A102: =EOMONTH(A101+1,0) -> 45535 | B102: Aug'24 | C102: 85837642 | D102: 0 | E102: 90674289 | F102: 6192869 | G102: 84480405 | H102: 1000 | I102: =IF(L102<0,0,L102) -> 0 | J102: 5758693.3 | K102: 434175.7 | L102: =C102-E102-D102 -> -4836646.7 | S102: Aug'24 | T102: =C102-AF102 -> 0 | U102: =D102-AG102 -> 0 | V102: =E102-AH102 -> -0.040000007 | W102: =F102-AI102 -> 7 | X102: =G102-AJ102 -> -3 | Y102: =H102-AK102 -> 0 | Z102: =I102-AL102 -> 0 | AA102: =J102-AM102 -> 6.7 | ... AC102: =L102-AO102 -> 0.040000007 | AE102: Aug'24 | AF102: 85837642 | AG102: 0 | AH102: 90674289 | AI102: 6192862 | AJ102: 84480408 | AK102: 1000 | AL102: 0 | AM102: 5758686.6 | AN102: 434175.4 | AO102: -4836646.7
A103: =EOMONTH(A102+1,0) -> 45565 | B103: Sep'24 | C103: 92750112 | D103: 0 | E103: 94073383 | F103: 7944855 | G103: 86117497 | H103: 11000 | I103: =IF(L103<0,0,L103) -> 0 | J103: 5078987.6 | K103: 2865867.4 | L103: =C103-E103-D103 -> -1323271.1 | S103: Sep'24 | T103: =C103-AF103 -> 0 | U103: =D103-AG103 -> 0 | V103: =E103-AH103 -> 0.92000003 | W103: =F103-AI103 -> 2 | X103: =G103-AJ103 -> -2 | Y103: =H103-AK103 -> 0 | Z103: =I103-AL103 -> 0 | AA103: =J103-AM103 -> 0.83 | ... AC103: =L103-AO103 -> -0.92000003 | AE103: Sep'24 | AF103: 92750112 | AG103: 0 | AH103: 94073383 | AI103: 7944853 | AJ103: 86117499 | AK103: 11000 | AL103: 0 | AM103: 5078986.8 | AN103: 2865866.2 | AO103: -1323270.1
A104: =EOMONTH(A103+1,0) -> 45596 | B104: Oct'24 | C104: 1.5706557e+08 | D104: 0 | E104: 1.5651439e+08 | F104: 33409010 | G104: 123103346 | H104: 2000 | I104: =IF(L104<0,0,L104) -> 551183.25 | J104: 7473146.3 | K104: 25935864 | L104: =C104-E104-D104 -> 551183.25 | S104: Oct'24 | T104: =C104-AF104 -> 0 | U104: =D104-AG104 -> 0 | V104: =E104-AH104 -> 2.4299999 | W104: =F104-AI104 -> -13 | X104: =G104-AJ104 -> 11 | Y104: =H104-AK104 -> 0 | Z104: =I104-AL104 -> -2.4299999 | AA104: =J104-AM104 -> -11.77 | ... AC104: =L104-AO104 -> -2.4299999 | AE104: Oct'24 | AF104: 1.5706557e+08 | AG104: 0 | AH104: 1.5651439e+08 | AI104: 33409023 | AJ104: 123103335 | AK104: 2000 | AL104: 551185.68 | AM104: 7473158 | AN104: 25935865 | AO104: 551185.68
A105: =EOMONTH(A104+1,0) -> 45626 | B105: Nov'24 | C105: 1.5989836e+08 | D105: 0 | E105: 1.59215e+08 | F105: 42234724 | G105: 116979243 | H105: 1000 | I105: =IF(L105<0,0,L105) -> 683363.03 | J105: 7198207.2 | K105: 35036517 | L105: =C105-E105-D105 -> 683363.03 | S105: Nov'24 | T105: =C105-AF105 -> 0 | U105: =D105-AG105 -> 0 | V105: =E105-AH105 -> 17470.34 | W105: =F105-AI105 -> 17454 | X105: =G105-AJ105 -> 12 | Y105: =H105-AK105 -> 0 | Z105: =I105-AL105 -> -17470.34 | AA105: =J105-AM105 -> -11.2 | ... AC105: =L105-AO105 -> -17470.34 | AE105: Nov'24 | AF105: 1.5989836e+08 | AG105: 0 | AH105: 1.5919752e+08 | AI105: 42217270 | AJ105: 116979231 | AK105: 1000 | AL105: 700833.37 | AM105: 7198218.4 | AN105: 35019052 | AO105: 700833.37
...

Sheet Dues Qrtwise
A2: Note | C2: Quarter and Monthwise dues Projectwise for last 3 quarters | U2: =IF(AND(ABS(F205-F231)<10,ABS(P205-P231)<10,ABS(K205-K231)<10,ABS(U205-U231)<10,ABS(Z205-Z231)<10,ABS(AE205-AE231)<10),"Ok") -> Ok
C4: 2025 | H4: 2025 | M4: 2025 | R4: 2025 | W4: 2026 | AB4: 2026
C5: =_xlfn.CONCAT("Dues-",C4,"'","Q1") -> Dues-2025'Q1 | H5: =_xlfn.CONCAT("Dues-",H4,"'","Q2") -> Dues-2025'Q2 | M5: =_xlfn.CONCAT("Dues-",M4,"'","Q3") -> Dues-2025'Q3 | R5: =_xlfn.CONCAT("Dues-",R4,"'","Q4") -> Dues-2025'Q4 | W5: =_xlfn.CONCAT("Dues-",W4,"'","Q1") -> Dues-2026'Q1 | AB5: =_xlfn.CONCAT("Dues-",AB4,"'","Q2") -> Dues-2026'Q2
A6: Project | C6: Jan | D6: Feb | E6: Mar | F6: Grand Total | H6: Apr | I6: May | J6: Jun | K6: Grand Total | M6: Jul | N6: Aug | O6: Sep | P6: Grand Total | R6: Oct | S6: Nov | T6: Dec | U6: Grand Total | W6: Jan | X6: Feb | Y6: Mar | Z6: Grand Total | AB6: Apr | AC6: May | AD6: Jun | AE6: Grand Total
A7: Greens | C7: =SUM(C8:C13) -> 0 | D7: =SUM(D8:D13) -> 4240 | E7: =SUM(E8:E13) -> 256042.16 | F7: =SUM(F8:F13) -> 260282.16 | H7: =SUM(H8:H13) -> 115199 | I7: =SUM(I8:I13) -> 667064.16 | J7: =SUM(J8:J13) -> 0 | K7: =SUM(K8:K13) -> 782263.16 | M7: =SUM(M8:M13) -> 0 | N7: =SUM(N8:N13) -> 96671 | O7: =SUM(O8:O13) -> 579436 | P7: =SUM(M7:O7) -> 676107 | R7: =SUM(R8:R13) -> 0 | S7: =SUM(S8:S13) -> 1206413 | T7: =SUM(T8:T13) -> 0 | U7: =SUM(R7:T7) -> 1206413 | W7: =SUM(W8:W13) -> 54196 | X7: =SUM(X8:X13) -> 155000 | Y7: =SUM(Y8:Y13) -> 98050.2 | Z7: =SUM(W7:Y7) -> 307246.2 | AB7: =SUM(AB8:AB13) -> 225 | AC7: =SUM(AC8:AC13) -> 0 | AD7: =SUM(AD8:AD13) -> 0 | AE7: =SUM(AB7:AD7) -> 225
A8: Phase I - Building 1 | C8: 0 | D8: 0 | E8: 0 | F8: =SUM(C8:E8) -> 0 | H8: 0 | I8: 0 | J8: 0 | K8: =SUM(H8:J8) -> 0 | M8: 0 | N8: 0 | O8: 0 | P8: =SUM(M8:O8) -> 0 | R8: 0 | S8: 0 | T8: 0 | U8: =SUM(R8:T8) -> 0 | W8: 50541 | X8: 0 | Y8: 0 | Z8: =SUM(W8:Y8) -> 50541 | AB8: 0 | AC8: 0 | AD8: 0 | AE8: =SUM(AB8:AD8) -> 0
A9: Phase I - Building 4 | C9: 0 | D9: 0 | E9: 0 | F9: =SUM(C9:E9) -> 0 | H9: 0 | I9: 0 | J9: 0 | K9: =SUM(H9:J9) -> 0 | M9: 0 | N9: 0 | O9: 0 | P9: =SUM(M9:O9) -> 0 | R9: 0 | S9: 0 | T9: 0 | U9: =SUM(R9:T9) -> 0 | W9: 0 | X9: 0 | Y9: 0 | Z9: =SUM(W9:Y9) -> 0 | AB9: 0 | AC9: 0 | AD9: 0 | AE9: =SUM(AB9:AD9) -> 0
A10: Phase II - Building 2 | C10: 0 | D10: 0 | E10: 0 | F10: =SUM(C10:E10) -> 0 | H10: 0 | I10: 119412.6 | J10: 0 | K10: =SUM(H10:J10) -> 119412.6 | M10: 0 | N10: 0 | O10: 0 | P10: =SUM(M10:O10) -> 0 | R10: 0 | S10: 119413 | T10: 0 | U10: =SUM(R10:T10) -> 119413 | W10: 0 | X10: 0 | Y10: 0 | Z10: =SUM(W10:Y10) -> 0 | AB10: 225 | AC10: 0 | AD10: 0 | AE10: =SUM(AB10:AD10) -> 225
A11: Phase II - Building 3 | C11: 0 | D11: 0 | E11: 0 | F11: =SUM(C11:E11) -> 0 | H11: 0 | I11: 0 | J11: 0 | K11: =SUM(H11:J11) -> 0 | M11: 0 | N11: 0 | O11: 0 | P11: =SUM(M11:O11) -> 0 | R11: 0 | S11: 1032000 | T11: 0 | U11: =SUM(R11:T11) -> 1032000 | W11: 125 | X11: 0 | Y11: 0 | Z11: =SUM(W11:Y11) -> 125 | AB11: 0 | AC11: 0 | AD11: 0 | AE11: =SUM(AB11:AD11) -> 0
A12: Phase III - Building 5 | C12: 0 | D12: 0 | E12: 75000 | F12: =SUM(C12:E12) -> 75000 | H12: 115199 | I12: 437651.56 | J12: 0 | K12: =SUM(H12:J12) -> 552850.56 | M12: 0 | N12: 41671 | O12: 579436 | P12: =SUM(M12:O12) -> 621107 | R12: 0 | S12: 0 | T12: 0 | U12: =SUM(R12:T12) -> 0 | W12: 3530 | X12: 0 | Y12: 2000 | Z12: =SUM(W12:Y12) -> 5530 | AB12: 0 | AC12: 0 | AD12: 0 | AE12: =SUM(AB12:AD12) -> 0
A13: Phase III - Building 6 | C13: 0 | D13: 4240 | E13: 181042.16 | F13: =SUM(C13:E13) -> 185282.16 | H13: 0 | I13: 110000 | J13: 0 | K13: =SUM(H13:J13) -> 110000 | M13: 0 | N13: 55000 | O13: 0 | P13: =SUM(M13:O13) -> 55000 | R13: 0 | S13: 55000 | T13: 0 | U13: =SUM(R13:T13) -> 55000 | W13: 0 | X13: 155000 | Y13: 96050.2 | Z13: =SUM(W13:Y13) -> 251050.2 | AB13: 0 | AC13: 0 | AD13: 0 | AE13: =SUM(AB13:AD13) -> 0
A14: One Park Avenue Tower | C14: 9281154.6 | D14: 3158465.3 | E14: 1068335.8 | F14: =SUM(C14:E14) -> 13507956 | H14: 356106 | I14: 28134 | J14: 0 | K14: =SUM(H14:J14) -> 384240 | M14: 195267 | N14: 189896.99 | O14: 18410 | P14: =SUM(M14:O14) -> 403573.99 | R14: 82858 | S14: 1194907.9 | T14: 855 | U14: =SUM(R14:T14) -> 1278620.9 | W14: 100000 | X14: 292553.54 | Y14: 44823.98 | Z14: =SUM(W14:Y14) -> 437377.52 | AB14: 29476.96 | AC14: 0 | AD14: 0 | AE14: =SUM(AB14:AD14) -> 29476.96
A15: Hartland 1 villas & townhouses | C15: =SUM(C16:C20) -> 5763438.7 | D15: =SUM(D16:D20) -> 11936678 | E15: =SUM(E16:E20) -> 6872161.9 | F15: =SUM(F16:F20) -> 24572278 | H15: =SUM(H16:H20) -> 8062315.9 | I15: =SUM(I16:I20) -> 13519210 | J15: =SUM(J16:J20) -> 12338230 | K15: =SUM(K16:K20) -> 33919757 | M15: =SUM(M16:M20) -> 5627191.1 | N15: =SUM(N16:N20) -> 78128.98 | O15: =SUM(O16:O20) -> 2473212 | P15: =SUM(M15:O15) -> 8178532.1 | R15: =SUM(R16:R20) -> 6649502.6 | S15: =SUM(S16:S20) -> 4956761 | T15: =SUM(T16:T20) -> 7676132 | U15: =SUM(R15:T15) -> 19282396 | W15: =SUM(W16:W20) -> 0 | X15: =SUM(X16:X20) -> 4500463 | Y15: =SUM(Y16:Y20) -> 5324087 | Z15: =SUM(W15:Y15) -> 9824550 | AB15: =SUM(AB16:AB20) -> 1500000 | AC15: =SUM(AC16:AC20) -> 1000000 | AD15: =SUM(AD16:AD20) -> 0 | AE15: =SUM(AB15:AD15) -> 2500000
A16: Townhouse | C16: 0 | D16: 0 | E16: 26864.98 | F16: =SUM(C16:E16) -> 26864.98 | H16: 3907.96 | I16: 0 | J16: 0 | K16: =SUM(H16:J16) -> 3907.96 | M16: 0 | N16: 3.98 | O16: 0 | P16: =SUM(M16:O16) -> 3.98 | R16: 0 | S16: 2668974 | T16: 0 | U16: =SUM(R16:T16) -> 2668974 | W16: 0 | X16: 0 | Y16: 0 | Z16: =SUM(W16:Y16) -> 0 | AB16: 0 | AC16: 0 | AD16: 0 | AE16: =SUM(AB16:AD16) -> 0
A17: Villas Phase I | C17: 250145 | D17: 196901 | E17: 156250 | F17: =SUM(C17:E17) -> 603296 | H17: 78125 | I17: 1242015 | J17: 153075 | K17: =SUM(H17:J17) -> 1473215 | M17: 78125 | N17: 78125 | O17: 78125 | P17: =SUM(M17:O17) -> 234375 | R17: 4409613 | S17: 0 | T17: 196357 | U17: =SUM(R17:T17) -> 4605970 | W17: 0 | X17: 0 | Y17: 0 | Z17: =SUM(W17:Y17) -> 0 | AB17: 0 | AC17: 0 | AD17: 0 | AE17: =SUM(AB17:AD17) -> 0
A18: Villas Phase II | C18: 179207 | D18: 0 | E18: 179207 | F18: =SUM(C18:E18) -> 358414 | H18: 0 | I18: 179207 | J18: 0 | K18: =SUM(H18:J18) -> 179207 | M18: 179207 | N18: 0 | O18: 179207 | P18: =SUM(M18:O18) -> 358414 | R18: 0 | S18: 179207 | T18: 0 | U18: =SUM(R18:T18) -> 179207 | W18: 0 | X18: 0 | Y18: 472250 | Z18: =SUM(W18:Y18) -> 472250 | AB18: 0 | AC18: 0 | AD18: 0 | AE18: =SUM(AB18:AD18) -> 0
A19: Villas Phase III | C19: 5334086.7 | D19: 11739777 | E19: 6509839.9 | F19: =SUM(C19:E19) -> 23583703 | H19: 5763397.7 | I19: 3455852.1 | J19: 12185155 | K19: =SUM(H19:J19) -> 21404405 | M19: 826159.71 | N19: 0 | O19: 2215880 | P19: =SUM(M19:O19) -> 3042039.7 | R19: 2239889 | S19: 2108580 | T19: 7479775 | U19: =SUM(R19:T19) -> 11828244 | W19: 0 | X19: 0 | Y19: 4851837 | Z19: =SUM(W19:Y19) -> 4851837 | AB19: 1500000 | AC19: 1000000 | AD19: 0 | AE19: =SUM(AB19:AD19) -> 2500000
A20: Villas Phase IV | C20: 0 | D20: 0 | E20: 0 | F20: =SUM(C20:E20) -> 0 | H20: 2216885.3 | I20: 8642136.4 | J20: 0 | K20: =SUM(H20:J20) -> 10859022 | M20: 4543699.4 | N20: 0 | O20: 0 | P20: =SUM(M20:O20) -> 4543699.4 | R20: 0.63 | S20: 0 | T20: 0 | U20: =SUM(R20:T20) -> 0.63 | W20: 0 | X20: 4500463 | Y20: 0 | Z20: =SUM(W20:Y20) -> 4500463 | AB20: 0 | AC20: 0 | AD20: 0 | AE20: =SUM(AB20:AD20) -> 0
A21: CV & CVR | C21: =SUM(C22:C25) -> 3328548.2 | D21: =SUM(D22:D25) -> 530578 | E21: =SUM(E22:E25) -> 3247305 | F21: =SUM(F22:F25) -> 7106431.3 | H21: =SUM(H22:H25) -> 6986459 | I21: =SUM(I22:I25) -> 1875044 | J21: =SUM(J22:J25) -> 2415929 | K21: =SUM(K22:K25) -> 11277432 | M21: =SUM(M22:M25) -> 771780 | N21: =SUM(N22:N25) -> 937739.2 | O21: =SUM(O22:O25) -> 1864847.6 | P21: =SUM(M21:O21) -> 3574366.8 | R21: =SUM(R22:R25) -> 414823.91 | S21: =SUM(S22:S25) -> 87394 | T21: =SUM(T22:T25) -> 50001 | U21: =SUM(R21:T21) -> 552218.91 | W21: =SUM(W22:W25) -> 362650 | X21: =SUM(X22:X25) -> 185239.11 | Y21: =SUM(Y22:Y25) -> 669604.79 | Z21: =SUM(W21:Y21) -> 1217493.9 | AB21: =SUM(AB22:AB25) -> 65369.73 | AC21: =SUM(AC22:AC25) -> 0 | AD21: =SUM(AD22:AD25) -> 0 | AE21: =SUM(AB21:AD21) -> 65369.73
A22: Creek vista reserve Tower A | C22: 1298479.2 | D22: 263505 | E22: 1425627.6 | F22: =SUM(C22:E22) -> 2987611.8 | H22: 3639254 | I22: 1014940 | J22: 1158951 | K22: =SUM(H22:J22) -> 5813145 | M22: 296020 | N22: 535412.2 | O22: 1043076.6 | P22: =SUM(M22:O22) -> 1874508.8 | R22: 105887.93 | S22: 37489 | T22: 0 | U22: =SUM(R22:T22) -> 143376.93 | W22: 341182 | X22: 173669.12 | Y22: 89444.94 | Z22: =SUM(W22:Y22) -> 604296.06 | AB22: 7086.75 | AC22: 0 | AD22: 0 | AE22: =SUM(AB22:AD22) -> 7086.75
A23: Creek vista reserve Tower B | C23: 930439.03 | D23: 37443 | E23: 516526.54 | F23: =SUM(C23:E23) -> 1484408.6 | H23: 3206426 | I23: 320000 | J23: 465878 | K23: =SUM(H23:J23) -> 3992304 | M23: 309110 | N23: 291273 | O23: 395432 | P23: =SUM(M23:O23) -> 995815 | R23: 94763.98 | S23: 49905 | T23: 50000 | U23: =SUM(R23:T23) -> 194668.98 | W23: 21468 | X23: 11564.99 | Y23: 322239.85 | Z23: =SUM(W23:Y23) -> 355272.84 | AB23: 43281.98 | AC23: 0 | AD23: 0 | AE23: =SUM(AB23:AD23) -> 43281.98
A24: Creek Vista Tower A | C24: 5680 | D24: 218630 | E24: 734354.95 | F24: =SUM(C24:E24) -> 958664.95 | H24: 0 | I24: 163905 | J24: 150000 | K24: =SUM(H24:J24) -> 313905 | M24: 450 | N24: 13904 | O24: 0 | P24: =SUM(M24:O24) -> 14354 | R24: 0 | S24: 0 | T24: 0 | U24: =SUM(R24:T24) -> 0 | W24: 0 | X24: 0 | Y24: 0 | Z24: =SUM(W24:Y24) -> 0 | AB24: 0 | AC24: 0 | AD24: 0 | AE24: =SUM(AB24:AD24) -> 0
A25: Creek vista Tower B | C25: 1093950 | D25: 11000 | E25: 570796 | F25: =SUM(C25:E25) -> 1675746 | H25: 140779 | I25: 376199 | J25: 641100 | K25: =SUM(H25:J25) -> 1158078 | M25: 166200 | N25: 97150 | O25: 426339 | P25: =SUM(M25:O25) -> 689689 | R25: 214172 | S25: 0 | T25: 1 | U25: =SUM(R25:T25) -> 214173 | W25: 0 | X25: 5 | Y25: 257920 | Z25: =SUM(W25:Y25) -> 257925 | AB25: 15001 | AC25: 0 | AD25: 0 | AE25: =SUM(AB25:AD25) -> 15001
A26: Waves | C26: 8886089.2 | D26: 16986582 | E26: 4108353 | F26: =SUM(C26:E26) -> 29981024 | H26: 2648499.3 | I26: 1448327 | J26: 678473 | K26: =SUM(H26:J26) -> 4775299.3 | M26: 1775897 | N26: 972249 | O26: 2802965 | P26: =SUM(M26:O26) -> 5551111 | R26: 895199 | S26: 247584 | T26: 1739713 | U26: =SUM(R26:T26) -> 2882496 | W26: 650565 | X26: 410458 | Y26: 63337 | Z26: =SUM(W26:Y26) -> 1124360 | AB26: 10000 | AC26: 0 | AD26: 0 | AE26: =SUM(AB26:AD26) -> 10000
A27: Waves Grande | C27: 1192929 | D27: 3128426.6 | E27: 9364394.7 | F27: =SUM(C27:E27) -> 13685750 | H27: 3641761.9 | I27: 1149443.1 | J27: 2447894.3 | K27: =SUM(H27:J27) -> 7239099.2 | M27: 1214693.8 | N27: 3756521.8 | O27: 7336471 | P27: =SUM(M27:O27) -> 12307687 | R27: 3231039 | S27: 911920 | T27: 1598750 | U27: =SUM(R27:T27) -> 5741709 | W27: 689374 | X27: 437290 | Y27: 132745 | Z27: =SUM(W27:Y27) -> 1259409 | AB27: 0 | AC27: 0 | AD27: 0 | AE27: =SUM(AB27:AD27) -> 0
A28: Hartland 1 plots | C28: =SUM(C29:C31) -> 416412 | D28: =SUM(D29:D31) -> 848945 | E28: =SUM(E29:E31) -> 2166186 | F28: =SUM(F29:F31) -> 3431543 | H28: =SUM(H29:H31) -> 3102819 | I28: =SUM(I29:I31) -> 1643912 | J28: =SUM(J29:J31) -> 338376 | K28: =SUM(K29:K31) -> 5085107 | M28: =SUM(M29:M31) -> 130000 | N28: =SUM(N29:N31) -> 413442 | O28: =SUM(O29:O31) -> 480024 | P28: =SUM(M28:O28) -> 1023466 | R28: =SUM(R29:R31) -> 2588008 | S28: =SUM(S29:S31) -> 361010 | T28: =SUM(T29:T31) -> 0 | U28: =SUM(R28:T28) -> 2949018 | W28: =SUM(W29:W31) -> 320704 | X28: =SUM(X29:X31) -> 66210 | Y28: =SUM(Y29:Y31) -> 215000 | Z28: =SUM(W28:Y28) -> 601914 | AB28: =SUM(AB29:AB31) -> 284195 | AC28: =SUM(AC29:AC31) -> 286551 | AD28: =SUM(AD29:AD31) -> 0 | AE28: =SUM(AB28:AD28) -> 570746
A29: Hartland Extension | C29: 351412 | D29: 362003 | E29: 215000 | F29: =SUM(C29:E29) -> 928415 | H29: 244007 | I29: 314548 | J29: 55008 | K29: =SUM(H29:J29) -> 613563 | M29: 130000 | N29: 331010 | O29: 330024 | P29: =SUM(M29:O29) -> 791034 | R29: 87008 | S29: 71010 | T29: 0 | U29: =SUM(R29:T29) -> 158018 | W29: 320704 | X29: 65000 | Y29: 75000 | Z29: =SUM(W29:Y29) -> 460704 | AB29: 114715 | AC29: 0 | AD29: 0 | AE29: =SUM(AB29:AD29) -> 114715
A30: Sobha Tranquility | C30: 0 | D30: 377202 | E30: 1816880 | F30: =SUM(C30:E30) -> 2194082 | H30: 292812 | I30: 1264364 | J30: 283368 | K30: =SUM(H30:J30) -> 1840544 | M30: 0 | N30: 67606 | O30: 150000 | P30: =SUM(M30:O30) -> 217606 | R30: 0 | S30: 290000 | T30: 0 | U30: =SUM(R30:T30) -> 290000 | W30: 0 | X30: 0 | Y30: 140000 | Z30: =SUM(W30:Y30) -> 140000 | AB30: 169480 | AC30: 286551 | AD30: 0 | AE30: =SUM(AB30:AD30) -> 456031
A31: Waterside Plots | C31: 65000 | D31: 109740 | E31: 134306 | F31: =SUM(C31:E31) -> 309046 | H31: 2566000 | I31: 65000 | J31: 0 | K31: =SUM(H31:J31) -> 2631000 | M31: 0 | N31: 14826 | O31: 0 | P31: =SUM(M31:O31) -> 14826 | R31: 2501000 | S31: 0 | T31: 0 | U31: =SUM(R31:T31) -> 2501000 | W31: 0 | X31: 1210 | Y31: 0 | Z31: =SUM(W31:Y31) -> 1210 | AB31: 0 | AC31: 0 | AD31: 0 | AE31: =SUM(AB31:AD31) -> 0
A32: Creek Vistas Grande | C32: 14209313 | D32: 14010321 | E32: 14236704 | F32: =SUM(C32:E32) -> 42456338 | H32: 17240377 | I32: 35783550 | J32: 9702908.1 | K32: =SUM(H32:J32) -> 62726835 | M32: 6592382.1 | N32: 4947511.2 | O32: 1746971.4 | P32: =SUM(M32:O32) -> 13286865 | R32: 7997354 | S32: 24172282 | T32: 5692035.5 | U32: =SUM(R32:T32) -> 37861672 | W32: 3658635.8 | X32: 953549.83 | Y32: 75955.36 | Z32: =SUM(W32:Y32) -> 4688141 | AB32: 5490419.4 | AC32: 11668189 | AD32: 0 | AE32: =SUM(AB32:AD32) -> 17158609
A33: Crest | C33: =SUM(C34:C38) -> 9562978.3 | D33: =SUM(D34:D38) -> 7781042.4 | E33: =SUM(E34:E38) -> 19120769 | F33: =SUM(F34:F38) -> 36464790 | H33: =SUM(H34:H38) -> 28466749 | I33: =SUM(I34:I38) -> 92873801 | J33: =SUM(J34:J38) -> 49919206 | K33: =SUM(K34:K38) -> 1.7125976e+08 | M33: =SUM(M34:M38) -> 31381060 | N33: =SUM(N34:N38) -> 29252315 | O33: =SUM(O34:O38) -> 6495020.9 | P33: =SUM(M33:O33) -> 67128396 | R33: =SUM(R34:R38) -> 54329700 | S33: =SUM(S34:S38) -> 91477179 | T33: =SUM(T34:T38) -> 19916384 | U33: =SUM(R33:T33) -> 1.6572326e+08 | W33: =SUM(W34:W38) -> 10908968 | X33: =SUM(X34:X38) -> 2985971.3 | Y33: =SUM(Y34:Y38) -> 1150887.3 | Z33: =SUM(W33:Y33) -> 15045826 | AB33: =SUM(AB34:AB38) -> 36019998 | AC33: =SUM(AC34:AC38) -> 33839599 | AD33: =SUM(AD34:AD38) -> 0 | AE33: =SUM(AB33:AD33) -> 69859597
A34: The Crest - A | C34: 4323807.9 | D34: 2709302.1 | E34: 4868389.1 | F34: =SUM(C34:E34) -> 11901499 | H34: 7350312.3 | I34: 56404639 | J34: 28019487 | K34: =SUM(H34:J34) -> 91774438 | M34: 13348727 | N34: 17213609 | O34: 2527214.7 | P34: =SUM(M34:O34) -> 33089551 | R34: 23860780 | S34: 25980037 | T34: 7842093 | U34: =SUM(R34:T34) -> 57682910 | W34: 4782294.3 | X34: 872566.95 | Y34: 635245.68 | Z34: =SUM(W34:Y34) -> 6290106.9 | AB34: 10720140 | AC34: 8870279.5 | AD34: 0 | AE34: =SUM(AB34:AD34) -> 19590420
A35: The crest - B | C35: 2338250 | D35: 2489376.7 | E35: 7861727.6 | F35: =SUM(C35:E35) -> 12689354 | H35: 11159000 | I35: 12586023 | J35: 5147249 | K35: =SUM(H35:J35) -> 28892272 | M35: 6962643.3 | N35: 6401496.5 | O35: 1270418.1 | P35: =SUM(M35:O35) -> 14634558 | R35: 15124507 | S35: 30471122 | T35: 5475210.8 | U35: =SUM(R35:T35) -> 51070839 | W35: 2720058.9 | X35: 1005460.5 | Y35: 150469.24 | Z35: =SUM(W35:Y35) -> 3875988.7 | AB35: 13260029 | AC35: 11798775 | AD35: 0 | AE35: =SUM(AB35:AD35) -> 25058804
A36: The crest - C | C36: 2025091.4 | D36: 2276487.4 | E36: 5999835.3 | F36: =SUM(C36:E36) -> 10301414 | H36: 9319221 | I36: 8320167.4 | J36: 9162466.9 | K36: =SUM(H36:J36) -> 26801855 | M36: 5778952.9 | N36: 1310199.1 | O36: 944568.21 | P36: =SUM(M36:O36) -> 8033720.1 | R36: 12342241 | S36: 24749075 | T36: 5535668 | U36: =SUM(R36:T36) -> 42626983 | W36: 3406614.5 | X36: 823830.63 | Y36: 337292.31 | Z36: =SUM(W36:Y36) -> 4567737.5 | AB36: 9024370.4 | AC36: 9426155.1 | AD36: 0 | AE36: =SUM(AB36:AD36) -> 18450526
A37: The crest - D | C37: 845828.88 | D37: 285876.22 | E37: 333128.92 | F37: =SUM(C37:E37) -> 1464834 | H37: 638215.94 | I37: 6871374.7 | J37: 5745240.5 | K37: =SUM(H37:J37) -> 13254831 | M37: 1599292 | N37: 2605509.2 | O37: 1752819.9 | P37: =SUM(M37:O37) -> 5957621.1 | R37: 3002172.2 | S37: 9996068.3 | T37: 1063412.5 | U37: =SUM(R37:T37) -> 14061653 | W37: 0 | X37: 275080.13 | Y37: 0.06 | Z37: =SUM(W37:Y37) -> 275080.19 | AB37: 3008755.2 | AC37: 3595500.7 | AD37: 0 | AE37: =SUM(AB37:AD37) -> 6604256
A38: The Crest - Retail | C38: 30000 | D38: 20000 | E38: 57687.98 | F38: =SUM(C38:E38) -> 107687.98 | H38: 0 | I38: 8691597 | J38: 1844762 | K38: =SUM(H38:J38) -> 10536359 | M38: 3691445 | N38: 1721501 | O38: 0 | P38: =SUM(M38:O38) -> 5412946 | R38: 0 | S38: 280877.1 | T38: 0 | U38: =SUM(R38:T38) -> 280877.1 | W38: 0 | X38: 9033 | Y38: 27880 | Z38: =SUM(W38:Y38) -> 36913 | AB38: 6703 | AC38: 148888.63 | AD38: 0 | AE38: =SUM(AB38:AD38) -> 155591.63
A39: The S | C39: 3690184 | D39: 91582.41 | E39: 2724317 | F39: =SUM(C39:E39) -> 6506083.4 | H39: 1.2551534e+08 | I39: 1.2857713e+08 | J39: 68467070 | K39: =SUM(H39:J39) -> 3.2255953e+08 | M39: 1.8595834e+08 | N39: 41539967 | O39: 34806321 | P39: =SUM(M39:O39) -> 2.6230463e+08 | R39: 3747817 | S39: 18561623 | T39: 7487138 | U39: =SUM(R39:T39) -> 29796578 | W39: 10796000 | X39: 23134624 | Y39: 52443.98 | Z39: =SUM(W39:Y39) -> 33983068 | AB39: 1478310 | AC39: 0 | AD39: 0 | AE39: =SUM(AB39:AD39) -> 1478310
A40: Sub Total (A) | C40: =SUM(C7,C14,C15,C21,C26,C27,C28,C32,C33,C39) -> 56331047 | D40: =SUM(D7,D14,D15,D21,D26,D27,D28,D32,D33,D39) -> 58476860 | E40: =SUM(E7,E14,E15,E21,E26,E27,E28,E32,E33,E39) -> 63164569 | F40: =SUM(F7,F14,F15,F21,F26,F27,F28,F32,F33,F39) -> 1.7797248e+08 | H40: =SUM(H7,H14,H15,H21,H26,H27,H28,H32,H33,H39) -> 1.9613562e+08 | I40: =SUM(I7,I14,I15,I21,I26,I27,I28,I32,I33,I39) -> 2.7756561e+08 | J40: =SUM(J7,J14,J15,J21,J26,J27,J28,J32,J33,J39) -> 1.4630809e+08 | K40: =SUM(K7,K14,K15,K21,K26,K27,K28,K32,K33,K39) -> 6.2000932e+08 | M40: =SUM(M7,M14,M15,M21,M26,M27,M28,M32,M33,M39) -> 2.3364661e+08 | N40: =SUM(N7,N14,N15,N21,N26,N27,N28,N32,N33,N39) -> 82184443 | O40: =SUM(O7,O14,O15,O21,O26,O27,O28,O32,O33,O39) -> 58603679 | P40: =SUM(P7,P14,P15,P21,P26,P27,P28,P32,P33,P39) -> 3.7443473e+08 | R40: =SUM(R7,R14,R15,R21,R26,R27,R28,R32,R33,R39) -> 79936301 | S40: =SUM(S7,S14,S15,S21,S26,S27,S28,S32,S33,S39) -> 1.4317707e+08 | T40: =SUM(T7,T14,T15,T21,T26,T27,T28,T32,T33,T39) -> 44161009 | U40: =SUM(U7,U14,U15,U21,U26,U27,U28,U32,U33,U39) -> 2.6727438e+08 | W40: =SUM(W7,W14,W15,W21,W26,W27,W28,W32,W33,W39) -> 27541093 | X40: =SUM(X7,X14,X15,X21,X26,X27,X28,X32,X33,X39) -> 33121359 | Y40: =SUM(Y7,Y14,Y15,Y21,Y26,Y27,Y28,Y32,Y33,Y39) -> 7826934.6 | Z40: =SUM(Z7,Z14,Z15,Z21,Z26,Z27,Z28,Z32,Z33,Z39) -> 68489386 | AB40: =SUM(AB7,AB14,AB15,AB21,AB26,AB27,AB28,AB32,AB33,AB39) -> 44877994 | AC40: =SUM(AC7,AC14,AC15,AC21,AC26,AC27,AC28,AC32,AC33,AC39) -> 46794339 | AD40: =SUM(AD7,AD14,AD15,AD21,AD26,AD27,AD28,AD32,AD33,AD39) -> 0 | AE40: =SUM(AE7,AE14,AE15,AE21,AE26,AE27,AE28,AE32,AE33,AE39) -> 91672333
A41: Crest Grande | C41: =SUM(C42:C45) -> 26770025 | D41: =SUM(D42:D45) -> 42707735 | E41: =SUM(E42:E45) -> 45780001 | F41: =SUM(F42:F45) -> 1.1525776e+08 | H41: =SUM(H42:H45) -> 34807965 | I41: =SUM(I42:I45) -> 22822336 | J41: =SUM(J42:J45) -> 11149288 | K41: =SUM(K42:K45) -> 68779589 | M41: =SUM(M42:M45) -> 12899007 | N41: =SUM(N42:N45) -> 13296760 | O41: =SUM(O42:O45) -> 9529948.7 | P41: =SUM(M41:O41) -> 35725716 | R41: =SUM(R42:R45) -> 3864275.2 | S41: =SUM(S42:S45) -> 2849679.6 | T41: =SUM(T42:T45) -> 2141580.3 | U41: =SUM(R41:T41) -> 8855535.2 | W41: =SUM(W42:W45) -> 1030572.8 | X41: =SUM(X42:X45) -> 4371303 | Y41: =SUM(Y42:Y45) -> 11759223 | Z41: =SUM(W41:Y41) -> 17161098 | AB41: =SUM(AB42:AB45) -> 42086358 | AC41: =SUM(AC42:AC45) -> 4704980.1 | AD41: =SUM(AD42:AD45) -> 0 | AE41: =SUM(AB41:AD41) -> 46791338
A42: Crest Grande - Tower A | C42: 12572236 | D42: 15630560 | E42: 14250615 | F42: =SUM(C42:E42) -> 42453411 | H42: 9036470 | I42: 6631803.8 | J42: 4584544.4 | K42: =SUM(H42:J42) -> 20252818 | M42: 4363670.2 | N42: 3404625.1 | O42: 3130581.9 | P42: =SUM(M42:O42) -> 10898877 | R42: 1652364.1 | S42: 1231493.1 | T42: 1133022.3 | U42: =SUM(R42:T42) -> 4016879.4 | W42: 86133.15 | X42: 3013134.9 | Y42: 2906105.2 | Z42: =SUM(W42:Y42) -> 6005373.3 | AB42: 12944028 | AC42: 1574652.6 | AD42: 0 | AE42: =SUM(AB42:AD42) -> 14518680
A43: Crest Grande - Tower B | C43: 5200452 | D43: 14983321 | E43: 12503423 | F43: =SUM(C43:E43) -> 32687196 | H43: 10983591 | I43: 7759596.3 | J43: 2902654.7 | K43: =SUM(H43:J43) -> 21645842 | M43: 2078260.3 | N43: 3111900.5 | O43: 2086417.3 | P43: =SUM(M43:O43) -> 7276578 | R43: 542651.28 | S43: 499001.99 | T43: 326114.08 | U43: =SUM(R43:T43) -> 1367767.3 | W43: 799681.23 | X43: 880351.82 | Y43: 1824065.6 | Z43: =SUM(W43:Y43) -> 3504098.6 | AB43: 9733624.6 | AC43: 358236 | AD43: 0 | AE43: =SUM(AB43:AD43) -> 10091861
A44: Crest Grande - Tower C | C44: 8997337.3 | D44: 11851212 | E44: 19025657 | F44: =SUM(C44:E44) -> 39874207 | H44: 14663888 | I44: 8258311 | J44: 3281939.6 | K44: =SUM(H44:J44) -> 26204139 | M44: 6416285.4 | N44: 6691226.9 | O44: 4116922.2 | P44: =SUM(M44:O44) -> 17224434 | R44: 1486923.8 | S44: 1119184.6 | T44: 657443.97 | U44: =SUM(R44:T44) -> 3263552.3 | W44: 38684.89 | X44: 376804.7 | Y44: 6994051.9 | Z44: =SUM(W44:Y44) -> 7409541.5 | AB44: 19056018 | AC44: 2772091.5 | AD44: 0 | AE44: =SUM(AB44:AD44) -> 21828110
A45: Crest Grande - Retail | C45: 0 | D45: 242642 | E45: 305.27 | F45: =SUM(C45:E45) -> 242947.27 | H45: 124016 | I45: 172625.13 | J45: 380149.1 | K45: =SUM(H45:J45) -> 676790.23 | M45: 40791.15 | N45: 89007.46 | O45: 196027.26 | P45: =SUM(M45:O45) -> 325825.87 | R45: 182336.1 | S45: 0 | T45: 25000 | U45: =SUM(R45:T45) -> 207336.1 | W45: 106073.5 | X45: 101011.58 | Y45: 35000 | Z45: =SUM(W45:Y45) -> 242085.08 | AB45: 352687 | AC45: 0 | AD45: 0 | AE45: =SUM(AB45:AD45) -> 352687
A46: Waves Opulence | C46: 7755566 | D46: 4435945.2 | E46: 3000343.9 | F46: =SUM(C46:E46) -> 15191855 | H46: 15919959 | I46: 26243330 | J46: 13139486 | K46: =SUM(H46:J46) -> 55302775 | M46: 5648638 | N46: 1128558.9 | O46: 3213256 | P46: =SUM(M46:O46) -> 9990452.9 | R46: 11584395 | S46: 2202392.5 | T46: 10739187 | U46: =SUM(R46:T46) -> 24525975 | W46: 4972645.2 | X46: 8176439.3 | Y46: 7532839.3 | Z46: =SUM(W46:Y46) -> 20681924 | AB46: 19399316 | AC46: 744203.18 | AD46: 0 | AE46: =SUM(AB46:AD46) -> 20143519
A47: Verde | C47: 27058473 | D47: 13524459 | E47: 13825368 | F47: =SUM(C47:E47) -> 54408300 | H47: 18864720 | I47: 39225728 | J47: 30985497 | K47: =SUM(H47:J47) -> 89075945 | M47: 18042818 | N47: 15068317 | O47: 10034596 | P47: =SUM(M47:O47) -> 43145731 | R47: 22309036 | S47: 27019748 | T47: 22146231 | U47: =SUM(R47:T47) -> 71475016 | W47: 20251789 | X47: 17109861 | Y47: 13365394 | Z47: =SUM(W47:Y47) -> 50727044 | AB47: 21826756 | AC47: 3361271.3 | AD47: 0 | AE47: =SUM(AB47:AD47) -> 25188028
A48: Sobha Reserve Villas | C48: 35406815 | D48: 56702775 | E48: 74170580 | F48: =SUM(C48:E48) -> 1.6628017e+08 | H48: 73988597 | I48: 59274839 | J48: 73998220 | K48: =SUM(H48:J48) -> 2.0726166e+08 | M48: 91335029 | N48: 54850547 | O48: 40430745 | P48: =SUM(M48:O48) -> 1.8661632e+08 | R48: 72099355 | S48: 42207166 | T48: 34947420 | U48: =SUM(R48:T48) -> 1.4925394e+08 | W48: 41925909 | X48: 39293150 | Y48: 29018707 | Z48: =SUM(W48:Y48) -> 1.1023777e+08 | AB48: 28499833 | AC48: 55590.18 | AD48: 0 | AE48: =SUM(AB48:AD48) -> 28555423
A49: Hartland II Villas & Mansion | C49: =SUM(C50:C53) -> 32819151 | D49: =SUM(D50:D53) -> 60714477 | E49: =SUM(E50:E53) -> 28293669 | F49: =SUM(F50:F53) -> 1.218273e+08 | H49: =SUM(H50:H53) -> 40453863 | I49: =SUM(I50:I53) -> 46044045 | J49: =SUM(J50:J53) -> 46051647 | K49: =SUM(K50:K53) -> 1.3254956e+08 | M49: =SUM(M50:M53) -> 36695458 | N49: =SUM(N50:N53) -> 47904991 | O49: =SUM(O50:O53) -> 37795114 | P49: =SUM(M49:O49) -> 1.2239556e+08 | R49: =SUM(R50:R53) -> 65946822 | S49: =SUM(S50:S53) -> 39145208 | T49: =SUM(T50:T53) -> 31581480 | U49: =SUM(R49:T49) -> 1.3667351e+08 | W49: =SUM(W50:W53) -> 24305698 | X49: =SUM(X50:X53) -> 6961884 | Y49: =SUM(Y50:Y53) -> 16122884 | Z49: =SUM(W49:Y49) -> 47390466 | AB49: =SUM(AB50:AB53) -> 19179151 | AC49: =SUM(AC50:AC53) -> 1995632 | AD49: =SUM(AD50:AD53) -> 0 | AE49: =SUM(AB49:AD49) -> 21174783
A50: Hartland II Villas | C50: 30069755 | D50: 42115216 | E50: 18422870 | F50: =SUM(C50:E50) -> 90607841 | H50: 34051946 | I50: 31404208 | J50: 17004898 | K50: =SUM(H50:J50) -> 82461052 | M50: 25251980 | N50: 35894972 | O50: 25149361 | P50: =SUM(M50:O50) -> 86296312 | R50: 32806064 | S50: 35103218 | T50: 14675890 | U50: =SUM(R50:T50) -> 82585172 | W50: 7250000 | X50: 1150229 | Y50: 0 | Z50: =SUM(W50:Y50) -> 8400229 | AB50: 3633300 | AC50: 1995632 | AD50: 0 | AE50: =SUM(AB50:AD50) -> 5628932
A51: Hartland II Mansion | C51: 0 | D51: 13000000 | E51: 0 | F51: =SUM(C51:E51) -> 13000000 | H51: 0 | I51: 0 | J51: 19500000 | K51: =SUM(H51:J51) -> 19500000 | M51: 0 | N51: 0 | O51: 0 | P51: =SUM(M51:O51) -> 0 | R51: 13000000 | S51: 0 | T51: 0 | U51: =SUM(R51:T51) -> 13000000 | W51: 0 | X51: 0 | Y51: 0 | Z51: =SUM(W51:Y51) -> 0 | AB51: 0 | AC51: 0 | AD51: 0 | AE51: =SUM(AB51:AD51) -> 0
A52: Hartland II Villas 6BR | C52: 0 | D52: 0 | E52: 0 | F52: =SUM(C52:E52) -> 0 | H52: 0 | I52: 0 | J52: 0 | K52: =SUM(H52:J52) -> 0 | M52: 0 | N52: 0 | O52: 0 | P52: =SUM(M52:O52) -> 0 | R52: 0 | S52: 0 | T52: 0 | U52: =SUM(R52:T52) -> 0 | W52: 0 | X52: 0 | Y52: 0 | Z52: =SUM(W52:Y52) -> 0 | AB52: 0 | AC52: 0 | AD52: 0 | AE52: =SUM(AB52:AD52) -> 0
A53: Hartland II Villas-Phase II | C53: 2749396 | D53: 5599261 | E53: 9870799.3 | F53: =SUM(C53:E53) -> 18219456 | H53: 6401916.4 | I53: 14639837 | J53: 9546749.3 | K53: =SUM(H53:J53) -> 30588503 | M53: 11443478 | N53: 12010019 | O53: 12645753 | P53: =SUM(M53:O53) -> 36099250 | R53: 20140759 | S53: 4041990 | T53: 16905590 | U53: =SUM(R53:T53) -> 41088339 | W53: 17055698 | X53: 5811655 | Y53: 16122884 | Z53: =SUM(W53:Y53) -> 38990237 | AB53: 15545851 | AC53: 0 | AD53: 0 | AE53: =SUM(AB53:AD53) -> 15545851
A54: Riverside Crescent | C54: =SUM(C55:C60) -> 1.1065832e+08 | D54: =SUM(D55:D60) -> 110952155 | E54: =SUM(E55:E60) -> 1.038632e+08 | F54: =SUM(F55:F60) -> 3.2547368e+08 | H54: =SUM(H55:H60) -> 1.1254722e+08 | I54: =SUM(I55:I60) -> 1.0619332e+08 | J54: =SUM(J55:J60) -> 1.2731812e+08 | K54: =SUM(K55:K60) -> 3.4605866e+08 | M54: =SUM(M55:M60) -> 1.4798106e+08 | N54: =SUM(N55:N60) -> 1.1699276e+08 | O54: =SUM(O55:O60) -> 1.1668617e+08 | P54: =SUM(M54:O54) -> 3.8165999e+08 | R54: =SUM(R55:R60) -> 1.1785535e+08 | S54: =SUM(S55:S60) -> 64041543 | T54: =SUM(T55:T60) -> 1.057045e+08 | U54: =SUM(R54:T54) -> 2.8760139e+08 | W54: =SUM(W55:W60) -> 1.5336074e+08 | X54: =SUM(X55:X60) -> 1.2688389e+08 | Y54: =SUM(Y55:Y60) -> 98619753 | Z54: =SUM(W54:Y54) -> 3.7886439e+08 | AB54: =SUM(AB55:AB60) -> 95974573 | AC54: =SUM(AC55:AC60) -> 7152144.9 | AD54: =SUM(AD55:AD60) -> 0 | AE54: =SUM(AB54:AD54) -> 1.0312672e+08
A55: 320 Riverside Crescent | C55: 13527485 | D55: 9844708.5 | E55: 20115341 | F55: =SUM(C55:E55) -> 43487535 | H55: 27338701 | I55: 25635432 | J55: 19429819 | K55: =SUM(H55:J55) -> 72403951 | M55: 15976987 | N55: 10098643 | O55: 21030217 | P55: =SUM(M55:O55) -> 47105848 | R55: 28941890 | S55: 16829666 | T55: 16177521 | U55: =SUM(R55:T55) -> 61949077 | W55: 18871758 | X55: 12025468 | Y55: 19050199 | Z55: =SUM(W55:Y55) -> 49947426 | AB55: 23062456 | AC55: 1635207.3 | AD55: 0 | AE55: =SUM(AB55:AD55) -> 24697663
A56: 330 Riverside Crescent | C56: 16041319 | D56: 31525845 | E56: 17037763 | F56: =SUM(C56:E56) -> 64604927 | H56: 16093762 | I56: 9576466.1 | J56: 5711126.3 | K56: =SUM(H56:J56) -> 31381354 | M56: 21804813 | N56: 28241704 | O56: 23085358 | P56: =SUM(M56:O56) -> 73131874 | R56: 19201316 | S56: 9310013.2 | T56: 7664062.7 | U56: =SUM(R56:T56) -> 36175392 | W56: 23385313 | X56: 33515574 | Y56: 15187769 | Z56: =SUM(W56:Y56) -> 72088656 | AB56: 13390241 | AC56: 794136.83 | AD56: 0 | AE56: =SUM(AB56:AD56) -> 14184378
A57: 340 Riverside Crescent | C57: 20237356 | D57: 12213387 | E57: 10267607 | F57: =SUM(C57:E57) -> 42718350 | H57: 7920212.6 | I57: 13143752 | J57: 33535373 | K57: =SUM(H57:J57) -> 54599337 | M57: 27464271 | N57: 16754260 | O57: 12164418 | P57: =SUM(M57:O57) -> 56382949 | R57: 11080726 | S57: 10500051 | T57: 36826671 | U57: =SUM(R57:T57) -> 58407447 | W57: 20920791 | X57: 15193647 | Y57: 10212284 | Z57: =SUM(W57:Y57) -> 46326723 | AB57: 7139886.5 | AC57: 526510.81 | AD57: 0 | AE57: =SUM(AB57:AD57) -> 7666397.3
A58: 360 Riverside Crescent | C58: 16989910 | D58: 19303862 | E58: 23630500 | F58: =SUM(C58:E58) -> 59924271 | H58: 25434778 | I58: 18957107 | J58: 15551270 | K58: =SUM(H58:J58) -> 59943155 | M58: 26129244 | N58: 22429802 | O58: 27664441 | P58: =SUM(M58:O58) -> 76223487 | R58: 24188471 | S58: 10958402 | T58: 11275279 | U58: =SUM(R58:T58) -> 46422153 | W58: 26177154 | X58: 22518283 | Y58: 21506508 | Z58: =SUM(W58:Y58) -> 70201944 | AB58: 23863233 | AC58: 1806461 | AD58: 0 | AE58: =SUM(AB58:AD58) -> 25669694
A59: 350 Riverside Crescent | C59: 23462918 | D59: 20003996 | E59: 14078647 | F59: =SUM(C59:E59) -> 57545561 | H59: 15019660 | I59: 16582514 | J59: 26512822 | K59: =SUM(H59:J59) -> 58114996 | M59: 26361482 | N59: 18353599 | O59: 14594116 | P59: =SUM(M59:O59) -> 59309197 | R59: 15625079 | S59: 6402033.9 | T59: 20233322 | U59: =SUM(R59:T59) -> 42260435 | W59: 29494699 | X59: 19577044 | Y59: 13662891 | Z59: =SUM(W59:Y59) -> 62734635 | AB59: 12921994 | AC59: 662504.78 | AD59: 0 | AE59: =SUM(AB59:AD59) -> 13584499
A60: 310 Riverside Crescent | C60: 20399336 | D60: 18060357 | E60: 18733340 | F60: =SUM(C60:E60) -> 57193033 | H60: 20740108 | I60: 22298048 | J60: 26577715 | K60: =SUM(H60:J60) -> 69615870 | M60: 30244263 | N60: 21114755 | O60: 18147617 | P60: =SUM(M60:O60) -> 69506635 | R60: 18817866 | S60: 10041377 | T60: 13527646 | U60: =SUM(R60:T60) -> 42386889 | W60: 34511027 | X60: 24053875 | Y60: 19000102 | Z60: =SUM(W60:Y60) -> 77565004 | AB60: 15596763 | AC60: 1727324.2 | AD60: 0 | AE60: =SUM(AB60:AD60) -> 17324087
A61: Creek vista Heights | C61: =SUM(C62:C64) -> 26618473 | D61: =SUM(D62:D64) -> 28620992 | E61: =SUM(E62:E64) -> 39258594 | F61: =SUM(F62:F64) -> 94498059 | H61: =SUM(H62:H64) -> 43067006 | I61: =SUM(I62:I64) -> 29794816 | J61: =SUM(J62:J64) -> 20943482 | K61: =SUM(K62:K64) -> 93805304 | M61: =SUM(M62:M64) -> 25633860 | N61: =SUM(N62:N64) -> 14355258 | O61: =SUM(O62:O64) -> 9204472.6 | P61: =SUM(M61:O61) -> 49193591 | R61: =SUM(R62:R64) -> 5467205.9 | S61: =SUM(S62:S64) -> 4679319.9 | T61: =SUM(T62:T64) -> 6496669.7 | U61: =SUM(R61:T61) -> 16643195 | W61: =SUM(W62:W64) -> 7379515.8 | X61: =SUM(X62:X64) -> 5738245.6 | Y61: =SUM(Y62:Y64) -> 5030494.7 | Z61: =SUM(W61:Y61) -> 18148256 | AB61: =SUM(AB62:AB64) -> 5335696.1 | AC61: =SUM(AC62:AC64) -> 56712.36 | AD61: =SUM(AD62:AD64) -> 0 | AE61: =SUM(AB61:AD61) -> 5392408.5
A62: Creek vista heights tower A | C62: 8205179.4 | D62: 13890645 | E62: 21904629 | F62: =SUM(C62:E62) -> 44000453 | H62: 18935983 | I62: 8946897.8 | J62: 3844793.3 | K62: =SUM(H62:J62) -> 31727674 | M62: 6920020.7 | N62: 3408139.2 | O62: 2065022.3 | P62: =SUM(M62:O62) -> 12393182 | R62: 2102446.7 | S62: 510567.41 | T62: 1953473.3 | U62: =SUM(R62:T62) -> 4566487.4 | W62: 3406583.4 | X62: 1683902.9 | Y62: 1193207.4 | Z62: =SUM(W62:Y62) -> 6283693.7 | AB62: 1810899.2 | AC62: 28918.28 | AD62: 0 | AE62: =SUM(AB62:AD62) -> 1839817.5
A63: Creek vista heights tower B | C63: 17803890 | D63: 14730347 | E63: 17062839 | F63: =SUM(C63:E63) -> 49597076 | H63: 23981023 | I63: 20694179 | J63: 15802852 | K63: =SUM(H63:J63) -> 60478054 | M63: 18697611 | N63: 10649640 | O63: 6827599.3 | P63: =SUM(M63:O63) -> 36174850 | R63: 3129759.2 | S63: 4168752.5 | T63: 4543196.3 | U63: =SUM(R63:T63) -> 11841708 | W63: 3681714 | X63: 3474342.6 | Y63: 3337287.3 | Z63: =SUM(W63:Y63) -> 10493344 | AB63: 3187939.6 | AC63: 27794.08 | AD63: 0 | AE63: =SUM(AB63:AD63) -> 3215733.7
A64: Creek vista heights retail | C64: 609403.5 | D64: 0 | E64: 291126 | F64: =SUM(C64:E64) -> 900529.5 | H64: 150000 | I64: 153739.2 | J64: 1295837 | K64: =SUM(H64:J64) -> 1599576.2 | M64: 16228.33 | N64: 297478.8 | O64: 311851 | P64: =SUM(M64:O64) -> 625558.13 | R64: 235000 | S64: 0 | T64: 0 | U64: =SUM(R64:T64) -> 235000 | W64: 291218.4 | X64: 580000 | Y64: 500000 | Z64: =SUM(W64:Y64) -> 1371218.4 | AB64: 336857.3 | AC64: 0 | AD64: 0 | AE64: =SUM(AB64:AD64) -> 336857.3
A65: Sobha One | C65: =SUM(C66:C72) -> 1.0560734e+08 | D65: =SUM(D66:D72) -> 93625143 | E65: =SUM(E66:E72) -> 72504290 | F65: =SUM(F66:F72) -> 2.7173677e+08 | H65: =SUM(H66:H72) -> 60996526 | I65: =SUM(I66:I72) -> 90723852 | J65: =SUM(J66:J72) -> 1.017421e+08 | K65: =SUM(K66:K72) -> 2.5346248e+08 | M65: =SUM(M66:M72) -> 1.0645879e+08 | N65: =SUM(N66:N72) -> 96452030 | O65: =SUM(O66:O72) -> 73681493 | P65: =SUM(M65:O65) -> 2.7659231e+08 | R65: =SUM(R66:R72) -> 63935843 | S65: =SUM(S66:S72) -> 49510188 | T65: =SUM(T66:T72) -> 48570333 | U65: =SUM(R65:T65) -> 1.6201636e+08 | W65: =SUM(W66:W72) -> 80511165 | X65: =SUM(X66:X72) -> 57478963 | Y65: =SUM(Y66:Y72) -> 40927552 | Z65: =SUM(W65:Y65) -> 1.7891768e+08 | AB65: =SUM(AB66:AB72) -> 33451421 | AC65: =SUM(AC66:AC72) -> 4411087.5 | AD65: =SUM(AD66:AD72) -> 0 | AE65: =SUM(AB65:AD65) -> 37862509
A66: Sobha One Tower A | C66: 25573872 | D66: 23393837 | E66: 16543670 | F66: =SUM(C66:E66) -> 65511380 | H66: 8961249.3 | I66: 13960934 | J66: 21997393 | K66: =SUM(H66:J66) -> 44919576 | M66: 23474118 | N66: 20964860 | O66: 15157996 | P66: =SUM(M66:O66) -> 59596974 | R66: 10566479 | S66: 10853718 | T66: 10773077 | U66: =SUM(R66:T66) -> 32193275 | W66: 10372473 | X66: 8641590.8 | Y66: 10084355 | Z66: =SUM(W66:Y66) -> 29098419 | AB66: 5431023.6 | AC66: 159489 | AD66: 0 | AE66: =SUM(AB66:AD66) -> 5590512.6
A67: Sobha One Tower B | C67: 28605291 | D67: 20456552 | E67: 14204775 | F67: =SUM(C67:E67) -> 63266618 | H67: 17104773 | I67: 27175214 | J67: 21959625 | K67: =SUM(H67:J67) -> 66239612 | M67: 26447762 | N67: 20194983 | O67: 15787419 | P67: =SUM(M67:O67) -> 62430163 | R67: 11739111 | S67: 9788890.3 | T67: 7864062.7 | U67: =SUM(R67:T67) -> 29392064 | W67: 9858279.1 | X67: 11361404 | Y67: 4800666 | Z67: =SUM(W67:Y67) -> 26020349 | AB67: 5565624.4 | AC67: 796361.54 | AD67: 0 | AE67: =SUM(AB67:AD67) -> 6361985.9
A68: Sobha One Tower C | C68: 13682744 | D68: 14902688 | E68: 12293787 | F68: =SUM(C68:E68) -> 40879219 | H68: 8927392.8 | I68: 17730303 | J68: 12517640 | K68: =SUM(H68:J68) -> 39175336 | M68: 16844023 | N68: 16938430 | O68: 12185613 | P68: =SUM(M68:O68) -> 45968066 | R68: 7799086.4 | S68: 9532209.1 | T68: 7350385.1 | U68: =SUM(R68:T68) -> 24681681 | W68: 10309421 | X68: 8387215.2 | Y68: 4702861.3 | Z68: =SUM(W68:Y68) -> 23399497 | AB68: 5159322.1 | AC68: 1901569.6 | AD68: 0 | AE68: =SUM(AB68:AD68) -> 7060891.7
A69: Sobha One Tower D | C69: 21135695 | D69: 12891488 | E69: 12474390 | F69: =SUM(C69:E69) -> 46501574 | H69: 12363045 | I69: 12855814 | J69: 14608205 | K69: =SUM(H69:J69) -> 39827064 | M69: 22734079 | N69: 11932577 | O69: 11291187 | P69: =SUM(M69:O69) -> 45957843 | R69: 15054491 | S69: 4812230.6 | T69: 6881885.3 | U69: =SUM(R69:T69) -> 26748607 | W69: 8919228.1 | X69: 11443029 | Y69: 5446002.9 | Z69: =SUM(W69:Y69) -> 25808260 | AB69: 5600133.8 | AC69: 789721 | AD69: 0 | AE69: =SUM(AB69:AD69) -> 6389854.8
A70: Sobha One Tower E | C70: 14704135 | D70: 14110275 | E70: 10597079 | F70: =SUM(C70:E70) -> 39411489 | H70: 8291326.2 | I70: 10631068 | J70: 25974616 | K70: =SUM(H70:J70) -> 44897010 | M70: 12465793 | N70: 17170221 | O70: 11231159 | P70: =SUM(M70:O70) -> 40867173 | R70: 11242246 | S70: 11149166 | T70: 11006728 | U70: =SUM(R70:T70) -> 33398140 | W70: 16839450 | X70: 7082803.1 | Y70: 6801025.4 | Z70: =SUM(W70:Y70) -> 30723278 | AB70: 5361957.4 | AC70: 266804.18 | AD70: 0 | AE70: =SUM(AB70:AD70) -> 5628761.6
A71: Sobha One - Podium | C71: 1905599.9 | D71: 7870302.2 | E71: 6390588.9 | F71: =SUM(C71:E71) -> 16166491 | H71: 5348739 | I71: 8370518.6 | J71: 4684623.6 | K71: =SUM(H71:J71) -> 18403881 | M71: 4493013.8 | N71: 9250959.2 | O71: 6305553.1 | P71: =SUM(M71:O71) -> 20049526 | R71: 6357308.3 | S71: 1802556.2 | T71: 4694194.6 | U71: =SUM(R71:T71) -> 12854059 | W71: 9350966.9 | X71: 8640698.2 | Y71: 6392641.4 | Z71: =SUM(W71:Y71) -> 24384307 | AB71: 6330341 | AC71: 497142.2 | AD71: 0 | AE71: =SUM(AB71:AD71) -> 6827483.2
A72: Sobha One Retail Tower | C72: 0 | D72: 0 | E72: 0 | F72: =SUM(C72:E72) -> 0 | H72: 0 | I72: 0 | J72: 0 | K72: =SUM(H72:J72) -> 0 | M72: 0 | N72: 0 | O72: 1722566 | P72: =SUM(M72:O72) -> 1722566 | R72: 1177120.6 | S72: 1571418.2 | T72: 0 | U72: =SUM(R72:T72) -> 2748538.8 | W72: 14861347 | X72: 1922223 | Y72: 2700000 | Z72: =SUM(W72:Y72) -> 19483570 | AB72: 3019 | AC72: 0 | AD72: 0 | AE72: =SUM(AB72:AD72) -> 3019
A73: Sub Total (B) | C73: =SUM(C41,C46,C47,C48,C49,C54,C61,C65) -> 3.7269416e+08 | D73: =SUM(D41,D46,D47,D48,D49,D54,D61,D65) -> 4.1128368e+08 | E73: =SUM(E41,E46,E47,E48,E49,E54,E61,E65) -> 3.8069604e+08 | F73: =SUM(F41,F46,F47,F48,F49,F54,F61,F65) -> 1.1646739e+09 | H73: =SUM(H41,H46,H47,H48,H49,H54,H61,H65) -> 4.0064586e+08 | I73: =SUM(I41,I46,I47,I48,I49,I54,I61,I65) -> 4.2032227e+08 | J73: =SUM(J41,J46,J47,J48,J49,J54,J61,J65) -> 4.2532785e+08 | K73: =SUM(K41,K46,K47,K48,K49,K54,K61,K65) -> 1.246296e+09 | M73: =SUM(M41,M46,M47,M48,M49,M54,M61,M65) -> 4.4469466e+08 | N73: =SUM(N41,N46,N47,N48,N49,N54,N61,N65) -> 3.6004922e+08 | O73: =SUM(O41,O46,O47,O48,O49,O54,O61,O65) -> 3.0057579e+08 | P73: =SUM(P41,P46,P47,P48,P49,P54,P61,P65) -> 1.1053197e+09 | R73: =SUM(R41,R46,R47,R48,R49,R54,R61,R65) -> 3.6306228e+08 | S73: =SUM(S41,S46,S47,S48,S49,S54,S61,S65) -> 2.3165525e+08 | T73: =SUM(T41,T46,T47,T48,T49,T54,T61,T65) -> 2.623274e+08 | U73: =SUM(U41,U46,U47,U48,U49,U54,U61,U65) -> 8.5704493e+08 | W73: =SUM(W41,W46,W47,W48,W49,W54,W61,W65) -> 3.3373804e+08 | X73: =SUM(X41,X46,X47,X48,X49,X54,X61,X65) -> 2.6601374e+08 | Y73: =SUM(Y41,Y46,Y47,Y48,Y49,Y54,Y61,Y65) -> 2.2237685e+08 | Z73: =SUM(Z41,Z46,Z47,Z48,Z49,Z54,Z61,Z65) -> 8.2212862e+08 | AB73: =SUM(AB41,AB46,AB47,AB48,AB49,AB54,AB61,AB65) -> 2.657531e+08 | AC73: =SUM(AC41,AC46,AC47,AC48,AC49,AC54,AC61,AC65) -> 22481622 | AD73: =SUM(AD41,AD46,AD47,AD48,AD49,AD54,AD61,AD65) -> 0 | AE73: =SUM(AE41,AE46,AE47,AE48,AE49,AE54,AE61,AE65) -> 2.8823473e+08
A74: Sea Haven | C74: =SUM(C75:C77) -> 49186021 | D74: =SUM(D75:D77) -> 42974191 | E74: =SUM(E75:E77) -> 58989302 | F74: =SUM(F75:F77) -> 1.5114951e+08 | H74: =SUM(H75:H77) -> 77810386 | I74: =SUM(I75:I77) -> 90666168 | J74: =SUM(J75:J77) -> 34681192 | K74: =SUM(K75:K77) -> 2.0315775e+08 | M74: =SUM(M75:M77) -> 26521330 | N74: =SUM(N75:N77) -> 31295447 | O74: =SUM(O75:O77) -> 86728008 | P74: =SUM(M74:O74) -> 1.4454478e+08 | R74: =SUM(R75:R77) -> 1.0017411e+08 | S74: =SUM(S75:S77) -> 54263140 | T74: =SUM(T75:T77) -> 59472145 | U74: =SUM(R74:T74) -> 2.139094e+08 | W74: =SUM(W75:W77) -> 58875840 | X74: =SUM(X75:X77) -> 31520634 | Y74: =SUM(Y75:Y77) -> 69057212 | Z74: =SUM(W74:Y74) -> 1.5945369e+08 | AB74: =SUM(AB75:AB77) -> 72046724 | AC74: =SUM(AC75:AC77) -> 2397765.9 | AD74: =SUM(AD75:AD77) -> 0 | AE74: =SUM(AB74:AD74) -> 74444490
A75: Sea Haven Tower A | C75: 24809808 | D75: 18227586 | E75: 42480923 | F75: =SUM(C75:E75) -> 85518316 | H75: 39890851 | I75: 40647787 | J75: 12289457 | K75: =SUM(H75:J75) -> 92828095 | M75: 6407773.8 | N75: 9264199.4 | O75: 48112888 | P75: =SUM(M75:O75) -> 63784861 | R75: 56994515 | S75: 23048756 | T75: 26482523 | U75: =SUM(R75:T75) -> 1.0652579e+08 | W75: 26548512 | X75: 13248359 | Y75: 45095992 | Z75: =SUM(W75:Y75) -> 84892863 | AB75: 33099124 | AC75: 906345.5 | AD75: 0 | AE75: =SUM(AB75:AD75) -> 34005470
A76: Sea Haven Tower B | C76: 14478492 | D76: 13060232 | E76: 13318878 | F76: =SUM(C76:E76) -> 40857602 | H76: 25931267 | I76: 30202046 | J76: 10493098 | K76: =SUM(H76:J76) -> 66626412 | M76: 9516918.4 | N76: 13608222 | O76: 27174819 | P76: =SUM(M76:O76) -> 50299959 | R76: 25957131 | S76: 16519752 | T76: 17996206 | U76: =SUM(R76:T76) -> 60473089 | W76: 21291406 | X76: 11318453 | Y76: 16965230 | Z76: =SUM(W76:Y76) -> 49575089 | AB76: 27178131 | AC76: 1491420.4 | AD76: 0 | AE76: =SUM(AB76:AD76) -> 28669551
A77: Sea Haven Tower C | C77: 9897721.5 | D77: 11686374 | E77: 3189500.7 | F77: =SUM(C77:E77) -> 24773596 | H77: 11988268 | I77: 19816335 | J77: 11898637 | K77: =SUM(H77:J77) -> 43703240 | M77: 10596638 | N77: 8423025.2 | O77: 11440301 | P77: =SUM(M77:O77) -> 30459964 | R77: 17222468 | S77: 14694631 | T77: 14993416 | U77: =SUM(R77:T77) -> 46910516 | W77: 11035922 | X77: 6953822.7 | Y77: 6995990 | Z77: =SUM(W77:Y77) -> 24985735 | AB77: 11769469 | AC77: 0 | AD77: 0 | AE77: =SUM(AB77:AD77) -> 11769469
A78: Sobha Orbis | C78: =SUM(C79:C86) -> 19465902 | D78: =SUM(D79:D86) -> 21347202 | E78: =SUM(E79:E86) -> 47098662 | F78: =SUM(F79:F86) -> 87911765 | H78: =SUM(H79:H86) -> 46600458 | I78: =SUM(I79:I86) -> 46840907 | J78: =SUM(J79:J86) -> 32838782 | K78: =SUM(K79:K86) -> 1.2628015e+08 | M78: =SUM(M79:M86) -> 36845602 | N78: =SUM(N79:N86) -> 43479862 | O78: =SUM(O79:O86) -> 65853995 | P78: =SUM(M78:O78) -> 1.4617946e+08 | R78: =SUM(R79:R86) -> 57590056 | S78: =SUM(S79:S86) -> 53024696 | T78: =SUM(T79:T86) -> 44089686 | U78: =SUM(R78:T78) -> 1.5470444e+08 | W78: =SUM(W79:W86) -> 43253885 | X78: =SUM(X79:X86) -> 30322015 | Y78: =SUM(Y79:Y86) -> 46563584 | Z78: =SUM(W78:Y78) -> 1.2013948e+08 | AB78: =SUM(AB79:AB86) -> 50883755 | AC78: =SUM(AC79:AC86) -> 4611478 | AD78: =SUM(AD79:AD86) -> 0 | AE78: =SUM(AB78:AD78) -> 55495233
A79: Sobha Orbis Tower A | C79: 2990114.5 | D79: 5334172.8 | E79: 21399582 | F79: =SUM(C79:E79) -> 29723870 | H79: 13996723 | I79: 7296318.4 | J79: 3836805.7 | K79: =SUM(H79:J79) -> 25129847 | M79: 4388827.7 | N79: 7190187.6 | O79: 24756246 | P79: =SUM(M79:O79) -> 36335261 | R79: 11448005 | S79: 10250173 | T79: 5444033.1 | U79: =SUM(R79:T79) -> 27142211 | W79: 4573513.4 | X79: 5829026.8 | Y79: 19716322 | Z79: =SUM(W79:Y79) -> 30118862 | AB79: 8217138.7 | AC79: 947855.07 | AD79: 0 | AE79: =SUM(AB79:AD79) -> 9164993.7 | AH79: Sobha Orbis Tower A | AI79: =AH79=A79 -> TRUE
A80: Sobha Orbis Tower B | C80: 5989388.7 | D80: 6607928 | E80: 6742681.4 | F80: =SUM(C80:E80) -> 19339998 | H80: 8492342.9 | I80: 13036780 | J80: 9563789.4 | K80: =SUM(H80:J80) -> 31092913 | M80: 10101385 | N80: 11440530 | O80: 6932577.7 | P80: =SUM(M80:O80) -> 28474493 | R80: 10506054 | S80: 11408916 | T80: 11820091 | U80: =SUM(R80:T80) -> 33735061 | W80: 11647249 | X80: 6444532.1 | Y80: 4480553.9 | Z80: =SUM(W80:Y80) -> 22572336 | AB80: 7837124.7 | AC80: 880386 | AD80: 0 | AE80: =SUM(AB80:AD80) -> 8717510.7 | AH80: Sobha Orbis Tower B | AI80: =AH80=A80 -> TRUE
A81: Sobha Orbis Tower C | C81: 427103.5 | D81: 1163478.9 | E81: 1021914.3 | F81: =SUM(C81:E81) -> 2612496.7 | H81: 652010.78 | I81: 1967400.8 | J81: 1917194.5 | K81: =SUM(H81:J81) -> 4536606.1 | M81: 2151376.8 | N81: 2868100.1 | O81: 3716497.5 | P81: 0 | R81: 3670541.4 | S81: 4533893 | T81: 4253501.8 | U81: =SUM(R81:T81) -> 12457936 | W81: 3179832.5 | X81: 1339427.7 | Y81: 683493.96 | Z81: =SUM(W81:Y81) -> 5202754.1 | AB81: 3006004.9 | AC81: 337235.67 | AD81: 0 | AE81: =SUM(AB81:AD81) -> 3343240.5 | AH81: Sobha Orbis Tower C | AI81: =AH81=A81 -> TRUE
A82: Sobha Orbis Tower D | C82: 0 | D82: 99736.43 | E82: 962381.05 | F82: =SUM(C82:E82) -> 1062117.5 | H82: 1900242.9 | I82: 1145289.9 | J82: 1468823.9 | K82: =SUM(H82:J82) -> 4514356.7 | M82: 3696601.7 | N82: 3502110.2 | O82: 5227305.5 | P82: =SUM(M82:O82) -> 12426017 | R82: 4517984.2 | S82: 4497714.5 | T82: 4243184.6 | U82: =SUM(R82:T82) -> 13258883 | W82: 4774961.8 | X82: 3180420.6 | Y82: 4117969.6 | Z82: =SUM(W82:Y82) -> 12073352 | AB82: 2078795.9 | AC82: 187809 | AD82: 0 | AE82: =SUM(AB82:AD82) -> 2266604.9 | AH82: Sobha Orbis Tower D | AI82: =AH82=A82 -> TRUE
A83: Sobha Orbis Tower E | C83: 7187577.7 | D83: 5991121.5 | E83: 14436866 | F83: =SUM(C83:E83) -> 27615565 | H83: 16557414 | I83: 15631673 | J83: 10544122 | K83: =SUM(H83:J83) -> 42733210 | M83: 9472058.4 | N83: 10314468 | O83: 16990286 | P83: =SUM(M83:O83) -> 36776813 | R83: 17157855 | S83: 11121005 | T83: 10006759 | U83: =SUM(R83:T83) -> 38285620 | W83: 8807654 | X83: 7699413.6 | Y83: 12442352 | Z83: =SUM(W83:Y83) -> 28949419 | AB83: 12667136 | AC83: 1073794.3 | AD83: 0 | AE83: =SUM(AB83:AD83) -> 13740930 | AH83: Sobha Orbis Tower E | AI83: =AH83=A83 -> TRUE
A84: Sobha Orbis Tower F | C84: 1176301 | D84: 245829 | E84: 1085818.3 | F84: =SUM(C84:E84) -> 2507948.2 | H84: 3184399.2 | I84: 4157129.9 | J84: 2733931.3 | K84: =SUM(H84:J84) -> 10075460 | M84: 3668778.5 | N84: 4098438.4 | O84: 4463399.2 | P84: =SUM(M84:O84) -> 12230616 | R84: 6150720.5 | S84: 5336180.9 | T84: 3585139.4 | U84: =SUM(R84:T84) -> 15072041 | W84: 3824577.8 | X84: 2107209 | Y84: 2556754.2 | Z84: =SUM(W84:Y84) -> 8488541 | AB84: 3921660.7 | AC84: 1014709 | AD84: 0 | AE84: =SUM(AB84:AD84) -> 4936369.6 | AH84: Sobha Orbis Tower F | AI84: =AH84=A84 -> TRUE
A85: Sobha Orbis Tower G | C85: 1695416.2 | D85: 1904935 | E85: 1449418.2 | F85: =SUM(C85:E85) -> 5049769.4 | H85: 1817324.7 | I85: 3606314.5 | J85: 2774114.7 | K85: =SUM(H85:J85) -> 8197753.9 | M85: 3366574.1 | N85: 4066027.2 | O85: 3767682.4 | P85: =SUM(M85:O85) -> 11200284 | R85: 4106630.6 | S85: 5876813.1 | T85: 4453084.5 | U85: =SUM(R85:T85) -> 14436528 | W85: 5197682.9 | X85: 3640212.7 | Y85: 2219635.7 | Z85: =SUM(W85:Y85) -> 11057531 | AB85: 2444260.4 | AC85: 169689 | AD85: 0 | AE85: =SUM(AB85:AD85) -> 2613949.4 | AH85: Sobha Orbis Tower G | AI85: =AH85=A85 -> TRUE
A86: Orbis Tower Plaza | C86: 0 | D86: 0 | E86: 0 | F86: =SUM(C86:E86) -> 0 | H86: 0 | I86: 0 | J86: 0 | K86: =SUM(H86:J86) -> 0 | M86: 0 | N86: 0 | O86: 0 | P86: =SUM(M86:O86) -> 0 | R86: 32265 | S86: 0 | T86: 283893 | U86: =SUM(R86:T86) -> 316158 | W86: 1248413 | X86: 81773 | Y86: 346503 | Z86: =SUM(W86:Y86) -> 1676689 | AB86: 10711634 | AC86: 0 | AD86: 0 | AE86: =SUM(AB86:AD86) -> 10711634
A87: Skyscape | C87: =SUM(C88:C90) -> 16849486 | D87: =SUM(D88:D90) -> 6569354.6 | E87: =SUM(E88:E90) -> 9250495.5 | F87: =SUM(F88:F90) -> 32669337 | H87: =SUM(H88:H90) -> 10154426 | I87: =SUM(I88:I90) -> 32503146 | J87: =SUM(J88:J90) -> 24592072 | K87: =SUM(K88:K90) -> 67249644 | M87: =SUM(M88:M90) -> 34224436 | N87: =SUM(N88:N90) -> 29683165 | O87: =SUM(O88:O90) -> 26981677 | P87: =SUM(M87:O87) -> 90889278 | R87: =SUM(R88:R90) -> 31231364 | S87: =SUM(S88:S90) -> 21454985 | T87: =SUM(T88:T90) -> 21860074 | U87: =SUM(R87:T87) -> 74546423 | W87: =SUM(W88:W90) -> 28473646 | X87: =SUM(X88:X90) -> 22192285 | Y87: =SUM(Y88:Y90) -> 11853381 | Z87: =SUM(W87:Y87) -> 62519313 | AB87: =SUM(AB88:AB90) -> 14412034 | AC87: =SUM(AC88:AC90) -> 4886121 | AD87: =SUM(AD88:AD90) -> 0 | AE87: =SUM(AB87:AD87) -> 19298155
A88: Skyscape Avenue | C88: 4865549.1 | D88: 66174.08 | E88: 3496051.6 | F88: =SUM(C88:E88) -> 8427774.8 | H88: 2264371.7 | I88: 23204915 | J88: 7622388.3 | K88: =SUM(H88:J88) -> 33091675 | M88: 7675538.2 | N88: 5809062.6 | O88: 6484440.5 | P88: =SUM(M88:O88) -> 19969041 | R88: 7045059.4 | S88: 6016694.7 | T88: 5461727.8 | U88: =SUM(R88:T88) -> 18523482 | W88: 5470762.7 | X88: 5032639.6 | Y88: 3490710.3 | Z88: =SUM(W88:Y88) -> 13994113 | AB88: 6201851.5 | AC88: 3704266.8 | AD88: 0 | AE88: =SUM(AB88:AD88) -> 9906118.3
A89: Skyscape Aura | C89: 3028154.6 | D89: 1906595.3 | E89: 1925568 | F89: =SUM(C89:E89) -> 6860317.9 | H89: 3206702.6 | I89: 1889230.9 | J89: 12012246 | K89: =SUM(H89:J89) -> 17108180 | M89: 7504171.1 | N89: 6288100.3 | O89: 8915855.7 | P89: =SUM(M89:O89) -> 22708127 | R89: 7074431.3 | S89: 4847741.9 | T89: 5267629.4 | U89: =SUM(R89:T89) -> 17189803 | W89: 10028920 | X89: 7343968.3 | Y89: 2320893.8 | Z89: =SUM(W89:Y89) -> 19693782 | AB89: 3824536.1 | AC89: 192850 | AD89: 0 | AE89: =SUM(AB89:AD89) -> 4017386.1
A90: Skyscape Altius | C90: 8955782.7 | D90: 4596585.2 | E90: 3828875.9 | F90: =SUM(C90:E90) -> 17381244 | H90: 4683351.7 | I90: 7408999.7 | J90: 4957437.9 | K90: =SUM(H90:J90) -> 17049789 | M90: 19044727 | N90: 17586002 | O90: 11581381 | P90: =SUM(M90:O90) -> 48212110 | R90: 17111874 | S90: 10590548 | T90: 11130717 | U90: =SUM(R90:T90) -> 38833139 | W90: 12973963 | X90: 9815677.4 | Y90: 6041777 | Z90: =SUM(W90:Y90) -> 28831418 | AB90: 4385646.3 | AC90: 989004.23 | AD90: 0 | AE90: =SUM(AB90:AD90) -> 5374650.5
A91: Sub Total (C) | C91: =SUM(C87,C78,C74) -> 85501409 | D91: =SUM(D87,D78,D74) -> 70890747 | E91: =SUM(E87,E78,E74) -> 1.1533846e+08 | F91: =SUM(F87,F78,F74) -> 2.7173062e+08 | H91: =SUM(H87,H78,H74) -> 1.3456527e+08 | I91: =SUM(I87,I78,I74) -> 1.7001022e+08 | J91: =SUM(J87,J78,J74) -> 92112046 | K91: =SUM(K87,K78,K74) -> 3.9668754e+08 | M91: =SUM(M87,M78,M74) -> 97591369 | N91: =SUM(N87,N78,N74) -> 1.0445847e+08 | O91: =SUM(O87,O78,O74) -> 1.7956368e+08 | P91: =SUM(P87,P78,P74) -> 3.8161352e+08 | R91: =SUM(R87,R78,R74) -> 1.8899553e+08 | S91: =SUM(S87,S78,S74) -> 1.2874282e+08 | T91: =SUM(T87,T78,T74) -> 1.2542191e+08 | U91: =SUM(U87,U78,U74) -> 4.4316026e+08 | W91: =SUM(W87,W78,W74) -> 1.3060337e+08 | X91: =SUM(X87,X78,X74) -> 84034935 | Y91: =SUM(Y87,Y78,Y74) -> 1.2747418e+08 | Z91: =SUM(Z87,Z78,Z74) -> 3.4211248e+08 | AB91: =SUM(AB87,AB78,AB74) -> 1.3734251e+08 | AC91: =SUM(AC87,AC78,AC74) -> 11895365 | AD91: =SUM(AD87,AD78,AD74) -> 0 | AE91: =SUM(AE87,AE78,AE74) -> 1.4923788e+08
A92: Elwood Villas | C92: =SUM(C93:C94) -> 16028674 | D92: =SUM(D93:D94) -> 24073712 | E92: =SUM(E93:E94) -> 13310828 | F92: =SUM(F93:F94) -> 53413214 | H92: =SUM(H93:H94) -> 11556318 | I92: =SUM(I93:I94) -> 37448789 | J92: =SUM(J93:J94) -> 23533552 | K92: =SUM(K93:K94) -> 72538659 | M92: =SUM(M93:M94) -> 22032492 | N92: =SUM(N93:N94) -> 29905094 | O92: =SUM(O93:O94) -> 29313739 | P92: =SUM(M92:O92) -> 81251325 | R92: =SUM(R93:R94) -> 20660331 | S92: =SUM(S93:S94) -> 28501572 | T92: =SUM(T93:T94) -> 30692526 | U92: =SUM(R92:T92) -> 79854429 | W92: =SUM(W93:W94) -> 22790078 | X92: =SUM(X93:X94) -> 36149673 | Y92: =SUM(Y93:Y94) -> 20167620 | Z92: =SUM(W92:Y92) -> 79107371 | AB92: =SUM(AB93:AB94) -> 15918610 | AC92: =SUM(AC93:AC94) -> 2508827 | AD92: =SUM(AD93:AD94) -> 0 | AE92: =SUM(AB92:AD92) -> 18427437
A93: Elwood Villas | C93: 16028674 | D93: 24073712 | E93: 13310828 | F93: =SUM(C93:E93) -> 53413214 | H93: 11556318 | I93: 37448789 | J93: 23533552 | K93: =SUM(H93:J93) -> 72538659 | M93: 22032492 | N93: 29905094 | O93: 29313739 | P93: =SUM(M93:O93) -> 81251325 | R93: 20660331 | S93: 28501572 | T93: 30692526 | U93: =SUM(R93:T93) -> 79854429 | W93: 22790078 | X93: 36149673 | Y93: 14598570 | Z93: =SUM(W93:Y93) -> 73538320 | AB93: 12469819 | AC93: 1744827 | AD93: 0 | AE93: =SUM(AB93:AD93) -> 14214646
A94: Elwood Villas 1 | C94: 0 | D94: 0 | E94: 0 | F94: =SUM(C94:E94) -> 0 | H94: 0 | I94: 0 | J94: 0 | K94: =SUM(H94:J94) -> 0 | M94: 0 | N94: 0 | O94: 0 | P94: =SUM(M94:O94) -> 0 | R94: 0 | S94: 0 | T94: 0 | U94: =SUM(R94:T94) -> 0 | W94: 0.6 | X94: 0 | Y94: 5569050.4 | Z94: =SUM(W94:Y94) -> 5569051 | AB94: 3448791 | AC94: 764000 | AD94: 0 | AE94: =SUM(AB94:AD94) -> 4212791
A95: Sobha Solis | C95: =SUM(C96:C99) -> 2975207 | D95: =SUM(D96:D99) -> 3090285.1 | E95: =SUM(E96:E99) -> 12380437 | F95: =SUM(F96:F99) -> 18445929 | H95: =SUM(H96:H99) -> 14519422 | I95: =SUM(I96:I99) -> 16372844 | J95: =SUM(J96:J99) -> 22209485 | K95: =SUM(K96:K99) -> 53101751 | M95: =SUM(M96:M99) -> 25353030 | N95: =SUM(N96:N99) -> 27307200 | O95: =SUM(O96:O99) -> 44890866 | P95: =SUM(M95:O95) -> 97551095 | R95: =SUM(R96:R99) -> 39401127 | S95: =SUM(S96:S99) -> 34247614 | T95: =SUM(T96:T99) -> 35599567 | U95: =SUM(R95:T95) -> 1.0924831e+08 | W95: =SUM(W96:W99) -> 35899546 | X95: =SUM(X96:X99) -> 18619391 | Y95: =SUM(Y96:Y99) -> 27578691 | Z95: =SUM(W95:Y95) -> 82097629 | AB95: =SUM(AB96:AB99) -> 19372164 | AC95: =SUM(AC96:AC99) -> 2712694.3 | AD95: =SUM(AD96:AD99) -> 0 | AE95: =SUM(AB95:AD95) -> 22084859
A96: Sobha Solis Tower A | C96: 2972586.2 | D96: 1888032.1 | E96: 8150181.2 | F96: =SUM(C96:E96) -> 13010800 | H96: 6644406.1 | I96: 8316885.3 | J96: 9950884.2 | K96: =SUM(H96:J96) -> 24912176 | M96: 10020670 | N96: 9980650.4 | O96: 15382332 | P96: =SUM(M96:O96) -> 35383653 | R96: 14064279 | S96: 12973473 | T96: 12398873 | U96: =SUM(R96:T96) -> 39436625 | W96: 8597627.8 | X96: 6537705.8 | Y96: 7489997.9 | Z96: =SUM(W96:Y96) -> 22625331 | AB96: 6069038.4 | AC96: 774716.29 | AD96: 0 | AE96: =SUM(AB96:AD96) -> 6843754.7
A97: Sobha Solis Tower B | C97: 3.58 | D97: 500504.62 | E97: 2417469.1 | F97: =SUM(C97:E97) -> 2917977.3 | H97: 3978714.4 | I97: 2557299.6 | J97: 3329363.7 | K97: =SUM(H97:J97) -> 9865377.7 | M97: 6117515.2 | N97: 7546862 | O97: 10381929 | P97: =SUM(M97:O97) -> 24046306 | R97: 10558827 | S97: 10580346 | T97: 9521356.2 | U97: =SUM(R97:T97) -> 30660529 | W97: 12525713 | X97: 5270179.4 | Y97: 9046912.4 | Z97: =SUM(W97:Y97) -> 26842805 | AB97: 5311052.9 | AC97: 595168.71 | AD97: 0 | AE97: =SUM(AB97:AD97) -> 5906221.6
A98: Sobha Solis Tower C | C98: 0 | D98: 0 | E98: 239909.89 | F98: =SUM(C98:E98) -> 239909.89 | H98: 2692561.9 | I98: 3364125.9 | J98: 5811794.4 | K98: =SUM(H98:J98) -> 11868482 | M98: 3262536.4 | N98: 6257686.6 | O98: 12845558 | P98: =SUM(M98:O98) -> 22365781 | R98: 10677436 | S98: 6160052.1 | T98: 8571965.5 | U98: =SUM(R98:T98) -> 25409453 | W98: 5362737.6 | X98: 4196571.1 | Y98: 6196233.9 | Z98: =SUM(W98:Y98) -> 15755543 | AB98: 5047827.7 | AC98: 1245577.3 | AD98: 0 | AE98: =SUM(AB98:AD98) -> 6293405
A99: Sobha Solis Tower D | C99: 2617.17 | D99: 701748.39 | E99: 1572876.4 | F99: =SUM(C99:E99) -> 2277242 | H99: 1203739.3 | I99: 2134533.2 | J99: 3117442.9 | K99: =SUM(H99:J99) -> 6455715.4 | M99: 5952308 | N99: 3522000.5 | O99: 6281046.8 | P99: =SUM(M99:O99) -> 15755355 | R99: 4100585.7 | S99: 4533742.1 | T99: 5107372.6 | U99: =SUM(R99:T99) -> 13741700 | W99: 9413467.6 | X99: 2614934.7 | Y99: 4845547.2 | Z99: =SUM(W99:Y99) -> 16873949 | AB99: 2944245.5 | AC99: 97232 | AD99: 0 | AE99: =SUM(AB99:AD99) -> 3041477.5
A100: Sobha Sanctuary | C100: =SUM(C101:C104) -> 0 | D100: =SUM(D101:D104) -> 0 | E100: =SUM(E101:E104) -> 0 | F100: =SUM(F101:F104) -> 0 | H100: =SUM(H101:H104) -> 0 | I100: =SUM(I101:I104) -> 0 | J100: =SUM(J101:J104) -> 0 | K100: =SUM(K101:K104) -> 0 | M100: =SUM(M101:M104) -> 0 | N100: =SUM(N101:N104) -> 0 | O100: =SUM(O101:O104) -> 0 | P100: =SUM(M100:O100) -> 0 | R100: =SUM(R101:R104) -> 0 | S100: =SUM(S101:S104) -> 0 | T100: =SUM(T101:T104) -> 0 | U100: =SUM(R100:T100) -> 0 | W100: =SUM(W101:W104) -> 973514.76 | X100: =SUM(X101:X104) -> 3275660.9 | Y100: =SUM(Y101:Y104) -> 7616094.3 | Z100: =SUM(W100:Y100) -> 11865270 | AB100: =SUM(AB101:AB104) -> 15687925 | AC100: =SUM(AC101:AC104) -> 4373481.4 | AD100: =SUM(AD101:AD104) -> 0 | AE100: =SUM(AB100:AD100) -> 20061406
A101: The Greens | C101: 0 | D101: 0 | E101: 0 | F101: =SUM(C101:E101) -> 0 | H101: 0 | I101: 0 | J101: 0 | K101: =SUM(H101:J101) -> 0 | M101: 0 | N101: 0 | O101: 0 | P101: =SUM(M101:O101) -> 0 | R101: 0 | S101: 0 | T101: 0 | U101: =SUM(R101:T101) -> 0 | W101: 0.64 | X101: 829803.46 | Y101: 4037951.6 | Z101: =SUM(W101:Y101) -> 4867755.7 | AB101: 5719673.6 | AC101: 2608002.5 | AD101: 0 | AE101: =SUM(AB101:AD101) -> 8327676.1
A102: The Brooks | C102: 0 | D102: 0 | E102: 0 | F102: =SUM(C102:E102) -> 0 | H102: 0 | I102: 0 | J102: 0 | K102: =SUM(H102:J102) -> 0 | M102: 0 | N102: 0 | O102: 0 | P102: =SUM(M102:O102) -> 0 | R102: 0 | S102: 0 | T102: 0 | U102: =SUM(R102:T102) -> 0 | W102: 973514.11 | X102: 1502965.2 | Y102: 3238406.3 | Z102: =SUM(W102:Y102) -> 5714885.5 | AB102: 6203886.6 | AC102: 1259785.9 | AD102: 0 | AE102: =SUM(AB102:AD102) -> 7463672.5
...

Sheet Dues summary
C1: Note | K1: =IF(AND(D40=D41,D75=D40,D110=D111,F40=D146),"Ok") -> Ok
C2: Overall dues collected, and categorization of the same in Booking amount dues( BA collected beyond 10% and after 30days) and non-Booking amount dues
C3: Dues collection from MS overdue aging (+/-)30 days, 30-60 days, 60-90 days and 90+ days
C4: New sales collection from aging 30 days, 30-60 days, 60-90 days and 90+ days from booking
C5: Booking amount (BA collected beyond 10% and after 30days) collection from aging 30-60 days, 60-90 days and 90+ days from booking
C7: =_xlfn.CONCAT("Dues collected - booking amount vs non booking amount") -> Dues collected - booking amount vs non booking amount
C8: Month | D8: Dues collected | E8: Non-BA dues | F8: BA dues(BA collected beyond 10% & after 30days) | G8: %non BA dues | H8: %BA dues
A9: 2024 | B9: Jan | C9: Jan'24 | D9: 3.9348861e+08 | E9: =D9-F9 -> 3.4560637e+08 | F9: 47882239 | G9: ='Dues summary'!$E9/'Dues summary'!$D9 -> 0.87831353 | H9: =F9/'Dues summary'!$D9 -> 0.12168647
A10: 2024 | B10: Feb | C10: Feb'24 | D10: 4.2273174e+08 | E10: =D10-F10 -> 3.8280434e+08 | F10: 39927400 | G10: ='Dues summary'!$E10/'Dues summary'!$D10 -> 0.90554908 | H10: =F10/'Dues summary'!$D10 -> 0.094450916
A11: 2024 | B11: Mar | C11: Mar'24 | D11: 4.0013361e+08 | E11: =D11-F11 -> 3.6206899e+08 | F11: 38064619 | G11: ='Dues summary'!$E11/'Dues summary'!$D11 -> 0.90487023 | H11: =F11/'Dues summary'!$D11 -> 0.095129772
A12: 2024 | B12: Apr | C12: Apr'24 | D12: 4.0558621e+08 | E12: =D12-F12 -> 3.5592049e+08 | F12: 49665719 | G12: ='Dues summary'!$E12/'Dues summary'!$D12 -> 0.87754584 | H12: =F12/'Dues summary'!$D12 -> 0.12245416
A13: 2024 | B13: May | C13: May'24 | D13: 4.6003455e+08 | E13: =D13-F13 -> 3.8867134e+08 | F13: 71363217 | G13: ='Dues summary'!$E13/'Dues summary'!$D13 -> 0.84487422 | H13: =F13/'Dues summary'!$D13 -> 0.15512578
A14: 2024 | B14: Jun | C14: Jun'24 | D14: 4.2251686e+08 | E14: =D14-F14 -> 3.8127393e+08 | F14: 41242932 | G14: ='Dues summary'!$E14/'Dues summary'!$D14 -> 0.90238749 | H14: =F14/'Dues summary'!$D14 -> 0.097612512
A15: 2024 | B15: Jul | C15: Jul'24 | D15: 4.6486046e+08 | E15: =D15-F15 -> 4.1675675e+08 | F15: 48103709 | G15: ='Dues summary'!$E15/'Dues summary'!$D15 -> 0.89652011 | H15: =F15/'Dues summary'!$D15 -> 0.10347989
A16: 2024 | B16: Aug | C16: Aug'24 | D16: 4.3990906e+08 | E16: =D16-F16 -> 4.0283924e+08 | F16: 37069818 | G16: ='Dues summary'!$E16/'Dues summary'!$D16 -> 0.915733 | H16: =F16/'Dues summary'!$D16 -> 0.084267003
A17: 2024 | B17: Sep | C17: Sep'24 | D17: 4.677721e+08 | E17: =D17-F17 -> 4.2843223e+08 | F17: 39339875 | G17: ='Dues summary'!$E17/'Dues summary'!$D17 -> 0.91589948 | H17: =F17/'Dues summary'!$D17 -> 0.084100515
A18: 2024 | B18: Oct | C18: Oct'24 | D18: 5.6875071e+08 | E18: =D18-F18 -> 5.3310419e+08 | F18: 35646524 | G18: ='Dues summary'!$E18/'Dues summary'!$D18 -> 0.93732487 | H18: =F18/'Dues summary'!$D18 -> 0.062675129
A19: 2024 | B19: Nov | C19: Nov'24 | D19: 5.5533906e+08 | E19: =D19-F19 -> 5.2646565e+08 | F19: 28873416 | G19: ='Dues summary'!$E19/'Dues summary'!$D19 -> 0.94800759 | H19: =F19/'Dues summary'!$D19 -> 0.05199241
A20: 2024 | B20: Dec | C20: Dec'24 | D20: 5.2502235e+08 | E20: =D20-F20 -> 4.9886535e+08 | F20: 26156998 | G20: ='Dues summary'!$E20/'Dues summary'!$D20 -> 0.95017927 | H20: =F20/'Dues summary'!$D20 -> 0.049820732
C21: 2024 Total | D21: =SUM(D9:D20) -> 5.5261453e+09 | E21: =SUM(E9:E20) -> 5.0228089e+09 | F21: =SUM(F9:F20) -> 503336466 | G21: ='Dues summary'!$E21/'Dues summary'!$D21 -> 0.90891726 | H21: =F21/'Dues summary'!$D21 -> 0.091082741
A22: 2025 | B22: Jan | C22: Jan'25 | D22: 6.0183038e+08 | E22: =D22-F22 -> 5.6516752e+08 | F22: 36662862 | G22: ='Dues summary'!$E22/'Dues summary'!$D22 -> 0.93908107 | H22: =F22/'Dues summary'!$D22 -> 0.060918929
A23: 2025 | B23: Feb | C23: Feb'25 | D23: 6.4576291e+08 | E23: =D23-F23 -> 6.2054103e+08 | F23: 25221879 | G23: ='Dues summary'!$E23/'Dues summary'!$D23 -> 0.96094251 | H23: =F23/'Dues summary'!$D23 -> 0.039057491
A24: 2025 | B24: Mar | C24: Mar'25 | D24: 6.7310827e+08 | E24: =D24-F24 -> 6.5117195e+08 | F24: 21936319 | G24: ='Dues summary'!$E24/'Dues summary'!$D24 -> 0.96741042 | H24: =F24/'Dues summary'!$D24 -> 0.032589585
A25: 2025 | B25: Apr | C25: Apr'25 | D25: 8.7437849e+08 | E25: =D25-F25 -> 8.4906462e+08 | F25: 25313867 | G25: ='Dues summary'!$E25/'Dues summary'!$D25 -> 0.9710493 | H25: =F25/'Dues summary'!$D25 -> 0.028950697
A26: 2025 | B26: May | C26: May'25 | D26: 1.0399532e+09 | E26: =D26-F26 -> 1.0169147e+09 | F26: 23038526 | G26: ='Dues summary'!$E26/'Dues summary'!$D26 -> 0.97784657 | H26: =F26/'Dues summary'!$D26 -> 0.022153426
A27: 2025 | B27: Jun | C27: Jun'25 | D27: 8.391615e+08 | E27: =D27-F27 -> 8.1670234e+08 | F27: 22459156 | G27: ='Dues summary'!$E27/'Dues summary'!$D27 -> 0.97323619 | H27: =F27/'Dues summary'!$D27 -> 0.026763807
A28: 2025 | B28: Jul | C28: Jul'25 | D28: 1.0002407e+09 | E28: =D28-F28 -> 9.8258962e+08 | F28: 17651093 | G28: ='Dues summary'!$E28/'Dues summary'!$D28 -> 0.98235315 | H28: =F28/'Dues summary'!$D28 -> 0.017646845
A29: 2025 | B29: Aug | C29: Aug'25 | D29: 7.8310343e+08 | E29: =D29-F29 -> 7.693344e+08 | F29: 13769028 | G29: ='Dues summary'!$E29/'Dues summary'!$D29 -> 0.98241736 | H29: =F29/'Dues summary'!$D29 -> 0.017582643
A30: 2025 | B30: Sep | C30: Sep'25 | D30: 7.9623907e+08 | E30: =D30-F30 -> 7.8331561e+08 | F30: 12923458 | G30: ='Dues summary'!$E30/'Dues summary'!$D30 -> 0.98376937 | H30: =F30/'Dues summary'!$D30 -> 0.016230625
A31: 2025 | B31: Oct | C31: Oct'25 | D31: 8.9633726e+08 | E31: =D31-F31 -> 8.8223345e+08 | F31: 14103811 | G31: ='Dues summary'!$E31/'Dues summary'!$D31 -> 0.98426506 | H31: =F31/'Dues summary'!$D31 -> 0.015734938
A32: 2025 | B32: Nov | C32: Nov'25 | D32: 7.5925289e+08 | E32: =D32-F32 -> 7.2587289e+08 | F32: 33380004 | G32: ='Dues summary'!$E32/'Dues summary'!$D32 -> 0.95603572 | H32: =F32/'Dues summary'!$D32 -> 0.043964276
A33: 2025 | B33: Dec | C33: Dec'25 | D33: 6.9905342e+08 | E33: =D33-F33 -> 6.8331663e+08 | F33: 15736798 | G33: ='Dues summary'!$E33/'Dues summary'!$D33 -> 0.97748842 | H33: =F33/'Dues summary'!$D33 -> 0.022511581
C34: 2025 Total | D34: =SUM(D22:D33) -> 9.6084215e+09 | E34: =SUM(E22:E33) -> 9.3462247e+09 | F34: =SUM(F22:F33) -> 262196801 | G34: ='Dues summary'!$E34/'Dues summary'!$D34 -> 0.97271177 | H34: =F34/'Dues summary'!$D34 -> 0.027288228
A35: 2026 | B35: Jan | C35: Jan'26 | D35: 7.8308392e+08 | E35: =D35-F35 -> 7.7429344e+08 | F35: 8790475 | G35: ='Dues summary'!$E35/'Dues summary'!$D35 -> 0.98877454 | H35: =F35/'Dues summary'!$D35 -> 0.011225457
A36: 2026 | B36: Feb | C36: Feb'26 | D36: 6.793985e+08 | E36: =D36-F36 -> 6.7009173e+08 | F36: 9306776 | G36: ='Dues summary'!$E36/'Dues summary'!$D36 -> 0.98630145 | H36: =F36/'Dues summary'!$D36 -> 0.013698552
A37: 2026 | B37: Mar | C37: Mar'26 | D37: 5.9561987e+08 | E37: =D37-F37 -> 5.887993e+08 | F37: 6820576 | G37: ='Dues summary'!$E37/'Dues summary'!$D37 -> 0.98854878 | H37: =F37/'Dues summary'!$D37 -> 0.011451223
A38: 2026 | B38: Apr | C38: Apr'26 | D38: 6.9987301e+08 | E38: =D38-F38 -> 6.9574525e+08 | F38: 4127760 | G38: ='Dues summary'!$E38/'Dues summary'!$D38 -> 0.99410213 | H38: =F38/'Dues summary'!$D38 -> 0.00589787
A39: 2026 | B39: May | C39: May'26 | D39: 1.2693444e+08 | E39: =D39-F39 -> 1.2662698e+08 | F39: 307454 | G39: ='Dues summary'!$E39/'Dues summary'!$D39 -> 0.99757785 | H39: =F39/'Dues summary'!$D39 -> 0.002422148
C40: Grand Total | D40: =D21+D34+D35+D36+D37+D38+D39 -> 1.8019477e+10 | E40: =E21+E34+E35+E36+E37+E38+E39 -> 1.722459e+10 | F40: =F21+F34+F35+F36+F37+F38+F39 -> 794886308 | G40: ='Dues summary'!$E40/'Dues summary'!$D40 -> 0.95588738 | H40: =F40/'Dues summary'!$D40 -> 0.044112619
D41: =SUM(Summary!K11,Summary!K24,Summary!K37) -> 1.8019477e+10
C42: =_xlfn.CONCAT("Dues collection ageing monthwise") -> Dues collection ageing monthwise
C43: Month | D43: Dues collected | E43: Dues collected within 30 days | F43: Dues collcted from 30 to 60 days | G43: Dues collcted from 60 to 90 days | H43: Dues collcted from 90 to 120 days | I43: Dues collcted from 120+ days | J43: % within 30 days | K43: % 30 to 60 days | L43: % 60 -90 days | M43: % 90-120 days | N43: %120+ days
A44: 2024 | B44: Jan | C44: Jan'24 | D44: 3.9348861e+08 | E44: 2.0331278e+08 | F44: 50805561 | G44: 31576444 | H44: 20899866 | I44: 86893954 | J44: ='Dues summary'!$E44/'Dues summary'!$D44 -> 0.51669293 | K44: ='Dues summary'!$F44/'Dues summary'!$D44 -> 0.12911571 | L44: ='Dues summary'!$G44/'Dues summary'!$D44 -> 0.080247416 | M44: =$H44/'Dues summary'!$D44 -> 0.053114285 | N44: =$I44/'Dues summary'!$D44 -> 0.22082966
A45: 2024 | B45: Feb | C45: Feb'24 | D45: 4.2273174e+08 | E45: 2.2861891e+08 | F45: 50741843 | G45: 16340508 | H45: 18323670 | I45: 1.0870681e+08 | J45: ='Dues summary'!$E45/'Dues summary'!$D45 -> 0.54081321 | K45: ='Dues summary'!$F45/'Dues summary'!$D45 -> 0.1200332 | L45: ='Dues summary'!$G45/'Dues summary'!$D45 -> 0.038654556 | M45: =$H45/'Dues summary'!$D45 -> 0.043345859 | N45: =$I45/'Dues summary'!$D45 -> 0.25715317
A46: 2024 | B46: Mar | C46: Mar'24 | D46: 4.0013361e+08 | E46: 2.2141324e+08 | F46: 66172534 | G46: 34851783 | H46: 14415822 | I46: 63280233 | J46: ='Dues summary'!$E46/'Dues summary'!$D46 -> 0.55334826 | K46: ='Dues summary'!$F46/'Dues summary'!$D46 -> 0.16537609 | L46: ='Dues summary'!$G46/'Dues summary'!$D46 -> 0.087100363 | M46: =$H46/'Dues summary'!$D46 -> 0.03602752 | N46: =$I46/'Dues summary'!$D46 -> 0.15814776
A47: 2024 | B47: Apr | C47: Apr'24 | D47: 4.0558621e+08 | E47: 2.2703897e+08 | F47: 55826213 | G47: 35067678 | H47: 20433597 | I47: 67219747 | J47: ='Dues summary'!$E47/'Dues summary'!$D47 -> 0.55977981 | K47: ='Dues summary'!$F47/'Dues summary'!$D47 -> 0.13764327 | L47: ='Dues summary'!$G47/'Dues summary'!$D47 -> 0.086461713 | M47: =$H47/'Dues summary'!$D47 -> 0.050380405 | N47: =$I47/'Dues summary'!$D47 -> 0.1657348
A48: 2024 | B48: May | C48: May'24 | D48: 4.6003455e+08 | E48: 2.4436215e+08 | F48: 82812132 | G48: 34557481 | H48: 24538275 | I48: 73764517 | J48: ='Dues summary'!$E48/'Dues summary'!$D48 -> 0.53118216 | K48: ='Dues summary'!$F48/'Dues summary'!$D48 -> 0.18001285 | L48: ='Dues summary'!$G48/'Dues summary'!$D48 -> 0.075119317 | M48: =$H48/'Dues summary'!$D48 -> 0.053340069 | N48: =$I48/'Dues summary'!$D48 -> 0.1603456
A49: 2024 | B49: Jun | C49: Jun'24 | D49: 4.2251686e+08 | E49: 2.2298798e+08 | F49: 81036698 | G49: 29297415 | H49: 20234444 | I49: 68960324 | J49: ='Dues summary'!$E49/'Dues summary'!$D49 -> 0.52776114 | K49: ='Dues summary'!$F49/'Dues summary'!$D49 -> 0.19179518 | L49: ='Dues summary'!$G49/'Dues summary'!$D49 -> 0.069340228 | M49: =$H49/'Dues summary'!$D49 -> 0.047890263 | N49: =$I49/'Dues summary'!$D49 -> 0.16321319
A50: 2024 | B50: Jul | C50: Jul'24 | D50: 4.6486046e+08 | E50: 2.9640022e+08 | F50: 51473443 | G50: 30945866 | H50: 20118223 | I50: 65922710 | J50: ='Dues summary'!$E50/'Dues summary'!$D50 -> 0.63761116 | K50: ='Dues summary'!$F50/'Dues summary'!$D50 -> 0.1107288 | L50: ='Dues summary'!$G50/'Dues summary'!$D50 -> 0.066570226 | M50: =$H50/'Dues summary'!$D50 -> 0.043277983 | N50: =$I50/'Dues summary'!$D50 -> 0.14181182
A51: 2024 | B51: Aug | C51: Aug'24 | D51: 4.3990906e+08 | E51: 2.8334373e+08 | F51: 44883286 | G51: 34625030 | H51: 19817045 | I51: 57239969 | J51: ='Dues summary'!$E51/'Dues summary'!$D51 -> 0.64409615 | K51: ='Dues summary'!$F51/'Dues summary'!$D51 -> 0.10202856 | L51: ='Dues summary'!$G51/'Dues summary'!$D51 -> 0.078709517 | M51: =$H51/'Dues summary'!$D51 -> 0.045048049 | N51: =$I51/'Dues summary'!$D51 -> 0.13011773
A52: 2024 | B52: Sep | C52: Sep'24 | D52: 4.677721e+08 | E52: 3.2087843e+08 | F52: 52913805 | G52: 24500029 | H52: 15554607 | I52: 53925227 | J52: ='Dues summary'!$E52/'Dues summary'!$D52 -> 0.68597172 | K52: ='Dues summary'!$F52/'Dues summary'!$D52 -> 0.11311877 | L52: ='Dues summary'!$G52/'Dues summary'!$D52 -> 0.052375995 | M52: =$H52/'Dues summary'!$D52 -> 0.033252533 | N52: =$I52/'Dues summary'!$D52 -> 0.11528098
A53: 2024 | B53: Oct | C53: Oct'24 | D53: 5.6875071e+08 | E53: 4.384574e+08 | F53: 53796618 | G53: 21597797 | H53: 10839084 | I53: 44059812 | J53: ='Dues summary'!$E53/'Dues summary'!$D53 -> 0.77091315 | K53: ='Dues summary'!$F53/'Dues summary'!$D53 -> 0.094587342 | L53: ='Dues summary'!$G53/'Dues summary'!$D53 -> 0.037974101 | M53: =$H53/'Dues summary'!$D53 -> 0.019057706 | N53: =$I53/'Dues summary'!$D53 -> 0.077467705
A54: 2024 | B54: Nov | C54: Nov'24 | D54: 5.5533906e+08 | E54: 4.1658351e+08 | F54: 57375250 | G54: 23894297 | H54: 12627987 | I54: 44858014 | J54: ='Dues summary'!$E54/'Dues summary'!$D54 -> 0.75014265 | K54: ='Dues summary'!$F54/'Dues summary'!$D54 -> 0.10331571 | L54: ='Dues summary'!$G54/'Dues summary'!$D54 -> 0.043026501 | M54: =$H54/'Dues summary'!$D54 -> 0.022739238 | N54: =$I54/'Dues summary'!$D54 -> 0.080775902
A55: 2024 | B55: Dec | C55: Dec'24 | D55: 5.2502235e+08 | E55: 3.7292732e+08 | F55: 71111225 | G55: 24024291 | H55: 13571502 | I55: 43388011 | J55: ='Dues summary'!$E55/'Dues summary'!$D55 -> 0.71030752 | K55: ='Dues summary'!$F55/'Dues summary'!$D55 -> 0.13544419 | L55: ='Dues summary'!$G55/'Dues summary'!$D55 -> 0.045758606 | M55: =$H55/'Dues summary'!$D55 -> 0.025849379 | N55: =$I55/'Dues summary'!$D55 -> 0.082640313
C56: 2024 Total | D56: =SUM(D44:D55) -> 5.5261453e+09 | E56: =SUM(E44:E55) -> 3.4763246e+09 | F56: =SUM(F44:F55) -> 7.1894861e+08 | G56: =SUM(G44:G55) -> 3.4127862e+08 | H56: =SUM(H44:H55) -> 2.1137412e+08 | I56: =SUM(I44:I55) -> 7.7821933e+08 | J56: ='Dues summary'!$E56/'Dues summary'!$D56 -> 0.62906863 | K56: ='Dues summary'!$F56/'Dues summary'!$D56 -> 0.13009948 | L56: ='Dues summary'!$G56/'Dues summary'!$D56 -> 0.061757084 | M56: =$H56/'Dues summary'!$D56 -> 0.03824983 | N56: =$I56/'Dues summary'!$D56 -> 0.14082498
A57: 2025 | B57: Jan | C57: Jan'25 | D57: 6.0183038e+08 | E57: 4.2605956e+08 | F57: 81941269 | G57: 30856516 | H57: 17276109 | I57: 45696920 | J57: ='Dues summary'!$E57/'Dues summary'!$D57 -> 0.70793961 | K57: ='Dues summary'!$F57/'Dues summary'!$D57 -> 0.13615343 | L57: ='Dues summary'!$G57/'Dues summary'!$D57 -> 0.051271117 | M57: =$H57/'Dues summary'!$D57 -> 0.028705945 | N57: =$I57/'Dues summary'!$D57 -> 0.075929899
A58: 2025 | B58: Feb | C58: Feb'25 | D58: 6.4576291e+08 | E58: 4.9085094e+08 | F58: 52470955 | G58: 32284928 | H58: 21362439 | I58: 48793645 | J58: ='Dues summary'!$E58/'Dues summary'!$D58 -> 0.76011015 | K58: ='Dues summary'!$F58/'Dues summary'!$D58 -> 0.08125421 | L58: ='Dues summary'!$G58/'Dues summary'!$D58 -> 0.049995018 | M58: =$H58/'Dues summary'!$D58 -> 0.033080931 | N58: =$I58/'Dues summary'!$D58 -> 0.07555969
A59: 2025 | B59: Mar | C59: Mar'25 | D59: 6.7310827e+08 | E59: 5.3035855e+08 | F59: 60238449 | G59: 21034619 | H59: 17232857 | I59: 44243794 | J59: ='Dues summary'!$E59/'Dues summary'!$D59 -> 0.78792458 | K59: ='Dues summary'!$F59/'Dues summary'!$D59 -> 0.089492956 | L59: ='Dues summary'!$G59/'Dues summary'!$D59 -> 0.031249979 | M59: =$H59/'Dues summary'!$D59 -> 0.025601909 | N59: =$I59/'Dues summary'!$D59 -> 0.065730576
A60: 2025 | B60: Apr | C60: Apr'25 | D60: 8.7437849e+08 | E60: 7.1299004e+08 | F60: 76513889 | G60: 26375740 | H60: 12767240 | I60: 45731582 | J60: ='Dues summary'!$E60/'Dues summary'!$D60 -> 0.81542495 | K60: ='Dues summary'!$F60/'Dues summary'!$D60 -> 0.087506601 | L60: ='Dues summary'!$G60/'Dues summary'!$D60 -> 0.030165129 | M60: =$H60/'Dues summary'!$D60 -> 0.014601503 | N60: =$I60/'Dues summary'!$D60 -> 0.052301815
A61: 2025 | B61: May | C61: May'25 | D61: 1.0399532e+09 | E61: 7.4632338e+08 | F61: 1.7966946e+08 | G61: 43016613 | H61: 15294950 | I61: 55648786 | J61: ='Dues summary'!$E61/'Dues summary'!$D61 -> 0.71765093 | K61: ='Dues summary'!$F61/'Dues summary'!$D61 -> 0.17276688 | L61: ='Dues summary'!$G61/'Dues summary'!$D61 -> 0.041363989 | M61: =$H61/'Dues summary'!$D61 -> 0.014707345 | N61: =$I61/'Dues summary'!$D61 -> 0.053510856
A62: 2025 | B62: Jun | C62: Jun'25 | D62: 8.391615e+08 | E62: 5.8232179e+08 | F62: 95322021 | G62: 1.0104338e+08 | H62: 15753823 | I62: 44720484 | J62: ='Dues summary'!$E62/'Dues summary'!$D62 -> 0.69393293 | K62: ='Dues summary'!$F62/'Dues summary'!$D62 -> 0.11359199 | L62: ='Dues summary'!$G62/'Dues summary'!$D62 -> 0.12040993 | M62: =$H62/'Dues summary'!$D62 -> 0.018773291 | N62: =$I62/'Dues summary'!$D62 -> 0.053291868
A63: 2025 | B63: Jul | C63: Jul'25 | D63: 1.0002407e+09 | E63: 6.3002521e+08 | F63: 64869376 | G63: 51909250 | H63: 1.9738086e+08 | I63: 56056021 | J63: ='Dues summary'!$E63/'Dues summary'!$D63 -> 0.62987359 | K63: ='Dues summary'!$F63/'Dues summary'!$D63 -> 0.064853765 | L63: ='Dues summary'!$G63/'Dues summary'!$D63 -> 0.051896758 | M63: =$H63/'Dues summary'!$D63 -> 0.19733336 | N63: =$I63/'Dues summary'!$D63 -> 0.056042531
A64: 2025 | B64: Aug | C64: Aug'25 | D64: 7.8310343e+08 | E64: 5.7675575e+08 | F64: 48538604 | G64: 37383035 | H64: 32946421 | I64: 87479613 | J64: ='Dues summary'!$E64/'Dues summary'!$D64 -> 0.7365001 | K64: ='Dues summary'!$F64/'Dues summary'!$D64 -> 0.061982367 | L64: ='Dues summary'!$G64/'Dues summary'!$D64 -> 0.047737034 | M64: =$H64/'Dues summary'!$D64 -> 0.042071609 | N64: =$I64/'Dues summary'!$D64 -> 0.11170889
A65: 2025 | B65: Sep | C65: Sep'25 | D65: 7.9623907e+08 | E65: 6.317561e+08 | F65: 58212157 | G65: 26160658 | H65: 20585742 | I65: 59524408 | J65: ='Dues summary'!$E65/'Dues summary'!$D65 -> 0.79342515 | K65: ='Dues summary'!$F65/'Dues summary'!$D65 -> 0.073108893 | L65: ='Dues summary'!$G65/'Dues summary'!$D65 -> 0.032855281 | M65: =$H65/'Dues summary'!$D65 -> 0.025853721 | N65: =$I65/'Dues summary'!$D65 -> 0.074756955
A66: 2025 | B66: Oct | C66: Oct'25 | D66: 8.9633726e+08 | E66: 6.8195675e+08 | F66: 67429361 | G66: 28987726 | H66: 25633562 | I66: 92329860 | J66: ='Dues summary'!$E66/'Dues summary'!$D66 -> 0.76082607 | K66: ='Dues summary'!$F66/'Dues summary'!$D66 -> 0.075227667 | L66: ='Dues summary'!$G66/'Dues summary'!$D66 -> 0.0323402 | M66: =$H66/'Dues summary'!$D66 -> 0.028598122 | N66: =$I66/'Dues summary'!$D66 -> 0.10300795
A67: 2025 | B67: Nov | C67: Nov'25 | D67: 7.5925289e+08 | E67: 5.8462605e+08 | F67: 89288615 | G67: 18085918 | H67: 14474111 | I67: 52778203 | J67: ='Dues summary'!$E67/'Dues summary'!$D67 -> 0.77000174 | K67: ='Dues summary'!$F67/'Dues summary'!$D67 -> 0.11760062 | L67: ='Dues summary'!$G67/'Dues summary'!$D67 -> 0.023820676 | M67: =$H67/'Dues summary'!$D67 -> 0.019063624 | N67: =$I67/'Dues summary'!$D67 -> 0.069513338
A68: 2025 | B68: Dec | C68: Dec'25 | D68: 6.9905342e+08 | E68: 5.3412599e+08 | F68: 60011137 | G68: 26429568 | H68: 13774042 | I68: 64712686 | J68: ='Dues summary'!$E68/'Dues summary'!$D68 -> 0.76407034 | K68: ='Dues summary'!$F68/'Dues summary'!$D68 -> 0.085846282 | L68: ='Dues summary'!$G68/'Dues summary'!$D68 -> 0.037807651 | M68: =$H68/'Dues summary'!$D68 -> 0.019703848 | N68: =$I68/'Dues summary'!$D68 -> 0.092571875
C69: 2025 Total | D69: =SUM(D57:D68) -> 9.6084215e+09 | E69: =SUM(E57:E68) -> 7.1281501e+09 | F69: =SUM(F57:F68) -> 9.345053e+08 | G69: =SUM(G57:G68) -> 4.4356795e+08 | H69: =SUM(H57:H68) -> 4.0448216e+08 | I69: =SUM(I57:I68) -> 6.97716e+08 | J69: ='Dues summary'!$E69/'Dues summary'!$D69 -> 0.74186484 | K69: ='Dues summary'!$F69/'Dues summary'!$D69 -> 0.097258982 | L69: ='Dues summary'!$G69/'Dues summary'!$D69 -> 0.046164497 | M69: =$H69/'Dues summary'!$D69 -> 0.042096629 | N69: =$I69/'Dues summary'!$D69 -> 0.072615049
A70: 2026 | B70: Jan | C70: Jan'26 | D70: 7.8308392e+08 | E70: 6.288721e+08 | F70: 40591975 | G70: 30895619 | H70: 24242251 | I70: 58481974 | J70: ='Dues summary'!$E70/'Dues summary'!$D70 -> 0.80307114 | K70: ='Dues summary'!$F70/'Dues summary'!$D70 -> 0.051836048 | L70: ='Dues summary'!$G70/'Dues summary'!$D70 -> 0.039453778 | M70: =$H70/'Dues summary'!$D70 -> 0.030957412 | N70: =$I70/'Dues summary'!$D70 -> 0.074681618
A71: 2026 | B71: Feb | C71: Feb'26 | D71: 6.793985e+08 | E71: 5.2278933e+08 | F71: 48314796 | G71: 18544741 | H71: 9959002.6 | I71: 79790628 | J71: ='Dues summary'!$E71/'Dues summary'!$D71 -> 0.7694885 | K71: ='Dues summary'!$F71/'Dues summary'!$D71 -> 0.071114075 | L71: ='Dues summary'!$G71/'Dues summary'!$D71 -> 0.027295822 | M71: =$H71/'Dues summary'!$D71 -> 0.014658558 | N71: =$I71/'Dues summary'!$D71 -> 0.11744304
A72: 2026 | B72: Mar | C72: Mar'26 | D72: 5.9561987e+08 | E72: 4.9982543e+08 | F72: 43140857 | G72: 16197024 | H72: 10205835 | I72: 26250730 | J72: ='Dues summary'!$E72/'Dues summary'!$D72 -> 0.83916849 | K72: ='Dues summary'!$F72/'Dues summary'!$D72 -> 0.072430184 | L72: ='Dues summary'!$G72/'Dues summary'!$D72 -> 0.027193558 | M72: =$H72/'Dues summary'!$D72 -> 0.017134812 | N72: =$I72/'Dues summary'!$D72 -> 0.044072959
A73: 2026 | B73: Apr | C73: Apr'26 | D73: 6.9987301e+08 | E73: 5.6834965e+08 | F73: 70227248 | G73: 17690413 | H73: 12693803 | I73: 30911897 | J73: ='Dues summary'!$E73/'Dues summary'!$D73 -> 0.81207539 | K73: ='Dues summary'!$F73/'Dues summary'!$D73 -> 0.10034284 | L73: ='Dues summary'!$G73/'Dues summary'!$D73 -> 0.025276604 | M73: =$H73/'Dues summary'!$D73 -> 0.018137294 | N73: =$I73/'Dues summary'!$D73 -> 0.044167866
A74: 2026 | B74: May | C74: May'26 | D74: 1.2693444e+08 | E74: 1.0038872e+08 | F74: 11197795 | G74: 928261.05 | H74: 1503653.1 | I74: 12916014 | J74: ='Dues summary'!$E74/'Dues summary'!$D74 -> 0.7908706 | K74: ='Dues summary'!$F74/'Dues summary'!$D74 -> 0.088217155 | L74: ='Dues summary'!$G74/'Dues summary'!$D74 -> 0.0073129173 | M74: =$H74/'Dues summary'!$D74 -> 0.011845904 | N74: =$I74/'Dues summary'!$D74 -> 0.10175343
C75: Grand Total | D75: =D56+D69+D70+D71+D72+D73+D74 -> 1.8019477e+10 | E75: =E56+E69+E70+E71+E72+E73+E74 -> 1.29247e+10 | F75: =F56+F69+F70+F71+F72+F73+F74 -> 1.8669266e+09 | G75: =G56+G69+G70+G71+G72+G73+G74 -> 8.6910262e+08 | H75: =H56+H69+H70+H71+H72+H73+H74 -> 6.7446082e+08 | I75: =I56+I69+I70+I71+I72+I73+I74 -> 1.6842866e+09 | J75: ='Dues summary'!$E75/'Dues summary'!$D75 -> 0.71726279 | K75: ='Dues summary'!$F75/'Dues summary'!$D75 -> 0.10360604 | L75: ='Dues summary'!$G75/'Dues summary'!$D75 -> 0.048231291 | M75: =$H75/'Dues summary'!$D75 -> 0.037429546 | N75: =$I75/'Dues summary'!$D75 -> 0.093470338
C77: =_xlfn.CONCAT("New sales collection aging ") -> New sales collection aging
C78: Month | D78: New Sales collected(10% +BA collected within 30days ) | E78: New Sales collected 0-30 days of booking | F78: New sales Collected 30-60 days of booking | G78: New Sales collected >60 days of booking | H78: 0.3 | I78: %30-60 | J78: %60+
A79: 2024 | B79: Jan | C79: Jan'24 | D79: 212004087 | E79: 208903076 | F79: 2629453 | G79: =D79-SUM(E79:F79) -> 471558 | H79: =E79/D79 -> 0.98537287 | I79: =F79/D79 -> 0.012402841 | J79: =G79/D79 -> 0.0022242873
A80: 2024 | B80: Feb | C80: Feb'24 | D80: 238989502 | E80: 233880564 | F80: 4798092 | G80: =D80-SUM(E80:F80) -> 310846 | H80: =E80/D80 -> 0.97862275 | I80: =F80/D80 -> 0.020076581 | J80: =G80/D80 -> 0.001300668
A81: 2024 | B81: Mar | C81: Mar'24 | D81: 325507505 | E81: 322500970 | F81: 2803599 | G81: =D81-SUM(E81:F81) -> 202936 | H81: =E81/D81 -> 0.99076355 | I81: =F81/D81 -> 0.0086130088 | J81: =G81/D81 -> 0.00062344492
A82: 2024 | B82: Apr | C82: Apr'24 | D82: 247240968 | E82: 239796304 | F82: 6042134 | G82: =D82-SUM(E82:F82) -> 1402530 | H82: =E82/D82 -> 0.96988904 | I82: =F82/D82 -> 0.02443824 | J82: =G82/D82 -> 0.0056727249 | P82: 0
A83: 2024 | B83: May | C83: May'24 | D83: 243818421 | E83: 238224101 | F83: 3948820 | G83: =D83-SUM(E83:F83) -> 1645500 | H83: =E83/D83 -> 0.97705538 | I83: =F83/D83 -> 0.016195741 | J83: =G83/D83 -> 0.0067488748
A84: 2024 | B84: Jun | C84: Jun'24 | D84: 192285683 | E84: 190926704 | F84: 1232179 | G84: =D84-SUM(E84:F84) -> 126800 | H84: =E84/D84 -> 0.9929325 | I84: =F84/D84 -> 0.0064080642 | J84: =G84/D84 -> 0.00065943547
A85: 2024 | B85: Jul | C85: Jul'24 | D85: 194700434 | E85: 192550119 | F85: 2007254 | G85: =D85-SUM(E85:F85) -> 143061 | H85: =E85/D85 -> 0.98895578 | I85: =F85/D85 -> 0.010309448 | J85: =G85/D85 -> 0.00073477494
A86: 2024 | B86: Aug | C86: Aug'24 | D86: 247529835 | E86: 246073098 | F86: 1202937 | G86: =D86-SUM(E86:F86) -> 253800 | H86: =E86/D86 -> 0.9941149 | I86: =F86/D86 -> 0.0048597657 | J86: =G86/D86 -> 0.0010253309
A87: 2024 | B87: Sep | C87: Sep'24 | D87: 265105888 | E87: 258604032 | F87: 4811787 | G87: =D87-SUM(E87:F87) -> 1690069 | H87: =E87/D87 -> 0.97547449 | I87: =F87/D87 -> 0.018150434 | J87: =G87/D87 -> 0.0063750715
A88: 2024 | B88: Oct | C88: Oct'24 | D88: 323373274 | E88: 319476484 | F88: 3131682 | G88: =D88-SUM(E88:F88) -> 765108 | H88: =E88/D88 -> 0.98794956 | I88: =F88/D88 -> 0.0096844181 | J88: =G88/D88 -> 0.0023660211
A89: 2024 | B89: Nov | C89: Nov'24 | D89: 363909082 | E89: 356695801 | F89: 7012555 | G89: =D89-SUM(E89:F89) -> 200726 | H89: =E89/D89 -> 0.98017834 | I89: =F89/D89 -> 0.019270074 | J89: =G89/D89 -> 0.00055158283
A90: 2024 | B90: Dec | C90: Dec'24 | D90: 361019000 | E90: 349777407 | F90: 8449774 | G90: =D90-SUM(E90:F90) -> 2791819 | H90: =E90/D90 -> 0.96886149 | I90: =F90/D90 -> 0.023405344 | J90: =G90/D90 -> 0.0077331636
C91: 2024 Total | D91: =SUM(D79:D90) -> 3215483679 | E91: =SUM(E79:E90) -> 3157408660 | F91: =SUM(F79:F90) -> 48070266 | G91: =SUM(G79:G90) -> 10004753 | H91: =E91/D91 -> 0.98193895 | I91: =F91/D91 -> 0.014949622 | J91: =G91/D91 -> 0.0031114302
A92: 2025 | B92: Jan | C92: Jan'25 | D92: 338848056 | E92: 333214267 | F92: 5295156 | G92: =D92-SUM(E92:F92) -> 338633 | H92: =E92/D92 -> 0.9833737 | I92: =F92/D92 -> 0.015626933 | J92: =G92/D92 -> 0.00099936533
A93: 2025 | B93: Feb | C93: Feb'25 | D93: 378552326 | E93: 376571721 | F93: 1639018 | G93: =D93-SUM(E93:F93) -> 341587 | H93: =E93/D93 -> 0.99476795 | I93: =F93/D93 -> 0.0043297 | J93: =G93/D93 -> 0.00090235082
A94: 2025 | B94: Mar | C94: Mar'25 | D94: 380926920 | E94: 374279153 | F94: 5786113 | G94: =D94-SUM(E94:F94) -> 861654 | H94: =E94/D94 -> 0.98254845 | I94: =F94/D94 -> 0.015189562 | J94: =G94/D94 -> 0.0022619929
A95: 2025 | B95: Apr | C95: Apr'25 | D95: 367121996 | E95: 363634290 | F95: 2494252 | G95: =D95-SUM(E95:F95) -> 993454 | H95: =E95/D95 -> 0.99049987 | I95: =F95/D95 -> 0.0067940685 | J95: =G95/D95 -> 0.0027060596
A96: 2025 | B96: May | C96: May'25 | D96: 485635021 | E96: 480178300 | F96: 5025289 | G96: =D96-SUM(E96:F96) -> 431432 | H96: =E96/D96 -> 0.98876374 | I96: =F96/D96 -> 0.010347872 | J96: =G96/D96 -> 0.00088838733
A97: 2025 | B97: Jun | C97: Jun'25 | D97: 296353229 | E97: 291323169 | F97: 4713758 | G97: =D97-SUM(E97:F97) -> 316302 | H97: =E97/D97 -> 0.98302681 | I97: =F97/D97 -> 0.015905877 | J97: =G97/D97 -> 0.0010673142
A98: 2025 | B98: Jul | C98: Jul'25 | D98: 262770133 | E98: 259268640 | F98: 3048813 | G98: =D98-SUM(E98:F98) -> 452680 | H98: =E98/D98 -> 0.98667469 | I98: =F98/D98 -> 0.011602586 | J98: =G98/D98 -> 0.0017227224
A99: 2025 | B99: Aug | C99: Aug'25 | D99: 224969722 | E99: 222742568 | F99: 1545591 | G99: =D99-SUM(E99:F99) -> 681563 | H99: =E99/D99 -> 0.99010021 | I99: =F99/D99 -> 0.0068702179 | J99: =G99/D99 -> 0.0030295766
A100: 2025 | B100: Sep | C100: Sep'25 | D100: 288019909 | E100: 286413566 | F100: 802896 | G100: =D100-SUM(E100:F100) -> 803447 | H100: =E100/D100 -> 0.99442281 | I100: =F100/D100 -> 0.0027876406 | J100: =G100/D100 -> 0.0027895537
A101: 2025 | B101: Oct | C101: Oct'25 | D101: 280841968 | E101: 270425436 | F101: 9775980 | G101: =D101-SUM(E101:F101) -> 640552 | H101: =E101/D101 -> 0.96290963 | I101: =F101/D101 -> 0.034809541 | J101: =G101/D101 -> 0.0022808272
A102: 2025 | B102: Nov | C102: Nov'25 | D102: 235254193 | E102: 226594001 | F102: 1973261 | G102: =D102-SUM(E102:F102) -> 6686931 | H102: =E102/D102 -> 0.96318794 | I102: =F102/D102 -> 0.0083877825 | J102: =G102/D102 -> 0.02842428
...

Sheet Dues summary SOBHA
C1: Note | K1: =IF(AND(D40=D41,D75=D40,D110=D111,F40=D146),"Ok") -> Ok
C2: Overall dues collected, and categorization of the same in Booking amount dues( BA collected beyond 10% and after 30days) and non-Booking amount dues
C3: Dues collection from MS overdue aging (+/-)30 days, 30-60 days, 60-90 days and 90+ days
C4: New sales collection from aging 30 days, 30-60 days, 60-90 days and 90+ days from booking
C5: Booking amount (BA collected beyond 10% and after 30days) collection from aging 30-60 days, 60-90 days and 90+ days from booking
C7: =_xlfn.CONCAT("Dues collected - booking amount vs non booking amount") -> Dues collected - booking amount vs non booking amount
C8: Month | D8: Dues collected | E8: Non-BA dues | F8: BA dues(BA collected beyond 10% & after 30days) | G8: %non BA dues | H8: %BA dues
A9: 2024 | B9: Jan | C9: Jan'24 | D9: 3.9348861e+08 | E9: =D9-F9 -> 3.4560637e+08 | F9: 47882239 | G9: ='Dues summary SOBHA'!$E9/'Dues summary SOBHA'!$D9 -> 0.87831353 | H9: =F9/'Dues summary SOBHA'!$D9 -> 0.12168647
A10: 2024 | B10: Feb | C10: Feb'24 | D10: 4.2273174e+08 | E10: =D10-F10 -> 3.8280434e+08 | F10: 39927400 | G10: ='Dues summary SOBHA'!$E10/'Dues summary SOBHA'!$D10 -> 0.90554908 | H10: =F10/'Dues summary SOBHA'!$D10 -> 0.094450916
A11: 2024 | B11: Mar | C11: Mar'24 | D11: 4.0013361e+08 | E11: =D11-F11 -> 3.6206899e+08 | F11: 38064619 | G11: ='Dues summary SOBHA'!$E11/'Dues summary SOBHA'!$D11 -> 0.90487023 | H11: =F11/'Dues summary SOBHA'!$D11 -> 0.095129772
A12: 2024 | B12: Apr | C12: Apr'24 | D12: 4.0558621e+08 | E12: =D12-F12 -> 3.5592049e+08 | F12: 49665719 | G12: ='Dues summary SOBHA'!$E12/'Dues summary SOBHA'!$D12 -> 0.87754584 | H12: =F12/'Dues summary SOBHA'!$D12 -> 0.12245416
A13: 2024 | B13: May | C13: May'24 | D13: 4.6003455e+08 | E13: =D13-F13 -> 3.8867134e+08 | F13: 71363217 | G13: ='Dues summary SOBHA'!$E13/'Dues summary SOBHA'!$D13 -> 0.84487422 | H13: =F13/'Dues summary SOBHA'!$D13 -> 0.15512578
A14: 2024 | B14: Jun | C14: Jun'24 | D14: 4.2251686e+08 | E14: =D14-F14 -> 3.8127393e+08 | F14: 41242932 | G14: ='Dues summary SOBHA'!$E14/'Dues summary SOBHA'!$D14 -> 0.90238749 | H14: =F14/'Dues summary SOBHA'!$D14 -> 0.097612512
A15: 2024 | B15: Jul | C15: Jul'24 | D15: 4.6486046e+08 | E15: =D15-F15 -> 4.1675675e+08 | F15: 48103709 | G15: ='Dues summary SOBHA'!$E15/'Dues summary SOBHA'!$D15 -> 0.89652011 | H15: =F15/'Dues summary SOBHA'!$D15 -> 0.10347989
A16: 2024 | B16: Aug | C16: Aug'24 | D16: 4.3947488e+08 | E16: =D16-F16 -> 4.0240507e+08 | F16: 37069818 | G16: ='Dues summary SOBHA'!$E16/'Dues summary SOBHA'!$D16 -> 0.91564975 | H16: =F16/'Dues summary SOBHA'!$D16 -> 0.084350254
A17: 2024 | B17: Sep | C17: Sep'24 | D17: 4.6490624e+08 | E17: =D17-F17 -> 4.2766058e+08 | F17: 37245660 | G17: ='Dues summary SOBHA'!$E17/'Dues summary SOBHA'!$D17 -> 0.91988565 | H17: =F17/'Dues summary SOBHA'!$D17 -> 0.080114348
A18: 2024 | B18: Oct | C18: Oct'24 | D18: 5.4281485e+08 | E18: =D18-F18 -> 5.1256981e+08 | F18: 30245036 | G18: ='Dues summary SOBHA'!$E18/'Dues summary SOBHA'!$D18 -> 0.94428112 | H18: =F18/'Dues summary SOBHA'!$D18 -> 0.055718881
A19: 2024 | B19: Nov | C19: Nov'24 | D19: 5.2030255e+08 | E19: =D19-F19 -> 5.0035727e+08 | F19: 19945278 | G19: ='Dues summary SOBHA'!$E19/'Dues summary SOBHA'!$D19 -> 0.961666 | H19: =F19/'Dues summary SOBHA'!$D19 -> 0.038334
A20: 2024 | B20: Dec | C20: Dec'24 | D20: 4.9950127e+08 | E20: =D20-F20 -> 4.822365e+08 | F20: 17264767 | G20: ='Dues summary SOBHA'!$E20/'Dues summary SOBHA'!$D20 -> 0.96543599 | H20: =F20/'Dues summary SOBHA'!$D20 -> 0.03456401
C21: 2024 Total | D21: =SUM(D9:D20) -> 5.4363518e+09 | E21: =SUM(E9:E20) -> 4.9583314e+09 | F21: =SUM(F9:F20) -> 478020394 | G21: ='Dues summary SOBHA'!$E21/'Dues summary SOBHA'!$D21 -> 0.91206964 | H21: =F21/'Dues summary SOBHA'!$D21 -> 0.087930364
A22: 2025 | B22: Jan | C22: Jan'25 | D22: 5.4009127e+08 | E22: =D22-F22 -> 5.1846846e+08 | F22: 21622813 | G22: ='Dues summary SOBHA'!$E22/'Dues summary SOBHA'!$D22 -> 0.95996452 | H22: =F22/'Dues summary SOBHA'!$D22 -> 0.040035479
A23: 2025 | B23: Feb | C23: Feb'25 | D23: 5.7927494e+08 | E23: =D23-F23 -> 5.6286271e+08 | F23: 16412221 | G23: ='Dues summary SOBHA'!$E23/'Dues summary SOBHA'!$D23 -> 0.97166765 | H23: =F23/'Dues summary SOBHA'!$D23 -> 0.028332351
A24: 2025 | B24: Mar | C24: Mar'25 | D24: 6.0232232e+08 | E24: =D24-F24 -> 5.8782693e+08 | F24: 14495391 | G24: ='Dues summary SOBHA'!$E24/'Dues summary SOBHA'!$D24 -> 0.97593416 | H24: =F24/'Dues summary SOBHA'!$D24 -> 0.024065837
A25: 2025 | B25: Apr | C25: Apr'25 | D25: 7.8262117e+08 | E25: =D25-F25 -> 7.6274809e+08 | F25: 19873077 | G25: ='Dues summary SOBHA'!$E25/'Dues summary SOBHA'!$D25 -> 0.97460703 | H25: =F25/'Dues summary SOBHA'!$D25 -> 0.025392971
A26: 2025 | B26: May | C26: May'25 | D26: 9.4735467e+08 | E26: =D26-F26 -> 9.3030237e+08 | F26: 17052300 | G26: ='Dues summary SOBHA'!$E26/'Dues summary SOBHA'!$D26 -> 0.98200009 | H26: =F26/'Dues summary SOBHA'!$D26 -> 0.017999911
A27: 2025 | B27: Jun | C27: Jun'25 | D27: 7.5397875e+08 | E27: =D27-F27 -> 7.3717363e+08 | F27: 16805118 | G27: ='Dues summary SOBHA'!$E27/'Dues summary SOBHA'!$D27 -> 0.97771142 | H27: =F27/'Dues summary SOBHA'!$D27 -> 0.022288583
A28: 2025 | B28: Jul | C28: Jul'25 | D28: 8.683614e+08 | E28: =D28-F28 -> 8.5499713e+08 | F28: 13364269 | G28: ='Dues summary SOBHA'!$E28/'Dues summary SOBHA'!$D28 -> 0.98460978 | H28: =F28/'Dues summary SOBHA'!$D28 -> 0.015390215
A29: 2025 | B29: Aug | C29: Aug'25 | D29: 6.4669846e+08 | E29: =D29-F29 -> 6.3686886e+08 | F29: 9829594 | G29: ='Dues summary SOBHA'!$E29/'Dues summary SOBHA'!$D29 -> 0.98480034 | H29: =F29/'Dues summary SOBHA'!$D29 -> 0.015199656
A30: 2025 | B30: Sep | C30: Sep'25 | D30: 6.5816653e+08 | E30: =D30-F30 -> 6.4906677e+08 | F30: 9099755 | G30: ='Dues summary SOBHA'!$E30/'Dues summary SOBHA'!$D30 -> 0.98617408 | H30: =F30/'Dues summary SOBHA'!$D30 -> 0.013825916
A31: 2025 | B31: Oct | C31: Oct'25 | D31: 7.4025407e+08 | E31: =D31-F31 -> 7.2823384e+08 | F31: 12020230 | G31: ='Dues summary SOBHA'!$E31/'Dues summary SOBHA'!$D31 -> 0.98376202 | H31: =F31/'Dues summary SOBHA'!$D31 -> 0.016237979
A32: 2025 | B32: Nov | C32: Nov'25 | D32: 6.3204993e+08 | E32: =D32-F32 -> 5.9950087e+08 | F32: 32549060 | G32: ='Dues summary SOBHA'!$E32/'Dues summary SOBHA'!$D32 -> 0.94850239 | H32: =F32/'Dues summary SOBHA'!$D32 -> 0.051497609
A33: 2025 | B33: Dec | C33: Dec'25 | D33: 5.8191658e+08 | E33: =D33-F33 -> 5.6821008e+08 | F33: 13706503 | G33: ='Dues summary SOBHA'!$E33/'Dues summary SOBHA'!$D33 -> 0.97644593 | H33: =F33/'Dues summary SOBHA'!$D33 -> 0.023554068
C34: 2025 Total | D34: =SUM(D22:D33) -> 8.3330901e+09 | E34: =SUM(E22:E33) -> 8.1362598e+09 | F34: =SUM(F22:F33) -> 196830331 | G34: ='Dues summary SOBHA'!$E34/'Dues summary SOBHA'!$D34 -> 0.97637967 | H34: =F34/'Dues summary SOBHA'!$D34 -> 0.023620329
A35: 2026 | B35: Jan | C35: Jan'26 | D35: 6.4002178e+08 | E35: =D35-F35 -> 6.3241666e+08 | F35: 7605120 | G35: ='Dues summary SOBHA'!$E35/'Dues summary SOBHA'!$D35 -> 0.9881174 | H35: =F35/'Dues summary SOBHA'!$D35 -> 0.011882596
A36: 2026 | B36: Feb | C36: Feb'26 | D36: 5.4389888e+08 | E36: =D36-F36 -> 5.351799e+08 | F36: 8718980 | G36: ='Dues summary SOBHA'!$E36/'Dues summary SOBHA'!$D36 -> 0.98396948 | H36: =F36/'Dues summary SOBHA'!$D36 -> 0.016030517
A37: 2026 | B37: Mar | C37: Mar'26 | D37: 4.8468282e+08 | E37: =D37-F37 -> 4.7912042e+08 | F37: 5562404 | G37: ='Dues summary SOBHA'!$E37/'Dues summary SOBHA'!$D37 -> 0.98852362 | H37: =F37/'Dues summary SOBHA'!$D37 -> 0.01147638
A38: 2026 | B38: Apr | C38: Apr'26 | D38: 5.7537611e+08 | E38: =D38-F38 -> 5.7125976e+08 | F38: 4116349 | G38: ='Dues summary SOBHA'!$E38/'Dues summary SOBHA'!$D38 -> 0.99284581 | H38: =F38/'Dues summary SOBHA'!$D38 -> 0.0071541882
A39: 2026 | B39: May | C39: May'26 | D39: 1.0604419e+08 | E39: =D39-F39 -> 1.0573921e+08 | F39: 304981 | G39: ='Dues summary SOBHA'!$E39/'Dues summary SOBHA'!$D39 -> 0.99712402 | H39: =F39/'Dues summary SOBHA'!$D39 -> 0.0028759803
C40: Grand Total | D40: =D21+D34+D35+D36+D37+D38+D39 -> 1.6119466e+10 | E40: =E21+E34+E35+E36+E37+E38+E39 -> 1.5418307e+10 | F40: =F21+F34+F35+F36+F37+F38+F39 -> 701158559 | G40: ='Dues summary'!$E40/'Dues summary'!$D40 -> 0.95588738 | H40: =F40/'Dues summary'!$D40 -> 0.03891115
D41: =SUM(Summary!K52,Summary!K65,Summary!K78) -> 1.6119466e+10
C42: =_xlfn.CONCAT("Dues collection ageing monthwise") -> Dues collection ageing monthwise
C43: Month | D43: Dues collected | E43: Dues collected within 30 days | F43: Dues collcted from 30 to 60 days | G43: Dues collcted from 60 to 90 days | H43: Dues collcted from 90 to 120 days | I43: Dues collcted from 120+ days | J43: % within 30 days | K43: % 30 to 60 days | L43: % 60 -90 days | M43: % 90-120 days | N43: %120+ days
A44: 2024 | B44: Jan | C44: Jan'24 | D44: 3.9348861e+08 | E44: 2.0331278e+08 | F44: 50805561 | G44: 31576444 | H44: 20899866 | I44: 86893954 | J44: ='Dues summary SOBHA'!$E44/'Dues summary SOBHA'!$D44 -> 0.51669293 | K44: ='Dues summary SOBHA'!$F44/'Dues summary SOBHA'!$D44 -> 0.12911571 | L44: ='Dues summary SOBHA'!$G44/'Dues summary SOBHA'!$D44 -> 0.080247416 | M44: =$H44/'Dues summary SOBHA'!$D44 -> 0.053114285 | N44: =$I44/'Dues summary SOBHA'!$D44 -> 0.22082966
A45: 2024 | B45: Feb | C45: Feb'24 | D45: 4.2273174e+08 | E45: 2.2861891e+08 | F45: 50741843 | G45: 16340508 | H45: 18323670 | I45: 1.0870681e+08 | J45: ='Dues summary SOBHA'!$E45/'Dues summary SOBHA'!$D45 -> 0.54081321 | K45: ='Dues summary SOBHA'!$F45/'Dues summary SOBHA'!$D45 -> 0.1200332 | L45: ='Dues summary SOBHA'!$G45/'Dues summary SOBHA'!$D45 -> 0.038654556 | M45: =$H45/'Dues summary SOBHA'!$D45 -> 0.043345859 | N45: =$I45/'Dues summary SOBHA'!$D45 -> 0.25715317
A46: 2024 | B46: Mar | C46: Mar'24 | D46: 4.0013361e+08 | E46: 2.2141324e+08 | F46: 66172534 | G46: 34851783 | H46: 14415822 | I46: 63280233 | J46: ='Dues summary SOBHA'!$E46/'Dues summary SOBHA'!$D46 -> 0.55334826 | K46: ='Dues summary SOBHA'!$F46/'Dues summary SOBHA'!$D46 -> 0.16537609 | L46: ='Dues summary SOBHA'!$G46/'Dues summary SOBHA'!$D46 -> 0.087100363 | M46: =$H46/'Dues summary SOBHA'!$D46 -> 0.03602752 | N46: =$I46/'Dues summary SOBHA'!$D46 -> 0.15814776
A47: 2024 | B47: Apr | C47: Apr'24 | D47: 4.0558621e+08 | E47: 2.2703897e+08 | F47: 55826213 | G47: 35067678 | H47: 20433597 | I47: 67219747 | J47: ='Dues summary SOBHA'!$E47/'Dues summary SOBHA'!$D47 -> 0.55977981 | K47: ='Dues summary SOBHA'!$F47/'Dues summary SOBHA'!$D47 -> 0.13764327 | L47: ='Dues summary SOBHA'!$G47/'Dues summary SOBHA'!$D47 -> 0.086461713 | M47: =$H47/'Dues summary SOBHA'!$D47 -> 0.050380405 | N47: =$I47/'Dues summary SOBHA'!$D47 -> 0.1657348
A48: 2024 | B48: May | C48: May'24 | D48: 4.6003455e+08 | E48: 2.4436215e+08 | F48: 82812132 | G48: 34557481 | H48: 24538275 | I48: 73764517 | J48: ='Dues summary SOBHA'!$E48/'Dues summary SOBHA'!$D48 -> 0.53118216 | K48: ='Dues summary SOBHA'!$F48/'Dues summary SOBHA'!$D48 -> 0.18001285 | L48: ='Dues summary SOBHA'!$G48/'Dues summary SOBHA'!$D48 -> 0.075119317 | M48: =$H48/'Dues summary SOBHA'!$D48 -> 0.053340069 | N48: =$I48/'Dues summary SOBHA'!$D48 -> 0.1603456
A49: 2024 | B49: Jun | C49: Jun'24 | D49: 4.2251686e+08 | E49: 2.2298798e+08 | F49: 81036698 | G49: 29297415 | H49: 20234444 | I49: 68960324 | J49: ='Dues summary SOBHA'!$E49/'Dues summary SOBHA'!$D49 -> 0.52776114 | K49: ='Dues summary SOBHA'!$F49/'Dues summary SOBHA'!$D49 -> 0.19179518 | L49: ='Dues summary SOBHA'!$G49/'Dues summary SOBHA'!$D49 -> 0.069340228 | M49: =$H49/'Dues summary SOBHA'!$D49 -> 0.047890263 | N49: =$I49/'Dues summary SOBHA'!$D49 -> 0.16321319
A50: 2024 | B50: Jul | C50: Jul'24 | D50: 4.6486046e+08 | E50: 2.9640022e+08 | F50: 51473443 | G50: 30945866 | H50: 20118223 | I50: 65922710 | J50: ='Dues summary SOBHA'!$E50/'Dues summary SOBHA'!$D50 -> 0.63761116 | K50: ='Dues summary SOBHA'!$F50/'Dues summary SOBHA'!$D50 -> 0.1107288 | L50: ='Dues summary SOBHA'!$G50/'Dues summary SOBHA'!$D50 -> 0.066570226 | M50: =$H50/'Dues summary SOBHA'!$D50 -> 0.043277983 | N50: =$I50/'Dues summary SOBHA'!$D50 -> 0.14181182
A51: 2024 | B51: Aug | C51: Aug'24 | D51: 4.3947488e+08 | E51: 2.8290955e+08 | F51: 44883286 | G51: 34625030 | H51: 19817045 | I51: 57239969 | J51: ='Dues summary SOBHA'!$E51/'Dues summary SOBHA'!$D51 -> 0.64374453 | K51: ='Dues summary SOBHA'!$F51/'Dues summary SOBHA'!$D51 -> 0.10212935 | L51: ='Dues summary SOBHA'!$G51/'Dues summary SOBHA'!$D51 -> 0.078787277 | M51: =$H51/'Dues summary SOBHA'!$D51 -> 0.045092554 | N51: =$I51/'Dues summary SOBHA'!$D51 -> 0.13024628
A52: 2024 | B52: Sep | C52: Sep'24 | D52: 4.6490624e+08 | E52: 3.2010678e+08 | F52: 50819592 | G52: 24500029 | H52: 15554607 | I52: 53925227 | J52: ='Dues summary SOBHA'!$E52/'Dues summary SOBHA'!$D52 -> 0.68854052 | K52: ='Dues summary SOBHA'!$F52/'Dues summary SOBHA'!$D52 -> 0.10931149 | L52: ='Dues summary SOBHA'!$G52/'Dues summary SOBHA'!$D52 -> 0.052698861 | M52: =$H52/'Dues summary SOBHA'!$D52 -> 0.033457515 | N52: =$I52/'Dues summary SOBHA'!$D52 -> 0.11599162
A53: 2024 | B53: Oct | C53: Oct'24 | D53: 5.4281485e+08 | E53: 4.1793073e+08 | F53: 49258589 | G53: 20726634 | H53: 10839084 | I53: 44059812 | J53: ='Dues summary SOBHA'!$E53/'Dues summary SOBHA'!$D53 -> 0.76993238 | K53: ='Dues summary SOBHA'!$F53/'Dues summary SOBHA'!$D53 -> 0.090746577 | L53: ='Dues summary SOBHA'!$G53/'Dues summary SOBHA'!$D53 -> 0.038183616 | M53: =$H53/'Dues summary SOBHA'!$D53 -> 0.019968289 | N53: =$I53/'Dues summary SOBHA'!$D53 -> 0.081169136
A54: 2024 | B54: Nov | C54: Nov'24 | D54: 5.2030255e+08 | E54: 3.9134181e+08 | F54: 49871393 | G54: 22581522 | H54: 11649809 | I54: 44858014 | J54: ='Dues summary SOBHA'!$E54/'Dues summary SOBHA'!$D54 -> 0.75214279 | K54: ='Dues summary SOBHA'!$F54/'Dues summary SOBHA'!$D54 -> 0.095850756 | L54: ='Dues summary SOBHA'!$G54/'Dues summary SOBHA'!$D54 -> 0.043400753 | M54: =$H54/'Dues summary SOBHA'!$D54 -> 0.022390452 | N54: =$I54/'Dues summary SOBHA'!$D54 -> 0.08621525
A55: 2024 | B55: Dec | C55: Dec'24 | D55: 4.9950127e+08 | E55: 3.5722897e+08 | F55: 64019912 | G55: 22246823 | H55: 13021847 | I55: 42983717 | J55: ='Dues summary SOBHA'!$E55/'Dues summary SOBHA'!$D55 -> 0.7151713 | K55: ='Dues summary SOBHA'!$F55/'Dues summary SOBHA'!$D55 -> 0.12816767 | L55: ='Dues summary SOBHA'!$G55/'Dues summary SOBHA'!$D55 -> 0.044538071 | M55: =$H55/'Dues summary SOBHA'!$D55 -> 0.026069697 | N55: =$I55/'Dues summary SOBHA'!$D55 -> 0.086053269
C56: 2024 Total | D56: =SUM(D44:D55) -> 5.4363518e+09 | E56: =SUM(E44:E55) -> 3.4136521e+09 | F56: =SUM(F44:F55) -> 6.977212e+08 | G56: =SUM(G44:G55) -> 3.3731721e+08 | H56: =SUM(H44:H55) -> 2.0984629e+08 | I56: =SUM(I44:I55) -> 7.7781503e+08 | J56: ='Dues summary SOBHA'!$E56/'Dues summary SOBHA'!$D56 -> 0.62793068 | K56: ='Dues summary SOBHA'!$F56/'Dues summary SOBHA'!$D56 -> 0.12834364 | L56: ='Dues summary SOBHA'!$G56/'Dues summary SOBHA'!$D56 -> 0.062048452 | M56: =$H56/'Dues summary SOBHA'!$D56 -> 0.038600572 | N56: =$I56/'Dues summary SOBHA'!$D56 -> 0.14307666
A57: 2025 | B57: Jan | C57: Jan'25 | D57: 5.4009127e+08 | E57: 3.8374919e+08 | F57: 66643925 | G57: 27553642 | H57: 16930871 | I57: 45213642 | J57: ='Dues summary SOBHA'!$E57/'Dues summary SOBHA'!$D57 -> 0.71052656 | K57: ='Dues summary SOBHA'!$F57/'Dues summary SOBHA'!$D57 -> 0.12339382 | L57: ='Dues summary SOBHA'!$G57/'Dues summary SOBHA'!$D57 -> 0.05101664 | M57: =$H57/'Dues summary SOBHA'!$D57 -> 0.031348166 | N57: =$I57/'Dues summary SOBHA'!$D57 -> 0.083714817
A58: 2025 | B58: Feb | C58: Feb'25 | D58: 5.7927494e+08 | E58: 4.379807e+08 | F58: 47046185 | G58: 28854000 | H58: 19418471 | I58: 45975579 | J58: ='Dues summary SOBHA'!$E58/'Dues summary SOBHA'!$D58 -> 0.75608433 | K58: ='Dues summary SOBHA'!$F58/'Dues summary SOBHA'!$D58 -> 0.081215641 | L58: ='Dues summary SOBHA'!$G58/'Dues summary SOBHA'!$D58 -> 0.049810544 | M58: =$H58/'Dues summary SOBHA'!$D58 -> 0.033522029 | N58: =$I58/'Dues summary SOBHA'!$D58 -> 0.079367458
A59: 2025 | B59: Mar | C59: Mar'25 | D59: 6.0232232e+08 | E59: 4.7356277e+08 | F59: 50626344 | G59: 19344416 | H59: 15764656 | I59: 43024134 | J59: ='Dues summary SOBHA'!$E59/'Dues summary SOBHA'!$D59 -> 0.78622816 | K59: ='Dues summary SOBHA'!$F59/'Dues summary SOBHA'!$D59 -> 0.084051915 | L59: ='Dues summary SOBHA'!$G59/'Dues summary SOBHA'!$D59 -> 0.032116386 | M59: =$H59/'Dues summary SOBHA'!$D59 -> 0.026173123 | N59: =$I59/'Dues summary SOBHA'!$D59 -> 0.071430416
A60: 2025 | B60: Apr | C60: Apr'25 | D60: 7.8262117e+08 | E60: 6.3666589e+08 | F60: 64853035 | G60: 24205921 | H60: 12391150 | I60: 44505170 | J60: ='Dues summary SOBHA'!$E60/'Dues summary SOBHA'!$D60 -> 0.81350457 | K60: ='Dues summary SOBHA'!$F60/'Dues summary SOBHA'!$D60 -> 0.082866446 | L60: ='Dues summary SOBHA'!$G60/'Dues summary SOBHA'!$D60 -> 0.030929294 | M60: =$H60/'Dues summary SOBHA'!$D60 -> 0.015832883 | N60: =$I60/'Dues summary SOBHA'!$D60 -> 0.05686681
A61: 2025 | B61: May | C61: May'25 | D61: 9.4735467e+08 | E61: 6.6950713e+08 | F61: 1.7096593e+08 | G61: 39899445 | H61: 13476067 | I61: 53506100 | J61: ='Dues summary SOBHA'!$E61/'Dues summary SOBHA'!$D61 -> 0.70671223 | K61: ='Dues summary SOBHA'!$F61/'Dues summary SOBHA'!$D61 -> 0.18046665 | L61: ='Dues summary SOBHA'!$G61/'Dues summary SOBHA'!$D61 -> 0.042116692 | M61: =$H61/'Dues summary SOBHA'!$D61 -> 0.014224944 | N61: =$I61/'Dues summary SOBHA'!$D61 -> 0.056479481
A62: 2025 | B62: Jun | C62: Jun'25 | D62: 7.5397875e+08 | E62: 5.1072824e+08 | F62: 87279695 | G62: 99226808 | H62: 13654653 | I62: 43089355 | J62: ='Dues summary SOBHA'!$E62/'Dues summary SOBHA'!$D62 -> 0.6773775 | K62: ='Dues summary SOBHA'!$F62/'Dues summary SOBHA'!$D62 -> 0.11575883 | L62: ='Dues summary SOBHA'!$G62/'Dues summary SOBHA'!$D62 -> 0.13160425 | M62: =$H62/'Dues summary SOBHA'!$D62 -> 0.018110129 | N62: =$I62/'Dues summary SOBHA'!$D62 -> 0.057149296
A63: 2025 | B63: Jul | C63: Jul'25 | D63: 8.683614e+08 | E63: 5.1289212e+08 | F63: 56097469 | G63: 49373792 | H63: 1.9654565e+08 | I63: 53452365 | J63: ='Dues summary SOBHA'!$E63/'Dues summary SOBHA'!$D63 -> 0.59064362 | K63: ='Dues summary SOBHA'!$F63/'Dues summary SOBHA'!$D63 -> 0.064601523 | L63: ='Dues summary SOBHA'!$G63/'Dues summary SOBHA'!$D63 -> 0.056858575 | M63: =$H63/'Dues summary SOBHA'!$D63 -> 0.22634085 | N63: =$I63/'Dues summary SOBHA'!$D63 -> 0.061555436
A64: 2025 | B64: Aug | C64: Aug'25 | D64: 6.4669846e+08 | E64: 4.5370792e+08 | F64: 41685058 | G64: 34305134 | H64: 31886560 | I64: 85113784 | J64: ='Dues summary SOBHA'!$E64/'Dues summary SOBHA'!$D64 -> 0.7015757 | K64: ='Dues summary SOBHA'!$F64/'Dues summary SOBHA'!$D64 -> 0.064458261 | L64: ='Dues summary SOBHA'!$G64/'Dues summary SOBHA'!$D64 -> 0.053046569 | M64: =$H64/'Dues summary SOBHA'!$D64 -> 0.049306689 | N64: =$I64/'Dues summary SOBHA'!$D64 -> 0.13161278
A65: 2025 | B65: Sep | C65: Sep'25 | D65: 6.5816653e+08 | E65: 5.1379785e+08 | F65: 48160988 | G65: 21530050 | H65: 18804477 | I65: 55873168 | J65: ='Dues summary SOBHA'!$E65/'Dues summary SOBHA'!$D65 -> 0.78065022 | K65: ='Dues summary SOBHA'!$F65/'Dues summary SOBHA'!$D65 -> 0.073174472 | L65: ='Dues summary SOBHA'!$G65/'Dues summary SOBHA'!$D65 -> 0.032712161 | M65: =$H65/'Dues summary SOBHA'!$D65 -> 0.028571002 | N65: =$I65/'Dues summary SOBHA'!$D65 -> 0.084892145
A66: 2025 | B66: Oct | C66: Oct'25 | D66: 7.4025407e+08 | E66: 5.4714759e+08 | F66: 55694458 | G66: 25013384 | H66: 23905487 | I66: 88493149 | J66: ='Dues summary SOBHA'!$E66/'Dues summary SOBHA'!$D66 -> 0.73913487 | K66: ='Dues summary SOBHA'!$F66/'Dues summary SOBHA'!$D66 -> 0.075236949 | L66: ='Dues summary SOBHA'!$G66/'Dues summary SOBHA'!$D66 -> 0.033790269 | M66: =$H66/'Dues summary SOBHA'!$D66 -> 0.032293624 | N66: =$I66/'Dues summary SOBHA'!$D66 -> 0.11954429
A67: 2025 | B67: Nov | C67: Nov'25 | D67: 6.3204993e+08 | E67: 4.7898857e+08 | F67: 79825275 | G67: 12198459 | H67: 12102707 | I67: 48934912 | J67: ='Dues summary SOBHA'!$E67/'Dues summary SOBHA'!$D67 -> 0.75783345 | K67: ='Dues summary SOBHA'!$F67/'Dues summary SOBHA'!$D67 -> 0.12629584 | L67: ='Dues summary SOBHA'!$G67/'Dues summary SOBHA'!$D67 -> 0.019299834 | M67: =$H67/'Dues summary SOBHA'!$D67 -> 0.01914834 | N67: =$I67/'Dues summary SOBHA'!$D67 -> 0.077422542
A68: 2025 | B68: Dec | C68: Dec'25 | D68: 5.8191658e+08 | E68: 4.3533279e+08 | F68: 52676214 | G68: 93907576 | H68: 93907576 | I68: 93907576 | J68: ='Dues summary SOBHA'!$E68/'Dues summary SOBHA'!$D68 -> 0.74810171 | K68: ='Dues summary SOBHA'!$F68/'Dues summary SOBHA'!$D68 -> 0.090521933 | L68: ='Dues summary SOBHA'!$G68/'Dues summary SOBHA'!$D68 -> 0.16137635 | M68: =$H68/'Dues summary SOBHA'!$D68 -> 0.16137635 | N68: =$I68/'Dues summary SOBHA'!$D68 -> 0.16137635
C69: 2025 Total | D69: =SUM(D57:D68) -> 8.3330901e+09 | E69: =SUM(E57:E68) -> 6.0540608e+09 | F69: =SUM(F57:F68) -> 8.2155457e+08 | G69: =SUM(G57:G68) -> 4.7541263e+08 | H69: =SUM(H57:H68) -> 4.6878833e+08 | I69: =SUM(I57:I68) -> 7.0108893e+08 | J69: ='Dues summary SOBHA'!$E69/'Dues summary SOBHA'!$D69 -> 0.7265085 | K69: ='Dues summary SOBHA'!$F69/'Dues summary SOBHA'!$D69 -> 0.098589427 | L69: ='Dues summary SOBHA'!$G69/'Dues summary SOBHA'!$D69 -> 0.05705118 | M69: =$H69/'Dues summary SOBHA'!$D69 -> 0.056256241 | N69: =$I69/'Dues summary SOBHA'!$D69 -> 0.084133128
A70: 2026 | B70: Jan | C70: Jan'26 | D70: 6.4002178e+08 | E70: 5.0337183e+08 | F70: 32933547 | G70: 28361200 | H70: 22214937 | I70: 53140267 | J70: ='Dues summary SOBHA'!$E70/'Dues summary SOBHA'!$D70 -> 0.78649172 | K70: ='Dues summary SOBHA'!$F70/'Dues summary SOBHA'!$D70 -> 0.051456916 | L70: ='Dues summary SOBHA'!$G70/'Dues summary SOBHA'!$D70 -> 0.044312867 | M70: =$H70/'Dues summary SOBHA'!$D70 -> 0.034709658 | N70: =$I70/'Dues summary SOBHA'!$D70 -> 0.083028842
A71: 2026 | B71: Feb | C71: Feb'26 | D71: 5.4389888e+08 | E71: 4.0167347e+08 | F71: 41667215 | G71: 16395066 | H71: 8924981.6 | I71: 75238147 | J71: ='Dues summary SOBHA'!$E71/'Dues summary SOBHA'!$D71 -> 0.73850762 | K71: ='Dues summary SOBHA'!$F71/'Dues summary SOBHA'!$D71 -> 0.076608386 | L71: ='Dues summary SOBHA'!$G71/'Dues summary SOBHA'!$D71 -> 0.030143592 | M71: =$H71/'Dues summary SOBHA'!$D71 -> 0.016409267 | N71: =$I71/'Dues summary SOBHA'!$D71 -> 0.13833113
A72: 2026 | B72: Mar | C72: Mar'26 | D72: 4.8468282e+08 | E72: 4.0027798e+08 | F72: 36771101 | G72: 14078003 | H72: 8842566.2 | I72: 24713175 | J72: ='Dues summary SOBHA'!$E72/'Dues summary SOBHA'!$D72 -> 0.82585551 | K72: ='Dues summary SOBHA'!$F72/'Dues summary SOBHA'!$D72 -> 0.075866317 | L72: ='Dues summary SOBHA'!$G72/'Dues summary SOBHA'!$D72 -> 0.029045805 | M72: =$H72/'Dues summary SOBHA'!$D72 -> 0.018244026 | N72: =$I72/'Dues summary SOBHA'!$D72 -> 0.050988345
A73: 2026 | B73: Apr | C73: Apr'26 | D73: 5.7537611e+08 | E73: 4.5906938e+08 | F73: 61779496 | G73: 14887830 | H73: 12500825 | I73: 27138584 | J73: ='Dues summary SOBHA'!$E73/'Dues summary SOBHA'!$D73 -> 0.79785964 | K73: ='Dues summary SOBHA'!$F73/'Dues summary SOBHA'!$D73 -> 0.10737237 | L73: ='Dues summary SOBHA'!$G73/'Dues summary SOBHA'!$D73 -> 0.025874953 | M73: =$H73/'Dues summary SOBHA'!$D73 -> 0.021726353 | N73: =$I73/'Dues summary SOBHA'!$D73 -> 0.047166685
A74: 2026 | B74: May | C74: May'26 | D74: 1.0604419e+08 | E74: 81127697 | F74: 10564742 | G74: 711656.34 | H74: 860704.6 | I74: 12779389 | J74: ='Dues summary SOBHA'!$E74/'Dues summary SOBHA'!$D74 -> 0.76503671 | K74: ='Dues summary SOBHA'!$F74/'Dues summary SOBHA'!$D74 -> 0.099625843 | L74: ='Dues summary SOBHA'!$G74/'Dues summary SOBHA'!$D74 -> 0.0067109414 | M74: =$H74/'Dues summary SOBHA'!$D74 -> 0.0081164711 | N74: =$I74/'Dues summary SOBHA'!$D74 -> 0.12051004
C75: Grand Total | D75: =D56+D69+D70+D71+D72+D73+D74 -> 1.6119466e+10 | E75: =E56+E69+E70+E71+E72+E73+E74 -> 1.1313233e+10 | F75: =F56+F69+F70+F71+F72+F73+F74 -> 1.7029919e+09 | G75: =G56+G69+G70+G71+G72+G73+G74 -> 8.8716359e+08 | H75: =H56+H69+H70+H71+H72+H73+H74 -> 7.3197863e+08 | I75: =I56+I69+I70+I71+I72+I73+I74 -> 1.6719135e+09 | J75: ='Dues summary'!$E75/'Dues summary'!$D75 -> 0.71726279 | K75: ='Dues summary'!$F75/'Dues summary'!$D75 -> 0.10360604 | L75: ='Dues summary'!$G75/'Dues summary'!$D75 -> 0.048231291 | M75: =$H75/'Dues summary'!$D75 -> 0.040621526 | N75: =$I75/'Dues summary'!$D75 -> 0.09278369
C77: =_xlfn.CONCAT("New sales collection aging ") -> New sales collection aging
C78: Month | D78: New Sales collected(10% +BA collected within 30days ) | E78: New Sales collected 0-30 days of booking | F78: New sales Collected 30-60 days of booking | G78: New Sales collected >60 days of booking | H78: 0.3 | I78: %30-60 | J78: %60+
A79: 2024 | B79: Jan | C79: Jan'24 | D79: 212004087 | E79: 208903076 | F79: 2629453 | G79: =D79-SUM(E79:F79) -> 471558 | H79: =E79/D79 -> 0.98537287 | I79: =F79/D79 -> 0.012402841 | J79: =G79/D79 -> 0.0022242873
A80: 2024 | B80: Feb | C80: Feb'24 | D80: 238989502 | E80: 233880564 | F80: 4798092 | G80: =D80-SUM(E80:F80) -> 310846 | H80: =E80/D80 -> 0.97862275 | I80: =F80/D80 -> 0.020076581 | J80: =G80/D80 -> 0.001300668
A81: 2024 | B81: Mar | C81: Mar'24 | D81: 325419909 | E81: 322413374 | F81: 2803599 | G81: =D81-SUM(E81:F81) -> 202936 | H81: =E81/D81 -> 0.99076106 | I81: =F81/D81 -> 0.0086153272 | J81: =G81/D81 -> 0.00062361274
A82: 2024 | B82: Apr | C82: Apr'24 | D82: 247240968 | E82: 239796304 | F82: 6042134 | G82: =D82-SUM(E82:F82) -> 1402530 | H82: =E82/D82 -> 0.96988904 | I82: =F82/D82 -> 0.02443824 | J82: =G82/D82 -> 0.0056727249 | P82: 0
A83: 2024 | B83: May | C83: May'24 | D83: 243818421 | E83: 238224101 | F83: 3948820 | G83: =D83-SUM(E83:F83) -> 1645500 | H83: =E83/D83 -> 0.97705538 | I83: =F83/D83 -> 0.016195741 | J83: =G83/D83 -> 0.0067488748
A84: 2024 | B84: Jun | C84: Jun'24 | D84: 192285683 | E84: 190926704 | F84: 1232179 | G84: =D84-SUM(E84:F84) -> 126800 | H84: =E84/D84 -> 0.9929325 | I84: =F84/D84 -> 0.0064080642 | J84: =G84/D84 -> 0.00065943547
A85: 2024 | B85: Jul | C85: Jul'24 | D85: 168440121 | E85: 166289806 | F85: 2007254 | G85: =D85-SUM(E85:F85) -> 143061 | H85: =E85/D85 -> 0.98723395 | I85: =F85/D85 -> 0.011916721 | J85: =G85/D85 -> 0.00084932853
A86: 2024 | B86: Aug | C86: Aug'24 | D86: 163049430 | E86: 161592693 | F86: 1202937 | G86: =D86-SUM(E86:F86) -> 253800 | H86: =E86/D86 -> 0.99106567 | I86: =F86/D86 -> 0.0073777443 | J86: =G86/D86 -> 0.0015565832
A87: 2024 | B87: Sep | C87: Sep'24 | D87: 178988391 | E87: 174382936 | F87: 2915386 | G87: =D87-SUM(E87:F87) -> 1690069 | H87: =E87/D87 -> 0.97426953 | I87: =F87/D87 -> 0.016288129 | J87: =G87/D87 -> 0.0094423386
A88: 2024 | B88: Oct | C88: Oct'24 | D88: 200269928 | E88: 196736580 | F88: 2970446 | G88: =D88-SUM(E88:F88) -> 562902 | H88: =E88/D88 -> 0.98235707 | I88: =F88/D88 -> 0.014832212 | J88: =G88/D88 -> 0.0028107165
A89: 2024 | B89: Nov | C89: Nov'24 | D89: 246929839 | E89: 242260346 | F89: 4478339 | G89: =D89-SUM(E89:F89) -> 191154 | H89: =E89/D89 -> 0.9810898 | I89: =F89/D89 -> 0.018136079 | J89: =G89/D89 -> 0.00077412273
A90: 2024 | B90: Dec | C90: Dec'24 | D90: 231778285 | E90: 223718947 | F90: 5621402 | G90: =D90-SUM(E90:F90) -> 2437936 | H90: =E90/D90 -> 0.96522824 | I90: =F90/D90 -> 0.024253359 | J90: =G90/D90 -> 0.010518397
C91: 2024 Total | D91: =SUM(D79:D90) -> 2649214564 | E91: =SUM(E79:E90) -> 2599125431 | F91: =SUM(F79:F90) -> 40650041 | G91: =SUM(G79:G90) -> 9439092 | H91: =E91/D91 -> 0.98109284 | I91: =F91/D91 -> 0.015344186 | J91: =G91/D91 -> 0.0035629775
A92: 2025 | B92: Jan | C92: Jan'25 | D92: 222701983 | E92: 217711752 | F92: 4656446 | G92: =D92-SUM(E92:F92) -> 333785 | H92: =E92/D92 -> 0.97759234 | I92: =F92/D92 -> 0.020908866 | J92: =G92/D92 -> 0.0014987967
A93: 2025 | B93: Feb | C93: Feb'25 | D93: 246106484 | E93: 244761553 | F93: 1005087 | G93: =D93-SUM(E93:F93) -> 339844 | H93: =E93/D93 -> 0.99453517 | I93: =F93/D93 -> 0.0040839517 | J93: =G93/D93 -> 0.0013808819
A94: 2025 | B94: Mar | C94: Mar'25 | D94: 273396314 | E94: 270599798 | F94: 2733689 | G94: =D94-SUM(E94:F94) -> 62827 | H94: =E94/D94 -> 0.9897712 | I94: =F94/D94 -> 0.0099989973 | J94: =G94/D94 -> 0.00022980193
A95: 2025 | B95: Apr | C95: Apr'25 | D95: 271130831 | E95: 268335626 | F95: 1917805 | G95: =D95-SUM(E95:F95) -> 877400 | H95: =E95/D95 -> 0.98969057 | I95: =F95/D95 -> 0.0070733564 | J95: =G95/D95 -> 0.0032360761
A96: 2025 | B96: May | C96: May'25 | D96: 288050707 | E96: 284605341 | F96: 3028124 | G96: =D96-SUM(E96:F96) -> 417242 | H96: =E96/D96 -> 0.98803903 | I96: =F96/D96 -> 0.010512469 | J96: =G96/D96 -> 0.0014485019
A97: 2025 | B97: Jun | C97: Jun'25 | D97: 208311689 | E97: 204037433 | F97: 3966085 | G97: =D97-SUM(E97:F97) -> 308171 | H97: =E97/D97 -> 0.97948144 | I97: =F97/D97 -> 0.019039186 | J97: =G97/D97 -> 0.0014793745
A98: 2025 | B98: Jul | C98: Jul'25 | D98: 208232688 | E98: 205100240 | F98: 2725254 | G98: =D98-SUM(E98:F98) -> 407194 | H98: =E98/D98 -> 0.98495698 | I98: =F98/D98 -> 0.013087542 | J98: =G98/D98 -> 0.0019554759
A99: 2025 | B99: Aug | C99: Aug'25 | D99: 184312099 | E99: 182778983 | F99: 1126203 | G99: =D99-SUM(E99:F99) -> 406913 | H99: =E99/D99 -> 0.99168196 | I99: =F99/D99 -> 0.0061103042 | J99: =G99/D99 -> 0.002207739
A100: 2025 | B100: Sep | C100: Sep'25 | D100: 229195990 | E100: 228667375 | F100: 197201 | G100: =D100-SUM(E100:F100) -> 331414 | H100: =E100/D100 -> 0.99769361 | I100: =F100/D100 -> 0.00086040336 | J100: =G100/D100 -> 0.0014459852
A101: 2025 | B101: Oct | C101: Oct'25 | D101: 211811729 | E101: 201947458 | F101: 9410197 | G101: =D101-SUM(E101:F101) -> 454074 | H101: =E101/D101 -> 0.95342906 | I101: =F101/D101 -> 0.044427176 | J101: =G101/D101 -> 0.0021437623
A102: 2025 | B102: Nov | C102: Nov'25 | D102: 181461838 | E102: 174084202 | F102: 790424 | G102: =D102-SUM(E102:F102) -> 6587212 | H102: =E102/D102 -> 0.95934332 | I102: =F102/D102 -> 0.004355869 | J102: =G102/D102 -> 0.036300812
...

Sheet Dues summary Siniya-UAQ
C1: Note | K1: =IF(AND(D40=D41,D75=D40,D110=D111,F40=D146),"Ok") -> Ok
C2: Overall dues collected, and categorization of the same in Booking amount dues( BA collected beyond 10% and after 30days) and non-Booking amount dues
C3: Dues collection from MS overdue aging (+/-)30 days, 30-60 days, 60-90 days and 90+ days
C4: New sales collection from aging 30 days, 30-60 days, 60-90 days and 90+ days from booking
C5: Booking amount (BA collected beyond 10% and after 30days) collection from aging 30-60 days, 60-90 days and 90+ days from booking
C7: =_xlfn.CONCAT("Dues collected - booking amount vs non booking amount") -> Dues collected - booking amount vs non booking amount
C8: Month | D8: Dues collected | E8: Non-BA dues | F8: BA dues(BA collected beyond 10% & after 30days) | G8: %non BA dues | H8: %BA dues
A9: 2024 | B9: Jan | C9: Jan'24 | D9: 0 | E9: =D9-F9 -> 0 | F9: 0 | G9: ='Dues summary Siniya-UAQ'!$E9/'Dues summary Siniya-UAQ'!$D9 -> #DIV/0! | H9: =F9/'Dues summary Siniya-UAQ'!$D9 -> #DIV/0!
A10: 2024 | B10: Feb | C10: Feb'24 | D10: 0 | E10: =D10-F10 -> 0 | F10: 0 | G10: ='Dues summary Siniya-UAQ'!$E10/'Dues summary Siniya-UAQ'!$D10 -> #DIV/0! | H10: =F10/'Dues summary Siniya-UAQ'!$D10 -> #DIV/0!
A11: 2024 | B11: Mar | C11: Mar'24 | D11: 0 | E11: =D11-F11 -> 0 | F11: 0 | G11: ='Dues summary Siniya-UAQ'!$E11/'Dues summary Siniya-UAQ'!$D11 -> #DIV/0! | H11: =F11/'Dues summary Siniya-UAQ'!$D11 -> #DIV/0!
A12: 2024 | B12: Apr | C12: Apr'24 | D12: 0 | E12: =D12-F12 -> 0 | F12: 0 | G12: ='Dues summary Siniya-UAQ'!$E12/'Dues summary Siniya-UAQ'!$D12 -> #DIV/0! | H12: =F12/'Dues summary Siniya-UAQ'!$D12 -> #DIV/0!
A13: 2024 | B13: May | C13: May'24 | D13: 0 | E13: =D13-F13 -> 0 | F13: 0 | G13: ='Dues summary Siniya-UAQ'!$E13/'Dues summary Siniya-UAQ'!$D13 -> #DIV/0! | H13: =F13/'Dues summary Siniya-UAQ'!$D13 -> #DIV/0!
A14: 2024 | B14: Jun | C14: Jun'24 | D14: 0 | E14: =D14-F14 -> 0 | F14: 0 | G14: ='Dues summary Siniya-UAQ'!$E14/'Dues summary Siniya-UAQ'!$D14 -> #DIV/0! | H14: =F14/'Dues summary Siniya-UAQ'!$D14 -> #DIV/0!
A15: 2024 | B15: Jul | C15: Jul'24 | D15: 0 | E15: =D15-F15 -> 0 | F15: 0 | G15: ='Dues summary Siniya-UAQ'!$E15/'Dues summary Siniya-UAQ'!$D15 -> #DIV/0! | H15: =F15/'Dues summary Siniya-UAQ'!$D15 -> #DIV/0!
A16: 2024 | B16: Aug | C16: Aug'24 | D16: 434175.7 | E16: =D16-F16 -> 434175.7 | F16: 0 | G16: ='Dues summary Siniya-UAQ'!$E16/'Dues summary Siniya-UAQ'!$D16 -> 1 | H16: =F16/'Dues summary Siniya-UAQ'!$D16 -> 0
A17: 2024 | B17: Sep | C17: Sep'24 | D17: 2865867.4 | E17: =D17-F17 -> 771652.38 | F17: 2094215 | G17: ='Dues summary Siniya-UAQ'!$E17/'Dues summary Siniya-UAQ'!$D17 -> 0.26925614 | H17: =F17/'Dues summary Siniya-UAQ'!$D17 -> 0.73074386
A18: 2024 | B18: Oct | C18: Oct'24 | D18: 25935864 | E18: =D18-F18 -> 20534376 | F18: 5401488 | G18: ='Dues summary Siniya-UAQ'!$E18/'Dues summary Siniya-UAQ'!$D18 -> 0.79173672 | H18: =F18/'Dues summary Siniya-UAQ'!$D18 -> 0.20826328
A19: 2024 | B19: Nov | C19: Nov'24 | D19: 35036517 | E19: =D19-F19 -> 26108379 | F19: 8928138 | G19: ='Dues summary Siniya-UAQ'!$E19/'Dues summary Siniya-UAQ'!$D19 -> 0.74517621 | H19: =F19/'Dues summary Siniya-UAQ'!$D19 -> 0.25482379
A20: 2024 | B20: Dec | C20: Dec'24 | D20: 25521082 | E20: =D20-F20 -> 16628851 | F20: 8892231 | G20: ='Dues summary Siniya-UAQ'!$E20/'Dues summary Siniya-UAQ'!$D20 -> 0.65157312 | H20: =F20/'Dues summary Siniya-UAQ'!$D20 -> 0.34842688
C21: 2024 Total | D21: =SUM(D9:D20) -> 89793506 | E21: =SUM(E9:E20) -> 64477434 | F21: =SUM(F9:F20) -> 25316072 | G21: ='Dues summary Siniya-UAQ'!$E21/'Dues summary Siniya-UAQ'!$D21 -> 0.71806344 | H21: =F21/'Dues summary Siniya-UAQ'!$D21 -> 0.28193656
A22: 2025 | B22: Jan | C22: Jan'25 | D22: 61739104 | E22: =D22-F22 -> 46699055 | F22: 15040049 | G22: ='Dues summary Siniya-UAQ'!$E22/'Dues summary Siniya-UAQ'!$D22 -> 0.75639347 | H22: =F22/'Dues summary Siniya-UAQ'!$D22 -> 0.24360653
A23: 2025 | B23: Feb | C23: Feb'25 | D23: 66487975 | E23: =D23-F23 -> 57678317 | F23: 8809658 | G23: ='Dues summary Siniya-UAQ'!$E23/'Dues summary Siniya-UAQ'!$D23 -> 0.86749998 | H23: =F23/'Dues summary Siniya-UAQ'!$D23 -> 0.13250002
A24: 2025 | B24: Mar | C24: Mar'25 | D24: 70785949 | E24: =D24-F24 -> 63345021 | F24: 7440928 | G24: ='Dues summary Siniya-UAQ'!$E24/'Dues summary Siniya-UAQ'!$D24 -> 0.89488128 | H24: =F24/'Dues summary Siniya-UAQ'!$D24 -> 0.10511872
A25: 2025 | B25: Apr | C25: Apr'25 | D25: 91757321 | E25: =D25-F25 -> 86316531 | F25: 5440790 | G25: ='Dues summary Siniya-UAQ'!$E25/'Dues summary Siniya-UAQ'!$D25 -> 0.94070457 | H25: =F25/'Dues summary Siniya-UAQ'!$D25 -> 0.059295432
A26: 2025 | B26: May | C26: May'25 | D26: 92598515 | E26: =D26-F26 -> 86612289 | F26: 5986226 | G26: ='Dues summary Siniya-UAQ'!$E26/'Dues summary Siniya-UAQ'!$D26 -> 0.93535289 | H26: =F26/'Dues summary Siniya-UAQ'!$D26 -> 0.064647106
A27: 2025 | B27: Jun | C27: Jun'25 | D27: 85182747 | E27: =D27-F27 -> 79528709 | F27: 5654038 | G27: ='Dues summary Siniya-UAQ'!$E27/'Dues summary Siniya-UAQ'!$D27 -> 0.93362461 | H27: =F27/'Dues summary Siniya-UAQ'!$D27 -> 0.06637539
A28: 2025 | B28: Jul | C28: Jul'25 | D28: 1.3187931e+08 | E28: =D28-F28 -> 1.2759249e+08 | F28: 4286824 | G28: ='Dues summary Siniya-UAQ'!$E28/'Dues summary Siniya-UAQ'!$D28 -> 0.96749434 | H28: =F28/'Dues summary Siniya-UAQ'!$D28 -> 0.032505659
A29: 2025 | B29: Aug | C29: Aug'25 | D29: 1.3640497e+08 | E29: =D29-F29 -> 1.3246554e+08 | F29: 3939434 | G29: ='Dues summary Siniya-UAQ'!$E29/'Dues summary Siniya-UAQ'!$D29 -> 0.97111957 | H29: =F29/'Dues summary Siniya-UAQ'!$D29 -> 0.028880429
A30: 2025 | B30: Sep | C30: Sep'25 | D30: 1.3807254e+08 | E30: =D30-F30 -> 1.3424884e+08 | F30: 3823703 | G30: ='Dues summary Siniya-UAQ'!$E30/'Dues summary Siniya-UAQ'!$D30 -> 0.97230656 | H30: =F30/'Dues summary Siniya-UAQ'!$D30 -> 0.027693436
A31: 2025 | B31: Oct | C31: Oct'25 | D31: 1.5608319e+08 | E31: =D31-F31 -> 1.5399961e+08 | F31: 2083581 | G31: ='Dues summary Siniya-UAQ'!$E31/'Dues summary Siniya-UAQ'!$D31 -> 0.98665083 | H31: =F31/'Dues summary Siniya-UAQ'!$D31 -> 0.013349169
A32: 2025 | B32: Nov | C32: Nov'25 | D32: 1.2720297e+08 | E32: =D32-F32 -> 1.2637202e+08 | F32: 830944 | G32: ='Dues summary Siniya-UAQ'!$E32/'Dues summary Siniya-UAQ'!$D32 -> 0.99346757 | H32: =F32/'Dues summary Siniya-UAQ'!$D32 -> 0.0065324262
A33: 2025 | B33: Dec | C33: Dec'25 | D33: 1.1713684e+08 | E33: =D33-F33 -> 1.1510655e+08 | F33: 2030295 | G33: ='Dues summary Siniya-UAQ'!$E33/'Dues summary Siniya-UAQ'!$D33 -> 0.98266732 | H33: =F33/'Dues summary Siniya-UAQ'!$D33 -> 0.017332676
C34: 2025 Total | D34: =SUM(D22:D33) -> 1.2753314e+09 | E34: =SUM(E22:E33) -> 1.209965e+09 | F34: =SUM(F22:F33) -> 65366470 | G34: ='Dues summary Siniya-UAQ'!$E34/'Dues summary Siniya-UAQ'!$D34 -> 0.9487455 | H34: =F34/'Dues summary Siniya-UAQ'!$D34 -> 0.051254496
A35: 2026 | B35: Jan | C35: Jan'26 | D35: 1.4306213e+08 | E35: =D35-F35 -> 1.4187678e+08 | F35: 1185355 | G35: ='Dues summary Siniya-UAQ'!$E35/'Dues summary Siniya-UAQ'!$D35 -> 0.9917144 | H35: =F35/'Dues summary Siniya-UAQ'!$D35 -> 0.0082855956
A36: 2026 | B36: Feb | C36: Feb'26 | D36: 1.3549962e+08 | E36: =D36-F36 -> 1.3491183e+08 | F36: 587796 | G36: ='Dues summary Siniya-UAQ'!$E36/'Dues summary Siniya-UAQ'!$D36 -> 0.99566201 | H36: =F36/'Dues summary Siniya-UAQ'!$D36 -> 0.0043379899
A37: 2026 | B37: Mar | C37: Mar'26 | D37: 1.1093705e+08 | E37: =D37-F37 -> 1.0967888e+08 | F37: 1258172 | G37: ='Dues summary Siniya-UAQ'!$E37/'Dues summary Siniya-UAQ'!$D37 -> 0.98865869 | H37: =F37/'Dues summary Siniya-UAQ'!$D37 -> 0.011341314
A38: 2026 | B38: Apr | C38: Apr'26 | D38: 1.2295743e+08 | E38: =D38-F38 -> 1.2294602e+08 | F38: 11411 | G38: ='Dues summary Siniya-UAQ'!$E38/'Dues summary Siniya-UAQ'!$D38 -> 0.9999072 | H38: =F38/'Dues summary Siniya-UAQ'!$D38 -> 9.2804478e-05
A39: 2026 | B39: May | C39: May'26 | D39: 20890249 | E39: =D39-F39 -> 20887776 | F39: 2473 | G39: ='Dues summary Siniya-UAQ'!$E39/'Dues summary Siniya-UAQ'!$D39 -> 0.99988162 | H39: =F39/'Dues summary Siniya-UAQ'!$D39 -> 0.00011838059
C40: Grand Total | D40: =D21+D34+D35+D36+D37+D38+D39 -> 1.8984714e+09 | E40: =E21+E34+E35+E36+E37+E38+E39 -> 1.8047437e+09 | F40: =F21+F34+F35+F36+F37+F38+F39 -> 93727749 | G40: ='Dues summary'!$E40/'Dues summary'!$D40 -> 0.95588738 | H40: =F40/'Dues summary'!$D40 -> 0.005201469
D41: =SUM(Summary!K94,Summary!K107,Summary!K135,Summary!K148,Summary!K161,Summary!K120) -> 1.8984714e+09
C42: =_xlfn.CONCAT("Dues collection ageing monthwise") -> Dues collection ageing monthwise
C43: Month | D43: Dues collected | E43: Dues collected within 30 days | F43: Dues collcted from 30 to 60 days | G43: Dues collcted from 60 to 90 days | H43: Dues collcted from 90 to 120 days | I43: Dues collcted from 120+ days | J43: % within 30 days | K43: % 30 to 60 days | L43: % 60 -90 days | M43: % 90-120 days | N43: %120+ days
A44: 2024 | B44: Jan | C44: Jan'24 | D44: 0 | E44: 0 | F44: 0 | G44: 0 | H44: 0 | I44: 0 | J44: ='Dues summary Siniya-UAQ'!$E44/'Dues summary Siniya-UAQ'!$D44 -> #DIV/0! | K44: ='Dues summary Siniya-UAQ'!$F44/'Dues summary Siniya-UAQ'!$D44 -> #DIV/0! | L44: ='Dues summary Siniya-UAQ'!$G44/'Dues summary Siniya-UAQ'!$D44 -> #DIV/0! | M44: =$H44/'Dues summary Siniya-UAQ'!$D44 -> #DIV/0! | N44: =$I44/'Dues summary Siniya-UAQ'!$D44 -> #DIV/0!
A45: 2024 | B45: Feb | C45: Feb'24 | D45: 0 | E45: 0 | F45: 0 | G45: 0 | H45: 0 | I45: 0 | J45: ='Dues summary Siniya-UAQ'!$E45/'Dues summary Siniya-UAQ'!$D45 -> #DIV/0! | K45: ='Dues summary Siniya-UAQ'!$F45/'Dues summary Siniya-UAQ'!$D45 -> #DIV/0! | L45: ='Dues summary Siniya-UAQ'!$G45/'Dues summary Siniya-UAQ'!$D45 -> #DIV/0! | M45: =$H45/'Dues summary Siniya-UAQ'!$D45 -> #DIV/0! | N45: =$I45/'Dues summary Siniya-UAQ'!$D45 -> #DIV/0!
A46: 2024 | B46: Mar | C46: Mar'24 | D46: 0 | E46: 0 | F46: 0 | G46: 0 | H46: 0 | I46: 0 | J46: ='Dues summary Siniya-UAQ'!$E46/'Dues summary Siniya-UAQ'!$D46 -> #DIV/0! | K46: ='Dues summary Siniya-UAQ'!$F46/'Dues summary Siniya-UAQ'!$D46 -> #DIV/0! | L46: ='Dues summary Siniya-UAQ'!$G46/'Dues summary Siniya-UAQ'!$D46 -> #DIV/0! | M46: =$H46/'Dues summary Siniya-UAQ'!$D46 -> #DIV/0! | N46: =$I46/'Dues summary Siniya-UAQ'!$D46 -> #DIV/0!
A47: 2024 | B47: Apr | C47: Apr'24 | D47: 0 | E47: 0 | F47: 0 | G47: 0 | H47: 0 | I47: 0 | J47: ='Dues summary Siniya-UAQ'!$E47/'Dues summary Siniya-UAQ'!$D47 -> #DIV/0! | K47: ='Dues summary Siniya-UAQ'!$F47/'Dues summary Siniya-UAQ'!$D47 -> #DIV/0! | L47: ='Dues summary Siniya-UAQ'!$G47/'Dues summary Siniya-UAQ'!$D47 -> #DIV/0! | M47: =$H47/'Dues summary Siniya-UAQ'!$D47 -> #DIV/0! | N47: =$I47/'Dues summary Siniya-UAQ'!$D47 -> #DIV/0!
A48: 2024 | B48: May | C48: May'24 | D48: 0 | E48: 0 | F48: 0 | G48: 0 | H48: 0 | I48: 0 | J48: ='Dues summary Siniya-UAQ'!$E48/'Dues summary Siniya-UAQ'!$D48 -> #DIV/0! | K48: ='Dues summary Siniya-UAQ'!$F48/'Dues summary Siniya-UAQ'!$D48 -> #DIV/0! | L48: ='Dues summary Siniya-UAQ'!$G48/'Dues summary Siniya-UAQ'!$D48 -> #DIV/0! | M48: =$H48/'Dues summary Siniya-UAQ'!$D48 -> #DIV/0! | N48: =$I48/'Dues summary Siniya-UAQ'!$D48 -> #DIV/0!
A49: 2024 | B49: Jun | C49: Jun'24 | D49: 0 | E49: 0 | F49: 0 | G49: 0 | H49: 0 | I49: 0 | J49: ='Dues summary Siniya-UAQ'!$E49/'Dues summary Siniya-UAQ'!$D49 -> #DIV/0! | K49: ='Dues summary Siniya-UAQ'!$F49/'Dues summary Siniya-UAQ'!$D49 -> #DIV/0! | L49: ='Dues summary Siniya-UAQ'!$G49/'Dues summary Siniya-UAQ'!$D49 -> #DIV/0! | M49: =$H49/'Dues summary Siniya-UAQ'!$D49 -> #DIV/0! | N49: =$I49/'Dues summary Siniya-UAQ'!$D49 -> #DIV/0!
A50: 2024 | B50: Jul | C50: Jul'24 | D50: 0 | E50: 0 | F50: 0 | G50: 0 | H50: 0 | I50: 0 | J50: ='Dues summary Siniya-UAQ'!$E50/'Dues summary Siniya-UAQ'!$D50 -> #DIV/0! | K50: ='Dues summary Siniya-UAQ'!$F50/'Dues summary Siniya-UAQ'!$D50 -> #DIV/0! | L50: ='Dues summary Siniya-UAQ'!$G50/'Dues summary Siniya-UAQ'!$D50 -> #DIV/0! | M50: =$H50/'Dues summary Siniya-UAQ'!$D50 -> #DIV/0! | N50: =$I50/'Dues summary Siniya-UAQ'!$D50 -> #DIV/0!
A51: 2024 | B51: Aug | C51: Aug'24 | D51: 434175.7 | E51: 434175.7 | F51: 0 | G51: 0 | H51: 0 | I51: 0 | J51: ='Dues summary Siniya-UAQ'!$E51/'Dues summary Siniya-UAQ'!$D51 -> 1 | K51: ='Dues summary Siniya-UAQ'!$F51/'Dues summary Siniya-UAQ'!$D51 -> 0 | L51: ='Dues summary Siniya-UAQ'!$G51/'Dues summary Siniya-UAQ'!$D51 -> 0 | M51: =$H51/'Dues summary Siniya-UAQ'!$D51 -> 0 | N51: =$I51/'Dues summary Siniya-UAQ'!$D51 -> 0
A52: 2024 | B52: Sep | C52: Sep'24 | D52: 2865867.4 | E52: 771654.27 | F52: 2094213.1 | G52: 0 | H52: 0 | I52: 0 | J52: ='Dues summary Siniya-UAQ'!$E52/'Dues summary Siniya-UAQ'!$D52 -> 0.2692568 | K52: ='Dues summary Siniya-UAQ'!$F52/'Dues summary Siniya-UAQ'!$D52 -> 0.7307432 | L52: ='Dues summary Siniya-UAQ'!$G52/'Dues summary Siniya-UAQ'!$D52 -> 0 | M52: =$H52/'Dues summary Siniya-UAQ'!$D52 -> 0 | N52: =$I52/'Dues summary Siniya-UAQ'!$D52 -> 0
A53: 2024 | B53: Oct | C53: Oct'24 | D53: 25935864 | E53: 20526672 | F53: 4538028.3 | G53: 871163.14 | H53: 0 | I53: 0 | J53: ='Dues summary Siniya-UAQ'!$E53/'Dues summary Siniya-UAQ'!$D53 -> 0.7914397 | K53: ='Dues summary Siniya-UAQ'!$F53/'Dues summary Siniya-UAQ'!$D53 -> 0.17497117 | L53: ='Dues summary Siniya-UAQ'!$G53/'Dues summary Siniya-UAQ'!$D53 -> 0.033589132 | M53: =$H53/'Dues summary Siniya-UAQ'!$D53 -> 0 | N53: =$I53/'Dues summary Siniya-UAQ'!$D53 -> 0
A54: 2024 | B54: Nov | C54: Nov'24 | D54: 35036517 | E54: 25241707 | F54: 7503857.3 | G54: 1312774.3 | H54: 978177.8 | I54: 0 | J54: ='Dues summary Siniya-UAQ'!$E54/'Dues summary Siniya-UAQ'!$D54 -> 0.72043998 | K54: ='Dues summary Siniya-UAQ'!$F54/'Dues summary Siniya-UAQ'!$D54 -> 0.21417247 | L54: ='Dues summary Siniya-UAQ'!$G54/'Dues summary Siniya-UAQ'!$D54 -> 0.037468744 | M54: =$H54/'Dues summary Siniya-UAQ'!$D54 -> 0.027918808 | N54: =$I54/'Dues summary Siniya-UAQ'!$D54 -> 0
A55: 2024 | B55: Dec | C55: Dec'24 | D55: 25521082 | E55: 15698352 | F55: 7091313.2 | G55: 1777468 | H55: 549655.15 | I55: 404294.25 | J55: ='Dues summary Siniya-UAQ'!$E55/'Dues summary Siniya-UAQ'!$D55 -> 0.61511308 | K55: ='Dues summary Siniya-UAQ'!$F55/'Dues summary Siniya-UAQ'!$D55 -> 0.27786099 | L55: ='Dues summary Siniya-UAQ'!$G55/'Dues summary Siniya-UAQ'!$D55 -> 0.069647048 | M55: =$H55/'Dues summary Siniya-UAQ'!$D55 -> 0.021537298 | N55: =$I55/'Dues summary Siniya-UAQ'!$D55 -> 0.015841579
C56: 2024 Total | D56: =SUM(D44:D55) -> 89793506 | E56: =SUM(E44:E55) -> 62672561 | F56: =SUM(F44:F55) -> 21227412 | G56: =SUM(G44:G55) -> 3961405.5 | H56: =SUM(H44:H55) -> 1527833 | I56: =SUM(I44:I55) -> 404294.25 | J56: ='Dues summary Siniya-UAQ'!$E56/'Dues summary Siniya-UAQ'!$D56 -> 0.69796318 | K56: ='Dues summary Siniya-UAQ'!$F56/'Dues summary Siniya-UAQ'!$D56 -> 0.23640253 | L56: ='Dues summary Siniya-UAQ'!$G56/'Dues summary Siniya-UAQ'!$D56 -> 0.044116837 | M56: =$H56/'Dues summary Siniya-UAQ'!$D56 -> 0.01701496 | N56: =$I56/'Dues summary Siniya-UAQ'!$D56 -> 0.0045024888
A57: 2025 | B57: Jan | C57: Jan'25 | D57: 61739104 | E57: 42310369 | F57: 15297345 | G57: 3302873.8 | H57: 345238.77 | I57: 483278 | J57: ='Dues summary Siniya-UAQ'!$E57/'Dues summary Siniya-UAQ'!$D57 -> 0.68530908 | K57: ='Dues summary Siniya-UAQ'!$F57/'Dues summary Siniya-UAQ'!$D57 -> 0.247774 | L57: ='Dues summary Siniya-UAQ'!$G57/'Dues summary Siniya-UAQ'!$D57 -> 0.053497274 | M57: =$H57/'Dues summary Siniya-UAQ'!$D57 -> 0.005591898 | N57: =$I57/'Dues summary Siniya-UAQ'!$D57 -> 0.0078277456
A58: 2025 | B58: Feb | C58: Feb'25 | D58: 66487975 | E58: 52870242 | F58: 5424770.2 | G58: 3430928.8 | H58: 1943967.2 | I58: 2818066.3 | J58: ='Dues summary Siniya-UAQ'!$E58/'Dues summary Siniya-UAQ'!$D58 -> 0.79518503 | K58: ='Dues summary Siniya-UAQ'!$F58/'Dues summary Siniya-UAQ'!$D58 -> 0.081590246 | L58: ='Dues summary Siniya-UAQ'!$G58/'Dues summary Siniya-UAQ'!$D58 -> 0.051602246 | M58: =$H58/'Dues summary Siniya-UAQ'!$D58 -> 0.029237876 | N58: =$I58/'Dues summary Siniya-UAQ'!$D58 -> 0.042384602
A59: 2025 | B59: Mar | C59: Mar'25 | D59: 70785949 | E59: 56795781 | F59: 9612104.3 | G59: 1690202.8 | H59: 1468200.7 | I59: 1219660.2 | J59: ='Dues summary Siniya-UAQ'!$E59/'Dues summary Siniya-UAQ'!$D59 -> 0.80235953 | K59: ='Dues summary Siniya-UAQ'!$F59/'Dues summary Siniya-UAQ'!$D59 -> 0.13579113 | L59: ='Dues summary Siniya-UAQ'!$G59/'Dues summary Siniya-UAQ'!$D59 -> 0.02387766 | M59: =$H59/'Dues summary Siniya-UAQ'!$D59 -> 0.020741414 | N59: =$I59/'Dues summary Siniya-UAQ'!$D59 -> 0.017230258
A60: 2025 | B60: Apr | C60: Apr'25 | D60: 91757321 | E60: 76324145 | F60: 11660855 | G60: 2169819.5 | H60: 376090.08 | I60: 1226412.1 | J60: ='Dues summary Siniya-UAQ'!$E60/'Dues summary Siniya-UAQ'!$D60 -> 0.83180441 | K60: ='Dues summary Siniya-UAQ'!$F60/'Dues summary Siniya-UAQ'!$D60 -> 0.12708364 | L60: ='Dues summary Siniya-UAQ'!$G60/'Dues summary Siniya-UAQ'!$D60 -> 0.023647372 | M60: =$H60/'Dues summary Siniya-UAQ'!$D60 -> 0.0040987474 | N60: =$I60/'Dues summary Siniya-UAQ'!$D60 -> 0.013365823
A61: 2025 | B61: May | C61: May'25 | D61: 92598515 | E61: 76816242 | F61: 8703536.1 | G61: 3117167.9 | H61: 1818882.9 | I61: 2142686 | J61: ='Dues summary Siniya-UAQ'!$E61/'Dues summary Siniya-UAQ'!$D61 -> 0.82956235 | K61: ='Dues summary Siniya-UAQ'!$F61/'Dues summary Siniya-UAQ'!$D61 -> 0.093992178 | L61: ='Dues summary Siniya-UAQ'!$G61/'Dues summary Siniya-UAQ'!$D61 -> 0.03366326 | M61: =$H61/'Dues summary Siniya-UAQ'!$D61 -> 0.019642679 | N61: =$I61/'Dues summary Siniya-UAQ'!$D61 -> 0.023139529
A62: 2025 | B62: Jun | C62: Jun'25 | D62: 85182747 | E62: 71593553 | F62: 8042325.4 | G62: 1816569 | H62: 2099170.3 | I62: 1631128.8 | J62: ='Dues summary Siniya-UAQ'!$E62/'Dues summary Siniya-UAQ'!$D62 -> 0.84047012 | K62: ='Dues summary Siniya-UAQ'!$F62/'Dues summary Siniya-UAQ'!$D62 -> 0.094412609 | L62: ='Dues summary Siniya-UAQ'!$G62/'Dues summary Siniya-UAQ'!$D62 -> 0.021325551 | M62: =$H62/'Dues summary Siniya-UAQ'!$D62 -> 0.024643139 | N62: =$I62/'Dues summary Siniya-UAQ'!$D62 -> 0.019148582
A63: 2025 | B63: Jul | C63: Jul'25 | D63: 1.3187931e+08 | E63: 1.1713309e+08 | F63: 8771906.8 | G63: 2535457.8 | H63: 835204.82 | I63: 2603656.1 | J63: ='Dues summary Siniya-UAQ'!$E63/'Dues summary Siniya-UAQ'!$D63 -> 0.88818394 | K63: ='Dues summary Siniya-UAQ'!$F63/'Dues summary Siniya-UAQ'!$D63 -> 0.066514653 | L63: ='Dues summary Siniya-UAQ'!$G63/'Dues summary Siniya-UAQ'!$D63 -> 0.019225591 | M63: =$H63/'Dues summary Siniya-UAQ'!$D63 -> 0.0063330996 | N63: =$I63/'Dues summary Siniya-UAQ'!$D63 -> 0.019742718
A64: 2025 | B64: Aug | C64: Aug'25 | D64: 1.3640497e+08 | E64: 1.2304783e+08 | F64: 6853546.5 | G64: 3077900.6 | H64: 1059861.4 | I64: 2365828.2 | J64: ='Dues summary Siniya-UAQ'!$E64/'Dues summary Siniya-UAQ'!$D64 -> 0.90207735 | K64: ='Dues summary Siniya-UAQ'!$F64/'Dues summary Siniya-UAQ'!$D64 -> 0.050244112 | L64: ='Dues summary Siniya-UAQ'!$G64/'Dues summary Siniya-UAQ'!$D64 -> 0.022564431 | M64: =$H64/'Dues summary Siniya-UAQ'!$D64 -> 0.0077699617 | N64: =$I64/'Dues summary Siniya-UAQ'!$D64 -> 0.01734415
