Workbook
Name Ak: !#REF!
Name NOB: !#REF!
Name qwerty: #REF!
Name Source: !#REF!
Name SRCE: !#REF!
Name Style: !#REF!
Name TOS: !#REF!
Name Type: !#REF!
Name VLOOKUP: !#REF!

Sheet Summary
A1: Note: | B1: Month On month collections are shown
B2: Unidentified = Realised-Reg-Receipts | N2: 46148
B3: Receipts = New sale+Other charges+dues&adv
S4: Difference | AE4: Yesterday
B5: =_xlfn.CONCAT("Summary as on-",TEXT(N2,"DD/MM/YYYY")) -> Summary as on-06/05/2026 | S5: =B5 -> Summary as on-06/05/2026 | AE5: =CONCATENATE("Summary as on-",TEXT(TODAY()-3,"dd/mm/yyyy")) -> Summary as on-05/05/2026
B6: Year | C6: Total realised | D6: DLD | E6: Receipts total | F6: Dues + Advance collection | G6: New sale receipts | H6: Other charges | I6: Est. Unidentified | J6: Advance collection | K6: Dues collection | L6: Actual unidentifed | S6: Year | T6: Total realised | U6: DLD | V6: Receipts total | W6: Dues + Advance collection | X6: New sale receipts | Y6: Other charges | Z6: Est. Unidentified | AA6: Advance collection | AB6: Dues collection | AC6: Actual unidentifed | AE6: Year | AF6: Total realised | AG6: DLD | AH6: Receipts total | AI6: Dues + Advance collection | AJ6: New sale receipts | AK6: Other charges | AL6: Est. Unidentified | AM6: Advance collection | AN6: Dues collection | AO6: Actual unidentifed
A7: 44196 | B7: 2020 & Before | C7: =SUM(D7:E7) -> 1.7716423e+09 | D7: 64288549 | E7: 1.7073538e+09 | F7: 1274263635 | G7: 431100953 | H7: 1989377 | I7: =C7-E7-D7 -> 0 | J7: 3.3403115e+08 | K7: 9.4023249e+08 | L7: =C7-E7-D7 -> 0 | N7: =_xlfn.CONCAT("Values as on ",TEXT(N2,"dd-mm-yyyy")) -> Values as on 06-05-2026 | S7: 2020 & Before | T7: =C7-AF7 -> 0 | U7: =D7-AG7 -> 0 | V7: =E7-AH7 -> 0 | W7: =F7-AI7 -> -322590 | X7: =G7-AJ7 -> 322593 | Y7: =H7-AK7 -> 0 | Z7: =I7-AL7 -> 0 | AA7: =J7-AM7 -> -98.78 | ... AC7: =L7-AO7 -> 0 | AE7: 2020 & Before | AF7: 1.7716423e+09 | AG7: 64288549 | AH7: 1.7073538e+09 | AI7: 1274586225 | AJ7: 430778360 | AK7: 1989377 | AL7: 0 | AM7: 3.3403124e+08 | AN7: 9.4055498e+08 | AO7: 0
A8: 44561 | B8: 2021 Total | C8: 1698298327 | D8: 130078450 | E8: 1.5664545e+09 | F8: 866125495 | G8: 699134658 | H8: 1194387 | I8: =C8-E8-D8 -> 1765331.1 | J8: 2.1768337e+08 | K8: 6.4844212e+08 | L8: =C8-E8-D8 -> 1765331.1 | N8: Sobha | O8: 2.309767e+08 | P8: 1.1685699e+09 | Q8: =P8-O8 -> 9.3759316e+08 | S8: 2021 Total | T8: =C8-AF8 -> 0 | U8: =D8-AG8 -> 0 | V8: =E8-AH8 -> 0 | W8: =F8-AI8 -> -276 | X8: =G8-AJ8 -> 277 | Y8: =H8-AK8 -> 0 | Z8: =I8-AL8 -> 0 | AA8: =J8-AM8 -> 2559.66 | ... AC8: =L8-AO8 -> 0 | AE8: 2021 Total | AF8: 1698298327 | AG8: 130078450 | AH8: 1.5664545e+09 | AI8: 866125771 | AJ8: 699134381 | AK8: 1194387 | AL8: 1765331.1 | AM8: 2.1768081e+08 | AN8: 6.4844496e+08 | AO8: 1765331.1
A9: =EOMONTH(A8,12) -> 44926 | B9: 2022 Total | C9: 4272715411 | D9: 407978084 | E9: 3.8596445e+09 | F9: 2498323296 | G9: 1357599331 | H9: 3722293 | I9: =C9-E9-D9 -> 5092824.3 | J9: 8.1500144e+08 | K9: 1.6833219e+09 | L9: =C9-E9-D9 -> 5092824.3 | N9: Siniya | O9: 28868668 | P9: 1.7880593e+08 | Q9: =P9-O9 -> 1.4993727e+08 | S9: 2022 Total | T9: =C9-AF9 -> 0 | U9: =D9-AG9 -> 0 | V9: =E9-AH9 -> 0 | W9: =F9-AI9 -> -13731 | X9: =G9-AJ9 -> 13756 | Y9: =H9-AK9 -> 0 | Z9: =I9-AL9 -> 0 | AA9: =J9-AM9 -> -11567.82 | ... AC9: =L9-AO9 -> 0 | AE9: 2022 Total | AF9: 4272715411 | AG9: 407978084 | AH9: 3.8596445e+09 | AI9: 2498337027 | AJ9: 1357585575 | AK9: 3722293 | AL9: 5092824.3 | AM9: 8.1501301e+08 | AN9: 1.683324e+09 | AO9: 5092824.3
A10: =EOMONTH(A9,12) -> 45291 | B10: 2023 Total | C10: 7825770561 | D10: 637652517 | E10: 7.1731795e+09 | F10: 4692684807 | G10: 2467593381 | H10: 12901651 | I10: =C10-E10-D10 -> 14938503 | J10: 9.6426387e+08 | K10: 3.7284209e+09 | L10: =C10-E10-D10 -> 14938503 | N10: Downtown UAQ | O10: 5891204 | P10: 20322591 | Q10: =P10-O10 -> 14431387 | S10: 2023 Total | T10: =C10-AF10 -> 0 | U10: =D10-AG10 -> 0 | V10: =E10-AH10 -> 0 | W10: =F10-AI10 -> -338716 | X10: =G10-AJ10 -> 338717 | Y10: =H10-AK10 -> 0 | Z10: =I10-AL10 -> 0 | AA10: =J10-AM10 -> -15880.52 | ... AC10: =L10-AO10 -> 0 | AE10: 2023 Total | AF10: 7825770561 | AG10: 637652517 | AH10: 7.1731795e+09 | AI10: 4693023523 | AJ10: 2467254664 | AK10: 12901651 | AL10: 14938503 | AM10: 9.6427975e+08 | AN10: 3.7287438e+09 | AO10: 14938503
A11: 45291 | B11: 2024 Total | C11: =SUM(C12:C23) -> 1.0895088e+10 | D11: =SUM(D12:D23) -> 637969023 | E11: =SUM(E12:E23) -> 1.0211958e+10 | F11: =SUM(F12:F23) -> 6977755871 | G11: =SUM(G12:G23) -> 3215483679 | H11: =SUM(H12:H23) -> 18719302 | I11: =SUM(I12:I23) -> 45160940 | J11: =SUM(J12:J23) -> 1.4516105e+09 | K11: =SUM(K12:K23) -> 5.5261453e+09 | L11: =C11-E11-D11 -> 45160940 | N11: Abu Dhabi | O11: 18449471 | P11: =SUM(P8:P10) -> 1.3676984e+09 | S11: 2024 Total | T11: =C11-AF11 -> 0 | U11: =D11-AG11 -> 0 | V11: =E11-AH11 -> 73152.56 | W11: =F11-AI11 -> 467386 | X11: =G11-AJ11 -> -394228 | Y11: =H11-AK11 -> 0 | Z11: =I11-AL11 -> -73152.56 | AA11: =J11-AM11 -> 357154.53 | ... AC11: =L11-AO11 -> -73152.56 | AE11: 2024 Total | AF11: 1.0895088e+10 | AG11: 637969023 | AH11: 1.0211885e+10 | AI11: 6977288485 | AJ11: 3215877907 | AK11: 18719302 | AL11: 45234092 | AM11: 1.4512534e+09 | AN11: 5.5260351e+09 | AO11: 45234092
A12: 45322 | B12: Jan'24 | C12: 7.876635e+08 | D12: 51330740 | E12: 7.3222493e+08 | F12: 518398287 | G12: 212004087 | H12: 1822587 | I12: =C12-E12-D12 -> 4107824.9 | J12: 1.2490968e+08 | K12: 3.9348861e+08 | L12: =C12-E12-D12 -> 4107824.9 | N12: Total | O12: =SUM(O8:O11) -> 2.8418604e+08 | S12: Jan'24 | T12: =C12-AF12 -> 0 | U12: =D12-AG12 -> 0 | V12: =E12-AH12 -> 0 | W12: =F12-AI12 -> -5 | X12: =G12-AJ12 -> 2 | Y12: =H12-AK12 -> 0 | Z12: =I12-AL12 -> 0 | AA12: =J12-AM12 -> -1617.13 | ... AC12: =L12-AO12 -> 0 | AE12: Jan'24 | AF12: 7.876635e+08 | AG12: 51330740 | AH12: 7.3222493e+08 | AI12: 518398292 | AJ12: 212004085 | AK12: 1822587 | AL12: 4107824.9 | AM12: 1.249113e+08 | AN12: 3.9348699e+08 | AO12: 4107824.9
A13: =EOMONTH(A12+1,0) -> 45351 | B13: Feb'24 | C13: 8.4275091e+08 | D13: 62367891 | E13: 7.7412302e+08 | F13: 532780998 | G13: 238989502 | H13: 2352539 | I13: =C13-E13-D13 -> 6259995.4 | J13: 1.1004926e+08 | K13: 4.2273174e+08 | L13: =C13-E13-D13 -> 6259995.4 | S13: Feb'24 | T13: =C13-AF13 -> 0 | U13: =D13-AG13 -> 0 | V13: =E13-AH13 -> 0 | W13: =F13-AI13 -> 4 | X13: =G13-AJ13 -> 0 | Y13: =H13-AK13 -> 0 | Z13: =I13-AL13 -> 0 | AA13: =J13-AM13 -> -54997.29 | ... AC13: =L13-AO13 -> 0 | AE13: Feb'24 | AF13: 8.4275091e+08 | AG13: 62367891 | AH13: 7.7412302e+08 | AI13: 532780994 | AJ13: 238989502 | AK13: 2352539 | AL13: 6259995.4 | AM13: 1.1010426e+08 | AN13: 4.2267674e+08 | AO13: 6259995.4
A14: =EOMONTH(A13+1,0) -> 45382 | B14: Mar'24 | C14: 9.1567892e+08 | D14: 63072708 | E14: 8.4811473e+08 | F14: 520422396 | G14: 325507505 | H14: 2184784 | I14: =C14-E14-D14 -> 4491482 | J14: 1.2028879e+08 | K14: 4.0013361e+08 | L14: =C14-E14-D14 -> 4491482 | S14: Mar'24 | T14: =C14-AF14 -> 0 | U14: =D14-AG14 -> 0 | V14: =E14-AH14 -> 0 | W14: =F14-AI14 -> -3 | X14: =G14-AJ14 -> 1 | Y14: =H14-AK14 -> 0 | Z14: =I14-AL14 -> 0 | AA14: =J14-AM14 -> -9821.85 | ... AC14: =L14-AO14 -> 0 | AE14: Mar'24 | AF14: 9.1567892e+08 | AG14: 63072708 | AH14: 8.4811473e+08 | AI14: 520422399 | AJ14: 325507504 | AK14: 2184784 | AL14: 4491482 | AM14: 1.2029861e+08 | AN14: 4.0012379e+08 | AO14: 4491482
A15: =EOMONTH(A14+1,0) -> 45412 | B15: Apr'24 | C15: 7.9590015e+08 | D15: 55989228 | E15: 7.3625981e+08 | F15: 487717181 | G15: 247240968 | H15: 1301619 | I15: =C15-E15-D15 -> 3651108.2 | J15: 82130973 | K15: 4.0558621e+08 | L15: =C15-E15-D15 -> 3651108.2 | S15: Apr'24 | T15: =C15-AF15 -> 0 | U15: =D15-AG15 -> 0 | V15: =E15-AH15 -> 0 | W15: =F15-AI15 -> 420471 | X15: =G15-AJ15 -> -420468 | Y15: =H15-AK15 -> 0 | Z15: =I15-AL15 -> 0 | AA15: =J15-AM15 -> 419815.93 | ... AC15: =L15-AO15 -> 0 | AE15: Apr'24 | AF15: 7.9590015e+08 | AG15: 55989228 | AH15: 7.3625981e+08 | AI15: 487296710 | AJ15: 247661436 | AK15: 1301619 | AL15: 3651108.2 | AM15: 81711157 | AN15: 4.0558555e+08 | AO15: 3651108.2
A16: =EOMONTH(A15+1,0) -> 45443 | B16: May'24 | C16: 8.942952e+08 | D16: 66293170 | E16: 8.2675483e+08 | F16: 580599202 | G16: 243818421 | H16: 2337246 | I16: =C16-E16-D16 -> 1247194.7 | J16: 1.2056465e+08 | K16: 4.6003455e+08 | L16: =C16-E16-D16 -> 1247194.7 | S16: May'24 | T16: =C16-AF16 -> 0 | U16: =D16-AG16 -> 0 | V16: =E16-AH16 -> 0 | W16: =F16-AI16 -> 2 | X16: =G16-AJ16 -> 0 | Y16: =H16-AK16 -> 0 | Z16: =I16-AL16 -> 0 | AA16: =J16-AM16 -> 12688.09 | ... AC16: =L16-AO16 -> 0 | AE16: May'24 | AF16: 8.942952e+08 | AG16: 66293170 | AH16: 8.2675483e+08 | AI16: 580599200 | AJ16: 243818421 | AK16: 2337246 | AL16: 1247194.7 | AM16: 1.2055196e+08 | AN16: 4.6004724e+08 | AO16: 1247194.7
A17: =EOMONTH(A16+1,0) -> 45473 | B17: Jun'24 | C17: 7.4129294e+08 | D17: 43018017 | E17: 6.9636041e+08 | F17: 502657372 | G17: 192285683 | H17: 1417459 | I17: =C17-E17-D17 -> 1914511.4 | J17: 80140512 | K17: 4.2251686e+08 | L17: =C17-E17-D17 -> 1914511.4 | S17: Jun'24 | T17: =C17-AF17 -> 0 | U17: =D17-AG17 -> 0 | V17: =E17-AH17 -> 0 | W17: =F17-AI17 -> -6 | X17: =G17-AJ17 -> 2 | Y17: =H17-AK17 -> 0 | Z17: =I17-AL17 -> 0 | AA17: =J17-AM17 -> -12002.21 | ... AC17: =L17-AO17 -> 0 | AE17: Jun'24 | AF17: 7.4129294e+08 | AG17: 43018017 | AH17: 6.9636041e+08 | AI17: 502657378 | AJ17: 192285681 | AK17: 1417459 | AL17: 1914511.4 | AM17: 80152514 | AN17: 4.2250486e+08 | AO17: 1914511.4
A18: =EOMONTH(A17+1,0) -> 45504 | B18: Jul'24 | C18: 8.1709479e+08 | D18: 48059793 | E18: 7.6690817e+08 | F18: 571037984 | G18: 194700434 | H18: 1169899 | I18: =C18-E18-D18 -> 2126827 | J18: 1.0617752e+08 | K18: 4.6486046e+08 | L18: =C18-E18-D18 -> 2126827 | S18: Jul'24 | T18: =C18-AF18 -> 0 | U18: =D18-AG18 -> 0 | V18: =E18-AH18 -> 0.35000002 | W18: =F18-AI18 -> 7 | X18: =G18-AJ18 -> -3 | Y18: =H18-AK18 -> 0 | Z18: =I18-AL18 -> -0.35000002 | AA18: =J18-AM18 -> 6.22 | ... AC18: =L18-AO18 -> -0.35000002 | AE18: Jul'24 | AF18: 8.1709479e+08 | AG18: 48059793 | AH18: 7.6690817e+08 | AI18: 571037977 | AJ18: 194700437 | AK18: 1169899 | AL18: 2126827.3 | AM18: 1.0617752e+08 | AN18: 4.6486046e+08 | AO18: 2126827.3
A19: =EOMONTH(A18+1,0) -> 45535 | B19: Aug'24 | C19: 8.7325706e+08 | D19: 45030725 | E19: 8.2334793e+08 | F19: 574432824 | G19: 247529835 | H19: 1385453 | I19: =C19-E19-D19 -> 4878399.6 | J19: 1.3452376e+08 | K19: 4.3990906e+08 | L19: =C19-E19-D19 -> 4878399.6 | S19: Aug'24 | T19: =C19-AF19 -> 0 | U19: =D19-AG19 -> 0 | V19: =E19-AH19 -> -0.039999962 | W19: =F19-AI19 -> 9 | X19: =G19-AJ19 -> -3 | Y19: =H19-AK19 -> 0 | Z19: =I19-AL19 -> 0.039999962 | AA19: =J19-AM19 -> -14591.8 | ... AC19: =L19-AO19 -> 0.039999962 | AE19: Aug'24 | AF19: 8.7325706e+08 | AG19: 45030725 | AH19: 8.2334793e+08 | AI19: 574432815 | AJ19: 247529838 | AK19: 1385453 | AL19: 4878399.5 | AM19: 1.3453836e+08 | AN19: 4.3989446e+08 | AO19: 4878399.5
A20: =EOMONTH(A19+1,0) -> 45565 | B20: Sep'24 | C20: 8.971543e+08 | D20: 45977307 | E20: 8.4999415e+08 | F20: 583889163 | G20: 265105888 | H20: 999285 | I20: =C20-E20-D20 -> 1182838.8 | J20: 1.1611706e+08 | K20: 4.677721e+08 | L20: =C20-E20-D20 -> 1182838.8 | S20: Sep'24 | T20: =C20-AF20 -> 0 | U20: =D20-AG20 -> 0 | V20: =E20-AH20 -> 0.92000008 | W20: =F20-AI20 -> 402 | X20: =G20-AJ20 -> -402 | Y20: =H20-AK20 -> 0 | Z20: =I20-AL20 -> -0.92000008 | AA20: =J20-AM20 -> -4599.59 | ... AC20: =L20-AO20 -> -0.92000008 | AE20: Sep'24 | AF20: 8.971543e+08 | AG20: 45977307 | AH20: 8.4999415e+08 | AI20: 583888761 | AJ20: 265106290 | AK20: 999285 | AL20: 1182839.7 | AM20: 1.1612166e+08 | AN20: 4.677671e+08 | AO20: 1182839.7
A21: =EOMONTH(A20+1,0) -> 45596 | B21: Oct'24 | C21: 1.1078732e+09 | D21: 43325977 | E21: 1.0573714e+09 | F21: 732948378 | G21: 323373274 | H21: 1049902 | I21: =C21-E21-D21 -> 7175855.9 | J21: 1.6419767e+08 | K21: 5.6875071e+08 | L21: =C21-E21-D21 -> 7175855.9 | S21: Oct'24 | T21: =C21-AF21 -> 0 | U21: =D21-AG21 -> 0 | V21: =E21-AH21 -> 1454.43 | W21: =F21-AI21 -> 1438 | X21: =G21-AJ21 -> 12 | Y21: =H21-AK21 -> 0 | Z21: =I21-AL21 -> -1454.43 | AA21: =J21-AM21 -> -2747.79 | ... AC21: =L21-AO21 -> -1454.43 | AE21: Oct'24 | AF21: 1.1078732e+09 | AG21: 43325977 | AH21: 1.0573699e+09 | AI21: 732946940 | AJ21: 323373262 | AK21: 1049902 | AL21: 7177310.3 | AM21: 1.6420042e+08 | AN21: 5.6874652e+08 | AO21: 7177310.3
A22: =EOMONTH(A21+1,0) -> 45626 | B22: Nov'24 | C22: 1.1290055e+09 | D22: 56642195 | E22: 1.0685267e+09 | F22: 703279277 | G22: 363909082 | H22: 1338503 | I22: =C22-E22-D22 -> 3836633.5 | J22: 1.4794022e+08 | K22: 5.5533906e+08 | L22: =C22-E22-D22 -> 3836633.5 | S22: Nov'24 | T22: =C22-AF22 -> 0 | U22: =D22-AG22 -> 0 | V22: =E22-AH22 -> 64722.32 | W22: =F22-AI22 -> 38082 | X22: =G22-AJ22 -> 26637 | Y22: =H22-AK22 -> 0 | Z22: =I22-AL22 -> -64722.32 | AA22: =J22-AM22 -> -3766.1 | ... AC22: =L22-AO22 -> -64722.32 | AE22: Nov'24 | AF22: 1.1290055e+09 | AG22: 56642195 | AH22: 1.068462e+09 | AI22: 703241195 | AJ22: 363882445 | AK22: 1338503 | AL22: 3901355.9 | AM22: 1.4794398e+08 | AN22: 5.5529721e+08 | AO22: 3901355.9
A23: =EOMONTH(A22+1,0) -> 45657 | B23: Dec'24 | C23: 1.0931212e+09 | D23: 56861272 | E23: 1.0319716e+09 | F23: 669592809 | G23: 361019000 | H23: 1360026 | I23: =C23-E23-D23 -> 4288268.5 | J23: 1.4457046e+08 | K23: 5.2502235e+08 | L23: =C23-E23-D23 -> 4288268.5 | S23: Dec'24 | T23: =C23-AF23 -> 0 | U23: =D23-AG23 -> 0 | V23: =E23-AH23 -> 6974.58 | W23: =F23-AI23 -> 6985 | X23: =G23-AJ23 -> -6 | Y23: =H23-AK23 -> 0 | Z23: =I23-AL23 -> -6974.58 | AA23: =J23-AM23 -> 28788.05 | ... AC23: =L23-AO23 -> -6974.58 | AE23: Dec'24 | AF23: 1.0931212e+09 | AG23: 56861272 | AH23: 1.0319646e+09 | AI23: 669585824 | AJ23: 361019006 | AK23: 1360026 | AL23: 4295243.1 | AM23: 1.4454167e+08 | AN23: 5.2504415e+08 | AO23: 4295243.1
A24: =A23 -> 45657 | B24: 2025 Total | C24: =SUM(C25:C36) -> 1.7685139e+10 | D24: =SUM(D25:D36) -> 813260419 | E24: =SUM(E25:E36) -> 1.674614e+10 | F24: =SUM(F25:F36) -> 12876250831 | G24: =SUM(G25:G36) -> 3821295883 | H24: =SUM(H25:H36) -> 48597532 | I24: =SUM(I25:I36) -> 1.2573875e+08 | J24: =SUM(J25:J36) -> 3.2678293e+09 | K24: =SUM(K25:K36) -> 9.6084215e+09 | L24: =C24-E24-D24 -> 1.2573875e+08 | S24: 2025 Total | T24: =C24-AF24 -> 0 | U24: =D24-AG24 -> -1000775 | V24: =E24-AH24 -> 1733084.8 | W24: =F24-AI24 -> 1844233 | X24: =G24-AJ24 -> -126049 | Y24: =H24-AK24 -> 14799 | Z24: =I24-AL24 -> -732309.78 | AA24: =J24-AM24 -> 1552775.3 | ... AC24: =L24-AO24 -> -732309.78 | AE24: 2025 Total | AF24: 1.7685139e+10 | AG24: 814261194 | AH24: 1.6744407e+10 | AI24: 12874406598 | AJ24: 3821421932 | AK24: 48582733 | AL24: 1.2647106e+08 | AM24: 3.2662765e+09 | AN24: 9.6081301e+09 | AO24: 1.2647106e+08
A25: =EOMONTH(A23+1,0) -> 45688 | B25: Jan'25 | C25: 1.1804646e+09 | D25: 65721792 | E25: 1.109371e+09 | F25: 767307303 | G25: 338848056 | H25: 3215774 | I25: =C25-E25-D25 -> 5371812 | J25: 1.6547692e+08 | K25: 6.0183038e+08 | L25: =C25-E25-D25 -> 5371812 | S25: Jan'25 | T25: =C25-AF25 -> 0 | U25: =D25-AG25 -> 0 | V25: =E25-AH25 -> 1.47 | W25: =F25-AI25 -> -996 | X25: =G25-AJ25 -> 991 | Y25: =H25-AK25 -> 0 | Z25: =I25-AL25 -> -1.47 | AA25: =J25-AM25 -> 29439.62 | ... AC25: =L25-AO25 -> -1.47 | AE25: Jan'25 | AF25: 1.1804646e+09 | AG25: 65721792 | AH25: 1.109371e+09 | AI25: 767308299 | AJ25: 338847065 | AK25: 3215774 | AL25: 5371813.5 | AM25: 1.6544748e+08 | AN25: 6.0186081e+08 | AO25: 5371813.5
A26: =EOMONTH(A25+1,0) -> 45716 | B26: Feb'25 | C26: 1.25877e+09 | D26: 64905273 | E26: 1.1895738e+09 | F26: 808162069 | G26: 378552326 | H26: 2859574 | I26: =C26-E26-D26 -> 4291001.3 | J26: 1.6239916e+08 | K26: 6.4576291e+08 | L26: =C26-E26-D26 -> 4291001.3 | S26: Feb'25 | T26: =C26-AF26 -> 0 | U26: =D26-AG26 -> 0 | V26: =E26-AH26 -> 2.0900002 | W26: =F26-AI26 -> -9 | X26: =G26-AJ26 -> 0 | Y26: =H26-AK26 -> 0 | Z26: =I26-AL26 -> -2.0900002 | AA26: =J26-AM26 -> -39763.92 | ... AC26: =L26-AO26 -> -2.0900002 | AE26: Feb'25 | AF26: 1.25877e+09 | AG26: 64905273 | AH26: 1.1895738e+09 | AI26: 808162078 | AJ26: 378552326 | AK26: 2859574 | AL26: 4291003.4 | AM26: 1.6243892e+08 | AN26: 6.4572315e+08 | AO26: 4291003.4
A27: =EOMONTH(A26+1,0) -> 45747 | B27: Mar'25 | C27: =C68+C110 -> 1.3230797e+09 | D27: 69441622 | E27: 1.2424912e+09 | F27: 859123980 | G27: 380926920 | H27: 2440561 | I27: =C27-E27-D27 -> 11146795 | J27: 1.8601571e+08 | K27: 6.7310827e+08 | L27: =C27-E27-D27 -> 11146795 | S27: Mar'25 | T27: =C27-AF27 -> 0 | U27: =D27-AG27 -> 0 | V27: =E27-AH27 -> 1.22 | W27: =F27-AI27 -> -9795 | X27: =G27-AJ27 -> -7 | Y27: =H27-AK27 -> 9799 | Z27: =I27-AL27 -> -1.22 | AA27: =J27-AM27 -> -10802.19 | ... AC27: =L27-AO27 -> -1.22 | AE27: Mar'25 | AF27: 1.3230797e+09 | AG27: 69441622 | AH27: 1.2424912e+09 | AI27: 859133775 | AJ27: 380926927 | AK27: 2430762 | AL27: 11146796 | AM27: 1.8602652e+08 | AN27: 6.7310726e+08 | AO27: 11146796
A28: =EOMONTH(A27+1,0) -> 45777 | B28: Apr'25 | C28: =C69+C111+C152 -> 1.598189e+09 | D28: 79954589 | E28: 1.5102089e+09 | F28: 1140645654 | G28: 367121996 | H28: 2441637 | I28: =C28-E28-D28 -> 8025487.7 | J28: 2.6626716e+08 | K28: 8.7437849e+08 | L28: =C28-E28-D28 -> 8025487.7 | S28: Apr'25 | T28: =C28-AF28 -> 0 | U28: =D28-AG28 -> 0 | V28: =E28-AH28 -> 1.8500001 | W28: =F28-AI28 -> -5 | X28: =G28-AJ28 -> 0 | Y28: =H28-AK28 -> 0 | Z28: =I28-AL28 -> -1.8500001 | AA28: =J28-AM28 -> 38394.32 | ... AC28: =L28-AO28 -> -1.8500001 | AE28: Apr'25 | AF28: 1.598189e+09 | AG28: 79954589 | AH28: 1.5102089e+09 | AI28: 1140645659 | AJ28: 367121996 | AK28: 2441637 | AL28: 8025489.5 | AM28: 2.6622877e+08 | AN28: 8.7441689e+08 | AO28: 8025489.5
A29: =EOMONTH(A28+1,0) -> 45808 | B29: May'25 | C29: 1.9444494e+09 | D29: 79033925 | E29: 1.8609266e+09 | F29: 1370943432 | G29: 485635021 | H29: 4348425 | I29: =C29-E29-D29 -> 4488866.6 | J29: 3.3099024e+08 | K29: 1.0399532e+09 | L29: =C29-E29-D29 -> 4488866.6 | S29: May'25 | T29: =C29-AF29 -> 0 | U29: =D29-AG29 -> 0 | V29: =E29-AH29 -> 1003.25 | W29: =F29-AI29 -> 98994 | X29: =G29-AJ29 -> -99008 | Y29: =H29-AK29 -> 1000 | Z29: =I29-AL29 -> -1003.25 | AA29: =J29-AM29 -> 7938.8 | ... AC29: =L29-AO29 -> -1003.25 | AE29: May'25 | AF29: 1.9444494e+09 | AG29: 79033925 | AH29: 1.8609256e+09 | AI29: 1370844438 | AJ29: 485734029 | AK29: 4347425 | AL29: 4489869.8 | AM29: 3.3098231e+08 | AN29: 1.0398621e+09 | AO29: 4489869.8
A30: =EOMONTH(A29+1,0) -> 45838 | B30: Jun'25 | C30: 1.4722783e+09 | D30: 68830274 | E30: 1.400346e+09 | F30: 1099329815 | G30: 296353229 | H30: 4663369 | I30: =C30-E30-D30 -> 3102040.6 | J30: 2.6016832e+08 | K30: 8.391615e+08 | L30: =C30-E30-D30 -> 3102040.6 | S30: Jun'25 | T30: =C30-AF30 -> 0 | U30: =D30-AG30 -> 0 | V30: =E30-AH30 -> 3.0999997 | W30: =F30-AI30 -> -7 | X30: =G30-AJ30 -> 0 | Y30: =H30-AK30 -> 0 | Z30: =I30-AL30 -> -3.0999997 | AA30: =J30-AM30 -> 38481.14 | ... AC30: =L30-AO30 -> -3.0999997 | AE30: Jun'25 | AF30: 1.4722783e+09 | AG30: 68830274 | AH30: 1.400346e+09 | AI30: 1099329822 | AJ30: 296353229 | AK30: 4663369 | AL30: 3102043.7 | AM30: 2.6012984e+08 | AN30: 8.3919999e+08 | AO30: 3102043.7
A31: =EOMONTH(A30+1,0) -> 45869 | B31: Jul'25 | C31: 1.6257204e+09 | D31: 70900193 | E31: 1.5474905e+09 | F31: 1274543105 | G31: 262770133 | H31: 10177651 | I31: =C31-E31-D31 -> 7329688.9 | J31: 2.7430239e+08 | K31: 1.0002407e+09 | L31: =C31-E31-D31 -> 7329688.9 | S31: Jul'25 | T31: =C31-AF31 -> 0 | U31: =D31-AG31 -> 0 | V31: =E31-AH31 -> 1.9400001 | W31: =F31-AI31 -> -11 | X31: =G31-AJ31 -> 2 | Y31: =H31-AK31 -> 0 | Z31: =I31-AL31 -> -1.9400001 | AA31: =J31-AM31 -> 5055.33 | ... AC31: =L31-AO31 -> -1.9400001 | AE31: Jul'25 | AF31: 1.6257204e+09 | AG31: 70900193 | AH31: 1.5474905e+09 | AI31: 1274543116 | AJ31: 262770131 | AK31: 10177651 | AL31: 7329690.8 | AM31: 2.7429733e+08 | AN31: 1.0002458e+09 | AO31: 7329690.8
A32: =EOMONTH(A31+1,0) -> 45900 | B32: Aug'25 | C32: 1.4063328e+09 | D32: 61803640 | E32: 1.3332144e+09 | F32: 1102695131 | G32: 224969722 | H32: 5549969 | I32: =C32-E32-D32 -> 11314744 | J32: 3.1959171e+08 | K32: 7.8310343e+08 | L32: =C32-E32-D32 -> 11314744 | S32: Aug'25 | T32: =C32-AF32 -> 0 | U32: =D32-AG32 -> 0 | V32: =E32-AH32 -> 1.4799998 | W32: =F32-AI32 -> -2994 | X32: =G32-AJ32 -> -3 | Y32: =H32-AK32 -> 3000 | Z32: =I32-AL32 -> -1.4799998 | AA32: =J32-AM32 -> 32805.41 | ... AC32: =L32-AO32 -> -1.4799998 | AE32: Aug'25 | AF32: 1.4063328e+09 | AG32: 61803640 | AH32: 1.3332144e+09 | AI32: 1102698125 | AJ32: 224969725 | AK32: 5546969 | AL32: 11314746 | AM32: 3.195589e+08 | AN32: 7.8313922e+08 | AO32: 11314746
A33: =EOMONTH(A32+1,0) -> 45930 | B33: Sep'25 | C33: 1.4324796e+09 | D33: 67497164 | E33: 1.3531684e+09 | F33: 1061165347 | G33: 288019909 | H33: 3983562 | I33: =C33-E33-D33 -> 11814090 | J33: 2.6492628e+08 | K33: 7.9623907e+08 | L33: =C33-E33-D33 -> 11814090 | S33: Sep'25 | T33: =C33-AF33 -> 0 | U33: =D33-AG33 -> 0 | V33: =E33-AH33 -> 149973.68 | W33: =F33-AI33 -> 175258 | X33: =G33-AJ33 -> -25299 | Y33: =H33-AK33 -> 0 | Z33: =I33-AL33 -> -149973.68 | AA33: =J33-AM33 -> 41001.56 | ... AC33: =L33-AO33 -> -149973.68 | AE33: Sep'25 | AF33: 1.4324796e+09 | AG33: 67497164 | AH33: 1.3530184e+09 | AI33: 1060990089 | AJ33: 288045208 | AK33: 3983562 | AL33: 11964063 | AM33: 2.6488528e+08 | AN33: 7.9610481e+08 | AO33: 11964063
A34: =EOMONTH(A33+1,0) -> 45961 | B34: Oct'25 | C34: 1.5956937e+09 | D34: 67826211 | E34: 1.5148785e+09 | F34: 1230466877 | G34: 280841968 | H34: 3570199 | I34: =C34-E34-D34 -> 12988960 | J34: 3.3412961e+08 | K34: 8.9633726e+08 | L34: =C34-E34-D34 -> 12988960 | S34: Oct'25 | T34: =C34-AF34 -> 0 | U34: =D34-AG34 -> 0 | V34: =E34-AH34 -> 577315.9 | W34: =F34-AI34 -> 580017 | X34: =G34-AJ34 -> -2708 | Y34: =H34-AK34 -> 0 | Z34: =I34-AL34 -> -577315.9 | AA34: =J34-AM34 -> 451783.46 | ... AC34: =L34-AO34 -> -577315.9 | AE34: Oct'25 | AF34: 1.5956937e+09 | AG34: 67826211 | AH34: 1.5143012e+09 | AI34: 1229886860 | AJ34: 280844676 | AK34: 3570199 | AL34: 13566275 | AM34: 3.3367783e+08 | AN34: 8.9620903e+08 | AO34: 13566275
A35: =EOMONTH(A34+1,0) -> 45991 | B35: Nov'25 | C35: 1.3620788e+09 | D35: 52464720 | E35: 1.2916248e+09 | F35: 1053588885 | G35: 235254193 | H35: 2782147 | I35: =C35-E35-D35 -> 17989306 | J35: 2.9433599e+08 | K35: 7.5925289e+08 | L35: =C35-E35-D35 -> 17989306 | S35: Nov'25 | T35: =C35-AF35 -> 0 | U35: =D35-AG35 -> 0 | V35: =E35-AH35 -> 4001.1 | W35: =F35-AI35 -> 3004 | X35: =G35-AJ35 -> -12 | Y35: =H35-AK35 -> 1000 | Z35: =I35-AL35 -> -4001.1 | AA35: =J35-AM35 -> -97018.91 | ... AC35: =L35-AO35 -> -4001.1 | AE35: Nov'25 | AF35: 1.3620788e+09 | AG35: 52464720 | AH35: 1.2916208e+09 | AI35: 1053585881 | AJ35: 235254205 | AK35: 2781147 | AL35: 17993307 | AM35: 2.9443301e+08 | AN35: 7.5915287e+08 | AO35: 17993307
A36: =EOMONTH(A35+1,0) -> 46022 | B36: Dec'25 | C36: 1.4856029e+09 | D36: 64881016 | E36: 1.3928459e+09 | F36: 1108279233 | G36: 282002410 | H36: 2564664 | I36: =C36-E36-D36 -> 27875958 | J36: 4.0922581e+08 | K36: 6.9905342e+08 | L36: =C36-E36-D36 -> 27875958 | S36: Dec'25 | T36: =C36-AF36 -> 0 | U36: =D36-AG36 -> -1000775 | V36: =E36-AH36 -> 1000777.7 | W36: =F36-AI36 -> 1000777 | X36: =G36-AJ36 -> -5 | Y36: =H36-AK36 -> 0 | Z36: =I36-AL36 -> -2.7 | AA36: =J36-AM36 -> 1055460.6 | ... AC36: =L36-AO36 -> -2.7 | AE36: Dec'25 | AF36: 1.4856029e+09 | AG36: 65881791 | AH36: 1.3918451e+09 | AI36: 1107278456 | AJ36: 282002415 | AK36: 2564664 | AL36: 27875960 | AM36: 4.0817035e+08 | AN36: 6.9910811e+08 | AO36: 27875960
A37: =A36 -> 46022 | B37: 2026 Total | C37: =SUM(C38:C42) -> 5.1596519e+09 | D37: =SUM(D38:D42) -> 166812996 | E37: =SUM(E38:E42) -> 4.7048011e+09 | F37: =SUM(F38:F42) -> 3989466475 | G37: =SUM(G38:G42) -> 702267049 | H37: =SUM(H38:H42) -> 13069540 | I37: =SUM(I38:I42) -> 2.8803779e+08 | J37: =SUM(J38:J42) -> 1.1045567e+09 | ... L37: =SUM(L38:L42) -> 2.8803779e+08 | S37: 2026 Total | T37: =C37-AF37 -> 65971850 | U37: =D37-AG37 -> 1184486 | V37: =E37-AH37 -> 69233281 | W37: =F37-AI37 -> 63773400 | X37: =G37-AJ37 -> 5214699 | Y37: =H37-AK37 -> 245177 | Z37: =I37-AL37 -> -4445916.8 | AA37: =J37-AM37 -> 14611150 | ... AC37: =L37-AO37 -> -4445916.8 | AE37: 2026 Total | AF37: 5.09368e+09 | AG37: 165628510 | AH37: 4.6355678e+09 | AI37: 3925693075 | AJ37: 697052350 | AK37: 12824363 | AL37: 2.924837e+08 | AM37: 1.0899456e+09 | AN37: 2.8357475e+09 | AO37: 2.924837e+08
A38: =EOMONTH(A36+1,0) -> 46053 | B38: Jan'26 | C38: 1.4004564e+09 | D38: 60584218 | E38: 1.3173643e+09 | F38: 1083565209 | G38: 231454801 | H38: 2344798 | I38: =C38-E38-D38 -> 22507886 | J38: 3.0048129e+08 | K38: 7.8308392e+08 | L38: =C38-E38-D38 -> 22507886 | S38: Jan'26 | T38: =C38-AF38 -> 0 | U38: =D38-AG38 -> 0 | V38: =E38-AH38 -> 14000.96 | W38: =F38-AI38 -> 11990 | X38: =G38-AJ38 -> -3 | Y38: =H38-AK38 -> 2000 | Z38: =I38-AL38 -> -14000.96 | AA38: =J38-AM38 -> 32506.33 | ... AC38: =L38-AO38 -> -14000.96 | AE38: Jan'26 | AF38: 1.4004564e+09 | AG38: 60584218 | AH38: 1.3173503e+09 | AI38: 1083553219 | AJ38: 231454804 | AK38: 2342798 | AL38: 22521887 | AM38: 3.0044879e+08 | AN38: 7.8310443e+08 | AO38: 22521887
A39: =EOMONTH(A38+1,0) -> 46081 | B39: Feb'26 | C39: 1322812098 | D39: 58065532 | E39: 1.2443408e+09 | F39: 990560081 | G39: 251180015 | H39: 2601244 | I39: =C39-E39-D39 -> 20405766 | J39: 3.1116158e+08 | K39: 6.793985e+08 | L39: =C39-E39-D39 -> 20405766 | S39: Feb'26 | T39: =C39-AF39 -> 0 | U39: =D39-AG39 -> 0 | V39: =E39-AH39 -> 744666.87 | W39: =F39-AI39 -> 746632 | X39: =G39-AJ39 -> -1969 | Y39: =H39-AK39 -> 0 | Z39: =I39-AL39 -> -744666.87 | AA39: =J39-AM39 -> 346078.32 | ... AC39: =L39-AO39 -> -744666.87 | AE39: Feb'26 | AF39: 1322812098 | AG39: 58065532 | AH39: 1.2435961e+09 | AI39: 989813449 | AJ39: 251181984 | AK39: 2601244 | AL39: 21150433 | AM39: 3.108155e+08 | AN39: 6.7899795e+08 | AO39: 21150433
A40: =EOMONTH(A39+1,0) -> 46112 | B40: Mar'26 | C40: 9.2781305e+08 | D40: 25635088 | E40: 8.6900522e+08 | F40: 794213519 | G40: 73284054 | H40: 1508149 | I40: =C40-E40-D40 -> 33172743 | J40: 1.9859364e+08 | K40: 5.9561987e+08 | L40: =C40-E40-D40 -> 33172743 | S40: Mar'26 | T40: =C40-AF40 -> 0 | U40: =D40-AG40 -> 351 | V40: =E40-AH40 -> 195085.05 | W40: =F40-AI40 -> 172040 | X40: =G40-AJ40 -> -4 | Y40: =H40-AK40 -> 23045 | Z40: =I40-AL40 -> -195436.05 | AA40: =J40-AM40 -> 214903.6 | ... AC40: =L40-AO40 -> -195436.05 | AE40: Mar'26 | AF40: 9.2781305e+08 | AG40: 25634737 | AH40: 8.6881013e+08 | AI40: 794041479 | AJ40: 73284058 | AK40: 1485104 | AL40: 33368179 | AM40: 1.9837874e+08 | AN40: 5.9566274e+08 | AO40: 33368179
A41: =EOMONTH(A40+1,0) -> 46142 | B41: Apr'26 | C41: 1.2243842e+09 | D41: 18094134 | E41: 1.0832332e+09 | F41: 953782470 | G41: 123532317 | H41: 5918824 | I41: =C41-E41-D41 -> 1.2305691e+08 | J41: 2.5390946e+08 | K41: 6.9987301e+08 | L41: =C41-E41-D41 -> 1.2305691e+08 | S41: Apr'26 | T41: =C41-AF41 -> 0 | U41: =D41-AG41 -> 82184 | V41: =E41-AH41 -> 10763976 | W41: =F41-AI41 -> 8819968 | X41: =G41-AJ41 -> 1811847 | Y41: =H41-AK41 -> 132165 | Z41: =I41-AL41 -> -10846160 | AA41: =J41-AM41 -> 883429.34 | ... AC41: =L41-AO41 -> -10846160 | AE41: Apr'26 | AF41: 1.2243842e+09 | AG41: 18011950 | AH41: 1.0724692e+09 | AI41: 944962502 | AJ41: 121720470 | AK41: 5786659 | AL41: 1.3390307e+08 | AM41: 2.5302603e+08 | AN41: 6.9193647e+08 | AO41: 1.3390307e+08
A42: =EOMONTH(A41+1,0) -> 46173 | B42: May'26 | C42: =O12 -> 2.8418604e+08 | D42: 4434024 | E42: 1.9085753e+08 | F42: 167345196 | G42: 22815862 | H42: 696525 | I42: =C42-E42-D42 -> 88894482 | J42: 40410757 | K42: 1.2693444e+08 | L42: =C42-E42-D42 -> 88894482 | S42: May'26 | T42: =C42-AF42 -> 65971850 | U42: =D42-AG42 -> 1101951 | V42: =E42-AH42 -> 57515552 | W42: =F42-AI42 -> 54022770 | X42: =G42-AJ42 -> 3404828 | Y42: =H42-AK42 -> 87967 | Z42: =I42-AL42 -> 7354346.9 | AA42: =J42-AM42 -> 13134233 | ... AC42: =L42-AO42 -> 7354346.9 | AE42: May'26 | AF42: 2.1821419e+08 | AG42: 3332073 | AH42: 1.3334198e+08 | AI42: 113322426 | AJ42: 19411034 | AK42: 608558 | AL42: 81540135 | AM42: 27276524 | AN42: 86045901 | AO42: 81540135
B43: Grand Total | C43: =SUM(C7:C11)+C24+C37 -> 4.9308305e+10 | D43: =SUM(D7:D11)+D24+D37 -> 2858040038 | E43: =SUM(E7:E11)+E24+E37 -> 4.5969531e+10 | F43: =SUM(F7:F11)+F24+F37 -> 33174870410 | G43: =SUM(G7:G11)+G24+G37 -> 12694474934 | H43: =SUM(H7:H11)+H24+H37 -> 100194082 | I43: =SUM(I7:I11)+I24+I37 -> 4.8073414e+08 | J43: =SUM(J7:J11)+J24+J37 -> 8.1549764e+09 | K43: =SUM(K7:K11)+K24+K37 -> 2.5019894e+10 | L43: =C43-E43-D43 -> 4.8073414e+08 | S43: Grand Total | T43: =C43-AF43 -> 65971850 | U43: =D43-AG43 -> 183711 | V43: =E43-AH43 -> 71039518 | W43: =F43-AI43 -> 65409706 | X43: =G43-AJ43 -> 5369765 | Y43: =H43-AK43 -> 259976 | Z43: =I43-AL43 -> -5251379.1 | AA43: =J43-AM43 -> 16496093 | ... AC43: =L43-AO43 -> -5251379.1 | AE43: Grand Total | AF43: 4.9242334e+10 | AG43: 2857856327 | AH43: 4.5898492e+10 | AI43: 33109460704 | AJ43: 12689105169 | AK43: 99934106 | AL43: 4.8598552e+08 | AM43: 8.1384803e+09 | AN43: 2.497098e+10 | AO43: 4.8598552e+08
B46: =_xlfn.CONCAT("Sobha Summary as on-",TEXT(N2,"DD/MM/YYYY")) -> Sobha Summary as on-06/05/2026 | S46: =B46 -> Sobha Summary as on-06/05/2026 | AE46: =CONCATENATE("Sobha Summary as on-",TEXT(TODAY()-3,"dd/mm/yyyy")) -> Sobha Summary as on-05/05/2026
B47: Year | C47: Total realised | D47: DLD | E47: Receipts total | F47: Dues + Advance collection | G47: New sale receipts | H47: Other charges | I47: Est. Unidentified | J47: Sobha advance | K47: Sobha dues | L47: Actual unidentifed | S47: Year | T47: Total realised | U47: DLD | V47: Receipts total | W47: Dues + Advance collection | X47: New sale receipts | Y47: Other charges | Z47: Est. Unidentified | AA47: Sobha advance | AB47: Sobha dues | AC47: Actual unidentifed | AE47: Year | AF47: Total realised | AG47: DLD | AH47: Receipts total | AI47: Dues + Advance collection | AJ47: New sale receipts | AK47: Other charges | AL47: Est. Unidentified | AM47: Sobha advance | AN47: Sobha dues | AO47: Actual unidentifed
A48: 44196 | B48: 2020 & Before | C48: =C7-C90 -> 1.7716423e+09 | D48: 64288549 | E48: 1.7073538e+09 | F48: 1274263635 | G48: 431100953 | H48: 0 | I48: =C48-E48-D48 -> 0 | J48: 3.3403115e+08 | K48: 9.4023249e+08 | L48: =C48-E48-D48 -> 0 | S48: 2020 & Before | T48: =C48-AF48 -> 0 | U48: =D48-AG48 -> 0 | V48: =E48-AH48 -> 0 | W48: =F48-AI48 -> -322590 | X48: =G48-AJ48 -> 322593 | Y48: =H48-AK48 -> 0 | Z48: =I48-AL48 -> 0 | AA48: =J48-AM48 -> -98.78 | ... AC48: =L48-AO48 -> 0 | AE48: 2020 & Before | AF48: 1.7716423e+09 | AG48: 64288549 | AH48: 1.7073538e+09 | AI48: 1274586225 | AJ48: 430778360 | AK48: 0 | AL48: 0 | AM48: 3.3403124e+08 | AN48: 9.4055498e+08 | AO48: 0
A49: 44561 | B49: 2021 Total | C49: =C8-C91 -> 1698298327 | D49: 130078450 | E49: 1.5664545e+09 | F49: 866125495 | G49: 699134658 | H49: 1194387 | I49: =C49-E49-D49 -> 1765331.1 | J49: 2.1768337e+08 | K49: 6.4844212e+08 | L49: =C49-E49-D49 -> 1765331.1 | S49: 2021 Total | T49: =C49-AF49 -> 0 | U49: =D49-AG49 -> 0 | V49: =E49-AH49 -> 0 | W49: =F49-AI49 -> -276 | X49: =G49-AJ49 -> 277 | Y49: =H49-AK49 -> 0 | Z49: =I49-AL49 -> 0 | AA49: =J49-AM49 -> 2559.66 | ... AC49: =L49-AO49 -> 0 | AE49: 2021 Total | AF49: 1698298327 | AG49: 130078450 | AH49: 1.5664545e+09 | AI49: 866125771 | AJ49: 699134381 | AK49: 1194387 | AL49: 1765331.1 | AM49: 2.1768081e+08 | AN49: 6.4844496e+08 | AO49: 1765331.1
A50: =EOMONTH(A49,12) -> 44926 | B50: 2022 Total | C50: =C9-C92 -> 4272715411 | D50: 407978084 | E50: 3.8596445e+09 | F50: 2498323296 | G50: 1357599331 | H50: 3722293 | I50: =C50-E50-D50 -> 5092824.3 | J50: 8.1500144e+08 | K50: 1.6833219e+09 | L50: =C50-E50-D50 -> 5092824.3 | S50: 2022 Total | T50: =C50-AF50 -> 0 | U50: =D50-AG50 -> 0 | V50: =E50-AH50 -> 0 | W50: =F50-AI50 -> -13731 | X50: =G50-AJ50 -> 13756 | Y50: =H50-AK50 -> 0 | Z50: =I50-AL50 -> 0 | AA50: =J50-AM50 -> -11567.82 | ... AC50: =L50-AO50 -> 0 | AE50: 2022 Total | AF50: 4272715411 | AG50: 407978084 | AH50: 3.8596445e+09 | AI50: 2498337027 | AJ50: 1357585575 | AK50: 3722293 | AL50: 5092824.3 | AM50: 8.1501301e+08 | AN50: 1.683324e+09 | AO50: 5092824.3
A51: =EOMONTH(A50,12) -> 45291 | B51: 2023 Total | C51: =C10-C93 -> 7825770561 | D51: 637652517 | E51: 7.1731795e+09 | F51: 4692684807 | G51: 2467593381 | H51: 12901651 | I51: =C51-E51-D51 -> 14938503 | J51: 9.6426387e+08 | K51: 3.7284209e+09 | L51: =C51-E51-D51 -> 14938503 | S51: 2023 Total | T51: =C51-AF51 -> 0 | U51: =D51-AG51 -> 0 | V51: =E51-AH51 -> 0 | W51: =F51-AI51 -> -338716 | X51: =G51-AJ51 -> 338717 | Y51: =H51-AK51 -> 0 | Z51: =I51-AL51 -> 0 | AA51: =J51-AM51 -> -15880.52 | ... AC51: =L51-AO51 -> 0 | AE51: 2023 Total | AF51: 7825770561 | AG51: 637652517 | AH51: 7.1731795e+09 | AI51: 4693023523 | AJ51: 2467254664 | AK51: 12901651 | AL51: 14938503 | AM51: 9.6427975e+08 | AN51: 3.7287438e+09 | AO51: 14938503
A52: 45291 | B52: 2024 Total | C52: =C11-C94 -> 1.0211222e+10 | D52: =SUM(D53:D64) -> 637969011 | E52: =SUM(E53:E64) -> 9.521961e+09 | F52: =SUM(F53:F64) -> 6854053368 | G52: =SUM(G53:G64) -> 2649214564 | H52: =SUM(H53:H64) -> 18694311 | I52: =SUM(I53:I64) -> 43331494 | J52: =SUM(J53:J64) -> 1.4177015e+09 | K52: =SUM(K53:K64) -> 5.4363518e+09 | L52: =C52-E52-D52 -> 51291781 | S52: 2024 Total | T52: =C52-AF52 -> 0 | U52: =D52-AG52 -> 0 | V52: =E52-AH52 -> 55677.37 | W52: =F52-AI52 -> 449934 | X52: =G52-AJ52 -> -394244 | Y52: =H52-AK52 -> 0 | Z52: =I52-AL52 -> -55679.44 | AA52: =J52-AM52 -> 357170.19 | ... AC52: =L52-AO52 -> -55677.37 | AE52: 2024 Total | AF52: 1.0211222e+10 | AG52: 637969011 | AH52: 9.5219054e+09 | AI52: 6853603434 | AJ52: 2649608808 | AK52: 18694311 | AL52: 43387173 | AM52: 1.4173444e+09 | AN52: 5.4362591e+09 | AO52: 51347458
A53: 45322 | B53: Jan'24 | C53: =C12-C95 -> 7.876635e+08 | D53: 51330740 | E53: 7.3222493e+08 | F53: 518398287 | G53: 212004087 | H53: 1822587 | I53: =(C53-E53-D53)+IF(L95<0,L95,0)+IF(L136<0,L136,0) -> 4107824.9 | J53: 1.2490968e+08 | K53: 3.9348861e+08 | L53: =C53-E53-D53 -> 4107824.9 | S53: Jan'24 | T53: =C53-AF53 -> 0 | U53: =D53-AG53 -> 0 | V53: =E53-AH53 -> 0 | W53: =F53-AI53 -> -5 | X53: =G53-AJ53 -> 2 | Y53: =H53-AK53 -> 0 | Z53: =I53-AL53 -> 0 | AA53: =J53-AM53 -> -1617.13 | ... AC53: =L53-AO53 -> 0 | AE53: Jan'24 | AF53: 7.876635e+08 | AG53: 51330740 | AH53: 7.3222493e+08 | AI53: 518398292 | AJ53: 212004085 | AK53: 1822587 | AL53: 4107824.9 | AM53: 1.249113e+08 | AN53: 3.9348699e+08 | AO53: 4107824.9
A54: =EOMONTH(A53+1,0) -> 45351 | B54: Feb'24 | C54: =C13-C96 -> 8.4275091e+08 | D54: 62367891 | E54: 7.7412302e+08 | F54: 532780998 | G54: 238989502 | H54: 2352539 | I54: =(C54-E54-D54)+IF(L96<0,L96,0)+IF(L137<0,L137,0) -> 6259995.4 | J54: 1.1004926e+08 | K54: 4.2273174e+08 | L54: =C54-E54-D54 -> 6259995.4 | S54: Feb'24 | T54: =C54-AF54 -> 0 | U54: =D54-AG54 -> 0 | V54: =E54-AH54 -> 0 | W54: =F54-AI54 -> 4 | X54: =G54-AJ54 -> 0 | Y54: =H54-AK54 -> 0 | Z54: =I54-AL54 -> 0 | AA54: =J54-AM54 -> -54997.29 | ... AC54: =L54-AO54 -> 0 | AE54: Feb'24 | AF54: 8.4275091e+08 | AG54: 62367891 | AH54: 7.7412302e+08 | AI54: 532780994 | AJ54: 238989502 | AK54: 2352539 | AL54: 6259995.4 | AM54: 1.1010426e+08 | AN54: 4.2267674e+08 | AO54: 6259995.4
A55: =EOMONTH(A54+1,0) -> 45382 | B55: Mar'24 | C55: =C14-C97 -> 9.1567892e+08 | D55: 63072708 | E55: 8.4802714e+08 | F55: 520422396 | G55: 325419909 | H55: 2184784 | I55: =(C55-E55-D55)+IF(L97<0,L97,0)+IF(L138<0,L138,0) -> 4491482 | J55: 1.2028879e+08 | K55: 4.0013361e+08 | L55: =C55-E55-D55 -> 4579078 | S55: Mar'24 | T55: =C55-AF55 -> 0 | U55: =D55-AG55 -> 0 | V55: =E55-AH55 -> 0 | W55: =F55-AI55 -> -3 | X55: =G55-AJ55 -> 1 | Y55: =H55-AK55 -> 0 | Z55: =I55-AL55 -> 0 | AA55: =J55-AM55 -> -9821.85 | ... AC55: =L55-AO55 -> 0 | AE55: Mar'24 | AF55: 9.1567892e+08 | AG55: 63072708 | AH55: 8.4802714e+08 | AI55: 520422399 | AJ55: 325419908 | AK55: 2184784 | AL55: 4491482 | AM55: 1.2029861e+08 | AN55: 4.0012379e+08 | AO55: 4579078
A56: =EOMONTH(A55+1,0) -> 45412 | B56: Apr'24 | C56: =C15-C98 -> 7.9590015e+08 | D56: 55989228 | E56: 7.3625981e+08 | F56: 487717181 | G56: 247240968 | H56: 1301619 | I56: =(C56-E56-D56)+IF(L98<0,L98,0)+IF(L139<0,L139,0) -> 3651108.2 | J56: 82130973 | K56: 4.0558621e+08 | L56: =C56-E56-D56 -> 3651108.2 | S56: Apr'24 | T56: =C56-AF56 -> 0 | U56: =D56-AG56 -> 0 | V56: =E56-AH56 -> 0 | W56: =F56-AI56 -> 420471 | X56: =G56-AJ56 -> -420468 | Y56: =H56-AK56 -> 0 | Z56: =I56-AL56 -> 0 | AA56: =J56-AM56 -> 419815.93 | ... AC56: =L56-AO56 -> 0 | AE56: Apr'24 | AF56: 7.9590015e+08 | AG56: 55989228 | AH56: 7.3625981e+08 | AI56: 487296710 | AJ56: 247661436 | AK56: 1301619 | AL56: 3651108.2 | AM56: 81711157 | AN56: 4.0558555e+08 | AO56: 3651108.2
A57: =EOMONTH(A56+1,0) -> 45443 | B57: May'24 | C57: =C16-C99 -> 8.942952e+08 | D57: 66293170 | E57: 8.2675483e+08 | F57: 580599202 | G57: 243818421 | H57: 2337246 | I57: =(C57-E57-D57)+IF(L99<0,L99,0)+IF(L140<0,L140,0) -> 1247194.7 | J57: 1.2056465e+08 | K57: 4.6003455e+08 | L57: =C57-E57-D57 -> 1247194.7 | S57: May'24 | T57: =C57-AF57 -> 0 | U57: =D57-AG57 -> 0 | V57: =E57-AH57 -> 0 | W57: =F57-AI57 -> 2 | X57: =G57-AJ57 -> 0 | Y57: =H57-AK57 -> 0 | Z57: =I57-AL57 -> 0 | AA57: =J57-AM57 -> 12688.09 | ... AC57: =L57-AO57 -> 0 | AE57: May'24 | AF57: 8.942952e+08 | AG57: 66293170 | AH57: 8.2675483e+08 | AI57: 580599200 | AJ57: 243818421 | AK57: 2337246 | AL57: 1247194.7 | AM57: 1.2055196e+08 | AN57: 4.6004724e+08 | AO57: 1247194.7
A58: =EOMONTH(A57+1,0) -> 45473 | B58: Jun'24 | C58: =C17-C100 -> 7.4129294e+08 | D58: 43018017 | E58: 6.9636041e+08 | F58: 502657372 | G58: 192285683 | H58: 1417459 | I58: =(C58-E58-D58)+IF(L100<0,L100,0)+IF(L141<0,L141,0) -> 1914511.4 | J58: 80140512 | K58: 4.2251686e+08 | L58: =C58-E58-D58 -> 1914511.4 | S58: Jun'24 | T58: =C58-AF58 -> 0 | U58: =D58-AG58 -> 0 | V58: =E58-AH58 -> 0 | W58: =F58-AI58 -> -6 | X58: =G58-AJ58 -> 2 | Y58: =H58-AK58 -> 0 | Z58: =I58-AL58 -> 0 | AA58: =J58-AM58 -> -12002.21 | ... AC58: =L58-AO58 -> 0 | AE58: Jun'24 | AF58: 7.4129294e+08 | AG58: 43018017 | AH58: 6.9636041e+08 | AI58: 502657378 | AJ58: 192285681 | AK58: 1417459 | AL58: 1914511.4 | AM58: 80152514 | AN58: 4.2250486e+08 | AO58: 1914511.4
A59: =EOMONTH(A58+1,0) -> 45504 | B59: Jul'24 | C59: =C18-C101 -> 7.8903932e+08 | D59: 48059793 | E59: 7.394476e+08 | F59: 569837728 | G59: 168440121 | H59: 1169899 | I59: =(C59-E59-D59)+IF(L101<0,L101,0)+IF(L142<0,L142,0) -> 1531927.3 | J59: 1.0497727e+08 | K59: 4.6486046e+08 | L59: =C59-E59-D59 -> 1531927.3 | S59: Jul'24 | T59: =C59-AF59 -> 0 | U59: =D59-AG59 -> 0 | V59: =E59-AH59 -> 0 | W59: =F59-AI59 -> 7 | X59: =G59-AJ59 -> -3 | Y59: =H59-AK59 -> 0 | Z59: =I59-AL59 -> 0 | AA59: =J59-AM59 -> 6.07 | ... AC59: =L59-AO59 -> 0 | AE59: Jul'24 | AF59: 7.8903932e+08 | AG59: 48059793 | AH59: 7.394476e+08 | AI59: 569837721 | AJ59: 168440124 | AK59: 1169899 | AL59: 1531927.3 | AM59: 1.0497726e+08 | AN59: 4.6486046e+08 | AO59: 1531927.3
A60: =EOMONTH(A59+1,0) -> 45535 | B60: Aug'24 | C60: =C19-C102 -> 7.8741942e+08 | D60: 45030725 | E60: 7.3267364e+08 | F60: 568239955 | G60: 163049430 | H60: 1384453 | I60: =(C60-E60-D60)+IF(L102<0,L102,0)+IF(L143<0,L143,0) -> 4878399.6 | J60: 1.2876507e+08 | K60: 4.3947488e+08 | L60: =C60-E60-D60 -> 9715046.3 | S60: Aug'24 | T60: =C60-AF60 -> 0 | U60: =D60-AG60 -> 0 | V60: =E60-AH60 -> 0 | W60: =F60-AI60 -> 2 | X60: =G60-AJ60 -> 0 | Y60: =H60-AK60 -> 0 | Z60: =I60-AL60 -> 0.040000007 | AA60: =J60-AM60 -> -14598.5 | ... AC60: =L60-AO60 -> 0 | AE60: Aug'24 | AF60: 7.8741942e+08 | AG60: 45030725 | AH60: 7.3267364e+08 | AI60: 568239953 | AJ60: 163049430 | AK60: 1384453 | AL60: 4878399.5 | AM60: 1.2877967e+08 | AN60: 4.3946028e+08 | AO60: 9715046.3
A61: =EOMONTH(A60+1,0) -> 45565 | B61: Sep'24 | C61: =C20-C103 -> 8.0440419e+08 | D61: 45977307 | E61: 7.5592077e+08 | F61: 575944308 | G61: 178988391 | H61: 988285 | I61: =(C61-E61-D61)+IF(L103<0,L103,0)+IF(L144<0,L144,0) -> 1182838.8 | J61: 1.1103807e+08 | K61: 4.6490624e+08 | L61: =C61-E61-D61 -> 2506109.8 | S61: Sep'24 | T61: =C61-AF61 -> 0 | U61: =D61-AG61 -> 0 | V61: =E61-AH61 -> 0 | W61: =F61-AI61 -> 400 | X61: =G61-AJ61 -> -400 | Y61: =H61-AK61 -> 0 | Z61: =I61-AL61 -> -0.92000003 | AA61: =J61-AM61 -> -4600.42 | ... AC61: =L61-AO61 -> 0 | AE61: Sep'24 | AF61: 8.0440419e+08 | AG61: 45977307 | AH61: 7.5592077e+08 | AI61: 575943908 | AJ61: 178988791 | AK61: 988285 | AL61: 1182839.7 | AM61: 1.1104267e+08 | AN61: 4.6490124e+08 | AO61: 2506109.8
A62: =EOMONTH(A61+1,0) -> 45596 | B62: Oct'24 | C62: =C21-C104 -> 9.5080766e+08 | D62: 43325977 | E62: 9.0085701e+08 | F62: 699539368 | G62: 200269928 | H62: 1047902 | I62: =(C62-E62-D62)+IF(L104<0,L104,0)+IF(L145<0,L145,0) -> 6624672.6 | J62: 1.5672452e+08 | K62: 5.4281485e+08 | L62: =C62-E62-D62 -> 6624672.6 | S62: Oct'24 | T62: =C62-AF62 -> 0 | U62: =D62-AG62 -> 0 | V62: =E62-AH62 -> 1452 | W62: =F62-AI62 -> 1451 | X62: =G62-AJ62 -> 1 | Y62: =H62-AK62 -> 0 | Z62: =I62-AL62 -> -1452 | AA62: =J62-AM62 -> -2736.02 | ... AC62: =L62-AO62 -> -1452 | AE62: Oct'24 | AF62: 9.5080766e+08 | AG62: 43325977 | AH62: 9.0085556e+08 | AI62: 699537917 | AJ62: 200269927 | AK62: 1047902 | AL62: 6626124.6 | AM62: 1.5672726e+08 | AN62: 5.4281066e+08 | AO62: 6626124.6
A63: =EOMONTH(A62+1,0) -> 45626 | B63: Nov'24 | C63: =C22-C105 -> 9.6910718e+08 | D63: 56642195 | E63: 9.0931172e+08 | F63: 661044553 | G63: 246929839 | H63: 1337503 | I63: =(C63-E63-D63)+IF(L105<0,L105,0)+IF(L146<0,L146,0) -> 3153270.5 | J63: 1.4074201e+08 | K63: 5.2030255e+08 | L63: =C63-E63-D63 -> 3153270.5 | S63: Nov'24 | T63: =C63-AF63 -> 0 | U63: =D63-AG63 -> 0 | V63: =E63-AH63 -> 47251.98 | W63: =F63-AI63 -> 20628 | X63: =G63-AJ63 -> 26625 | Y63: =H63-AK63 -> 0 | Z63: =I63-AL63 -> -47251.98 | AA63: =J63-AM63 -> -3754.9 | ... AC63: =L63-AO63 -> -47251.98 | AE63: Nov'24 | AF63: 9.6910718e+08 | AG63: 56642195 | AH63: 9.0926447e+08 | AI63: 661023925 | AJ63: 246903214 | AK63: 1337503 | AL63: 3200522.5 | AM63: 1.4074576e+08 | AN63: 5.2027816e+08 | AO63: 3200522.5
A64: =EOMONTH(A63+1,0) -> 45657 | B64: Dec'24 | C64: =C23-C106 -> 9.3286243e+08 | D64: 56861260 | E64: 8.7000013e+08 | F64: 636872020 | G64: 231778285 | H64: 1350035 | I64: =(C64-E64-D64)+IF(L106<0,L106,0)+IF(L147<0,L147,0) -> 4288268.5 | J64: 1.3737075e+08 | K64: 4.9950127e+08 | L64: =C64-E64-D64 -> 6001041.7 | S64: Dec'24 | T64: =C64-AF64 -> 0 | U64: =D64-AG64 -> 0 | V64: =E64-AH64 -> 6973.39 | W64: =F64-AI64 -> 6983 | X64: =G64-AJ64 -> -4 | Y64: =H64-AK64 -> 0 | Z64: =I64-AL64 -> -6974.58 | AA64: =J64-AM64 -> 28788.42 | ... AC64: =L64-AO64 -> -6973.39 | AE64: Dec'24 | AF64: 9.3286243e+08 | AG64: 56861260 | AH64: 8.6999316e+08 | AI64: 636865037 | AJ64: 231778289 | AK64: 1350035 | AL64: 4295243.1 | AM64: 1.3734196e+08 | AN64: 4.9952308e+08 | AO64: 6008015.1
A65: =A64 -> 45657 | B65: 2025 Total | C65: =SUM(C66:C77) -> 1.500024e+10 | D65: =SUM(D66:D77) -> 813181258 | E65: =SUM(E66:E77) -> 1.3992819e+10 | F65: =SUM(F66:F77) -> 11203404273 | G65: =SUM(G66:G77) -> 2744869003 | H65: =SUM(H66:H77) -> 44548872 | I65: =SUM(I66:I77) -> 1.1894137e+08 | J65: =SUM(J66:J77) -> 2.8703142e+09 | K65: =SUM(K66:K77) -> 8.3330901e+09 | L65: =C65-E65-D65 -> 1.9424031e+08 | S65: 2025 Total | T65: =C65-AF65 -> 0 | U65: =D65-AG65 -> -1000775 | V65: =E65-AH65 -> 1209815.9 | W65: =F65-AI65 -> 1323041 | X65: =G65-AJ65 -> -126025 | Y65: =H65-AK65 -> 12799 | Z65: =I65-AL65 -> -581324.61 | AA65: =J65-AM65 -> 1180741.7 | ... AC65: =L65-AO65 -> -209040.88 | AE65: 2025 Total | AF65: 1.500024e+10 | AG65: 814182033 | AH65: 1.3991609e+10 | AI65: 11202081232 | AJ65: 2744995028 | AK65: 44536073 | AL65: 1.1952269e+08 | AM65: 2.8691334e+09 | AN65: 8.3329478e+09 | AO65: 1.9444936e+08
A66: =EOMONTH(A64+1,0) -> 45688 | B66: Jan'25 | C66: 9.9297539e+08 | D66: 65693004 | E66: 9.2029038e+08 | F66: 694381800 | G66: 222701983 | H66: 3206774 | I66: =(C66-E66-D66)+IF(L108<0,L108,0)+IF(L149<0,L149,0) -> 5371812 | J66: 1.5429053e+08 | K66: 5.4009127e+08 | L66: =C66-E66-D66 -> 6992008.8 | S66: Jan'25 | T66: =C66-AF66 -> 0 | U66: =D66-AG66 -> 0 | V66: =E66-AH66 -> 0 | W66: =F66-AI66 -> -996 | X66: =G66-AJ66 -> 996 | Y66: =H66-AK66 -> 0 | Z66: =I66-AL66 -> -1.4699999 | AA66: =J66-AM66 -> 29436.63 | ... AC66: =L66-AO66 -> 0 | AE66: Jan'25 | AF66: 9.9297539e+08 | AG66: 65693004 | AH66: 9.2029038e+08 | AI66: 694382796 | AJ66: 222700987 | AK66: 3206774 | AL66: 5371813.5 | AM66: 1.5426109e+08 | AN66: 5.4012171e+08 | AO66: 6992008.8
A67: =EOMONTH(A66+1,0) -> 45716 | B67: Feb'25 | C67: 1.0439189e+09 | D67: 64905273 | E67: 9.7450229e+08 | F67: 725560453 | G67: 246106484 | H67: 2835539 | I67: =(C67-E67-D67)+IF(L109<0,L109,0)+IF(L150<0,L150,0) -> 4291001.3 | J67: 1.4628552e+08 | K67: 5.7927494e+08 | L67: =C67-E67-D67 -> 4511298.5 | S67: Feb'25 | T67: =C67-AF67 -> 0 | U67: =D67-AG67 -> 0 | V67: =E67-AH67 -> 0 | W67: =F67-AI67 -> 1 | X67: =G67-AJ67 -> -1 | Y67: =H67-AK67 -> 0 | Z67: =I67-AL67 -> -2.0900002 | AA67: =J67-AM67 -> -39755.41 | ... AC67: =L67-AO67 -> 0 | AE67: Feb'25 | AF67: 1.0439189e+09 | AG67: 64905273 | AH67: 9.7450229e+08 | AI67: 725560452 | AJ67: 246106485 | AK67: 2835539 | AL67: 4291003.4 | AM67: 1.4632527e+08 | AN67: 5.7923518e+08 | AO67: 4511298.5
A68: =EOMONTH(A67+1,0) -> 45747 | B68: Mar'25 | C68: 1.1222854e+09 | D68: 69441599 | E68: 1.0424479e+09 | F68: 766645715 | G68: 273396314 | H68: 2406057 | I68: =(C68-E68-D68)+IF(L110<0,L110,0)+IF(L151<0,L151,0) -> 10395855 | J68: 1.643234e+08 | K68: 6.0232232e+08 | L68: =C68-E68-D68 -> 10395855 | S68: Mar'25 | T68: =C68-AF68 -> 0 | U68: =D68-AG68 -> 0 | V68: =E68-AH68 -> 0 | W68: =F68-AI68 -> -9791 | X68: =G68-AJ68 -> -4 | Y68: =H68-AK68 -> 9799 | Z68: =I68-AL68 -> 0 | AA68: =J68-AM68 -> -10805.72 | ... AC68: =L68-AO68 -> 0 | AE68: Mar'25 | AF68: 1.1222854e+09 | AG68: 69441599 | AH68: 1.0424479e+09 | AI68: 766655506 | AJ68: 273396318 | AK68: 2396258 | AL68: 10395855 | AM68: 1.643342e+08 | AN68: 6.023213e+08 | AO68: 10395855
A69: =EOMONTH(A68+1,0) -> 45777 | B69: Apr'25 | C69: 1.3606562e+09 | D69: 79954589 | E69: 1.2726615e+09 | F69: 999158902 | G69: 271130831 | H69: 2372081 | I69: =(C69-E69-D69)+IF(L111<0,L111,0)+IF(L152<0,L152,0) -> 8010101.8 | J69: 2.1653773e+08 | K69: 7.8262117e+08 | L69: =C69-E69-D69 -> 8040101.8 | S69: Apr'25 | T69: =C69-AF69 -> 0 | U69: =D69-AG69 -> 0 | V69: =E69-AH69 -> 0 | W69: =F69-AI69 -> 2 | X69: =G69-AJ69 -> 0 | Y69: =H69-AK69 -> 0 | Z69: =I69-AL69 -> 0 | AA69: =J69-AM69 -> 38391.02 | ... AC69: =L69-AO69 -> 0 | AE69: Apr'25 | AF69: 1.3606562e+09 | AG69: 79954589 | AH69: 1.2726615e+09 | AI69: 999158900 | AJ69: 271130831 | AK69: 2372081 | AL69: 8010101.8 | AM69: 2.1649934e+08 | AN69: 7.8265956e+08 | AO69: 8040101.8
A70: =EOMONTH(A69+1,0) -> 45808 | B70: May'25 | C70: 1.6230313e+09 | D70: 79033925 | E70: 1.5192551e+09 | F70: 1227905435 | G70: 288050707 | H70: 3299225 | I70: =(C70-E70-D70)+IF(L112<0,L112,0)+IF(L153<0,L153,0) -> 4488866.6 | J70: 2.8055076e+08 | K70: 9.4735467e+08 | L70: =C70-E70-D70 -> 24742293 | S70: May'25 | T70: =C70-AF70 -> 0 | U70: =D70-AG70 -> 0 | V70: =E70-AH70 -> 0 | W70: =F70-AI70 -> 99003 | X70: =G70-AJ70 -> -99008 | Y70: =H70-AK70 -> 0 | Z70: =I70-AL70 -> -1003.25 | AA70: =J70-AM70 -> 7940 | ... AC70: =L70-AO70 -> 0 | AE70: May'25 | AF70: 1.6230313e+09 | AG70: 79033925 | AH70: 1.5192551e+09 | AI70: 1227806432 | AJ70: 288149715 | AK70: 3299225 | AL70: 4489869.8 | AM70: 2.8054282e+08 | AN70: 9.4726361e+08 | AO70: 24742293
A71: =EOMONTH(A70+1,0) -> 45838 | B71: Jun'25 | C71: 1.2732639e+09 | D71: 68780924 | E71: 1.1939588e+09 | F71: 981452399 | G71: 208311689 | H71: 4195038 | I71: =(C71-E71-D71)+IF(L113<0,L113,0)+IF(L154<0,L154,0) -> 3102040.6 | J71: 2.2747365e+08 | K71: 7.5397875e+08 | L71: =C71-E71-D71 -> 10524199 | S71: Jun'25 | T71: =C71-AF71 -> 0 | U71: =D71-AG71 -> 0 | V71: =E71-AH71 -> 0 | W71: =F71-AI71 -> -2 | X71: =G71-AJ71 -> 0 | Y71: =H71-AK71 -> 0 | Z71: =I71-AL71 -> -3.0999998 | AA71: =J71-AM71 -> 38489.46 | ... AC71: =L71-AO71 -> 0 | AE71: Jun'25 | AF71: 1.2732639e+09 | AG71: 68780924 | AH71: 1.1939588e+09 | AI71: 981452401 | AJ71: 208311689 | AK71: 4195038 | AL71: 3102043.7 | AM71: 2.2743516e+08 | AN71: 7.5401724e+08 | AO71: 10524199
A72: =EOMONTH(A71+1,0) -> 45869 | B72: Jul'25 | C72: 1.4160078e+09 | D72: 70900193 | E72: 1.3300135e+09 | F72: 1111909117 | G72: 208232688 | H72: 9872005 | I72: =(C72-E72-D72)+IF(L114<0,L114,0)+IF(L155<0,L155,0) -> 7256938.9 | J72: 2.4354771e+08 | K72: 8.683614e+08 | L72: =C72-E72-D72 -> 15094142 | S72: Jul'25 | T72: =C72-AF72 -> 0 | U72: =D72-AG72 -> 0 | V72: =E72-AH72 -> 0 | W72: =F72-AI72 -> -2 | X72: =G72-AJ72 -> 1 | Y72: =H72-AK72 -> 0 | Z72: =I72-AL72 -> 0 | AA72: =J72-AM72 -> 5057.14 | ... AC72: =L72-AO72 -> 0 | AE72: Jul'25 | AF72: 1.4160078e+09 | AG72: 70900193 | AH72: 1.3300135e+09 | AI72: 1111909119 | AJ72: 208232687 | AK72: 9872005 | AL72: 7256938.9 | AM72: 2.4354266e+08 | AN72: 8.6836646e+08 | AO72: 15094142
A73: =EOMONTH(A72+1,0) -> 45900 | B73: Aug'25 | C73: 1.2059067e+09 | D73: 61803640 | E73: 1.1250522e+09 | F73: 935826823 | G73: 184312099 | H73: 4913565 | I73: =(C73-E73-D73)+IF(L115<0,L115,0)+IF(L156<0,L156,0) -> 10642380 | J73: 2.8912837e+08 | K73: 6.4669846e+08 | L73: =C73-E73-D73 -> 19050818 | S73: Aug'25 | T73: =C73-AF73 -> 0 | U73: =D73-AG73 -> 0 | V73: =E73-AH73 -> 0 | W73: =F73-AI73 -> -2990 | X73: =G73-AJ73 -> -3 | Y73: =H73-AK73 -> 3000 | Z73: =I73-AL73 -> 0 | AA73: =J73-AM73 -> 32049.4 | ... AC73: =L73-AO73 -> 0 | AE73: Aug'25 | AF73: 1.2059067e+09 | AG73: 61803640 | AH73: 1.1250522e+09 | AI73: 935829813 | AJ73: 184312102 | AK73: 4910565 | AL73: 10642380 | AM73: 2.8909632e+08 | AN73: 6.467335e+08 | AO73: 19050818
A74: =EOMONTH(A73+1,0) -> 45930 | B74: Sep'25 | C74: 1.1988056e+09 | D74: 67497164 | E74: 1.1149912e+09 | F74: 882390304 | G74: 229195990 | H74: 3405240 | I74: =(C74-E74-D74)+IF(L116<0,L116,0)+IF(L157<0,L157,0) -> 11759856 | J74: 2.2422377e+08 | K74: 6.5816653e+08 | L74: =C74-E74-D74 -> 16317203 | S74: Sep'25 | T74: =C74-AF74 -> 0 | U74: =D74-AG74 -> 0 | V74: =E74-AH74 -> 0 | W74: =F74-AI74 -> 25293 | X74: =G74-AJ74 -> -25297 | Y74: =H74-AK74 -> 0 | Z74: =I74-AL74 -> 0 | AA74: =J74-AM74 -> 40996.38 | ... AC74: =L74-AO74 -> 0 | AE74: Sep'25 | AF74: 1.1988056e+09 | AG74: 67497164 | AH74: 1.1149912e+09 | AI74: 882365011 | AJ74: 229221287 | AK74: 3405240 | AL74: 11759856 | AM74: 2.2418278e+08 | AN74: 6.5818223e+08 | AO74: 16317203
A75: =EOMONTH(A74+1,0) -> 45961 | B75: Oct'25 | C75: 1.3412268e+09 | D75: 67826211 | E75: 1.2532194e+09 | F75: 1038038750 | G75: 211811729 | H75: 3369309 | I75: =(C75-E75-D75)+IF(L117<0,L117,0)+IF(L158<0,L158,0) -> 11168299 | J75: 2.9778468e+08 | K75: 7.4025407e+08 | L75: =C75-E75-D75 -> 20181163 | S75: Oct'25 | T75: =C75-AF75 -> 0 | U75: =D75-AG75 -> 0 | V75: =E75-AH75 -> 206040 | W75: =F75-AI75 -> 208748 | X75: =G75-AJ75 -> -2708 | Y75: =H75-AK75 -> 0 | Z75: =I75-AL75 -> -577313.82 | AA75: =J75-AM75 -> 80505.51 | ... AC75: =L75-AO75 -> -206040 | AE75: Oct'25 | AF75: 1.3412268e+09 | AG75: 67826211 | AH75: 1.2530134e+09 | AI75: 1037830002 | AJ75: 211814437 | AK75: 3369309 | AL75: 11745612 | AM75: 2.9770418e+08 | AN75: 7.4012583e+08 | AO75: 20387203
A76: =EOMONTH(A75+1,0) -> 45991 | B76: Nov'25 | C76: 1.1528935e+09 | D76: 52463720 | E76: 1.0756915e+09 | F76: 891883195 | G76: 181461838 | H76: 2346805 | I76: =(C76-E76-D76)+IF(L118<0,L118,0)+IF(L159<0,L159,0) -> 15951812 | J76: 2.5983327e+08 | K76: 6.3204993e+08 | L76: =C76-E76-D76 -> 24738271 | S76: Nov'25 | T76: =C76-AF76 -> 0 | U76: =D76-AG76 -> 0 | V76: =E76-AH76 -> 3000 | W76: =F76-AI76 -> 3001 | X76: =G76-AJ76 -> -1 | Y76: =H76-AK76 -> 0 | Z76: =I76-AL76 -> -3000 | AA76: =J76-AM76 -> -97020.2 | ... AC76: =L76-AO76 -> -3000 | AE76: Nov'25 | AF76: 1.1528935e+09 | AG76: 52463720 | AH76: 1.0756885e+09 | AI76: 891880194 | AJ76: 181461839 | AK76: 2346805 | AL76: 15954812 | AM76: 2.5993029e+08 | AN76: 6.3194991e+08 | AO76: 24741271
A77: =EOMONTH(A76+1,0) -> 46022 | B77: Dec'25 | C77: 1.269269e+09 | D77: 64881016 | E77: 1.170735e+09 | F77: 948251380 | G77: 220156651 | H77: 2327234 | I77: =(C77-E77-D77)+IF(L119<0,L119,0)+IF(L160<0,L160,0) -> 26502404 | J77: 3.663348e+08 | K77: 5.8191658e+08 | L77: =C77-E77-D77 -> 33652964 | S77: Dec'25 | T77: =C77-AF77 -> 0 | U77: =D77-AG77 -> -1000775 | V77: =E77-AH77 -> 1000775.9 | W77: =F77-AI77 -> 1000774 | X77: =G77-AJ77 -> 0 | Y77: =H77-AK77 -> 0 | Z77: =I77-AL77 -> -0.88000011 | AA77: =J77-AM77 -> 1055457.5 | ... AC77: =L77-AO77 -> -0.88000011 | AE77: Dec'25 | AF77: 1.269269e+09 | AG77: 65881791 | AH77: 1.1697342e+09 | AI77: 947250606 | AJ77: 220156651 | AK77: 2327234 | AL77: 26502405 | AM77: 3.6527934e+08 | AN77: 5.8197126e+08 | AO77: 33652964
A78: =A77 -> 46022 | B78: 2026 Total | C78: =SUM(C79:C83) -> 4.3103194e+09 | D78: =SUM(D79:D83) -> 160197490 | E78: =SUM(E79:E83) -> 3.8387516e+09 | F78: =SUM(F79:F83) -> 3308264455 | G78: =SUM(G79:G83) -> 518783077 | H78: =SUM(H79:H83) -> 11705626 | I78: =SUM(I79:I83) -> 2.6395881e+08 | J78: =SUM(J79:J83) -> 9.5824067e+08 | ... L78: =SUM(L79:L83) -> 3.113703e+08 | S78: 2026 Total | T78: =C78-AF78 -> 57633465 | U78: =D78-AG78 -> 505317 | V78: =E78-AH78 -> 56981170 | W78: =F78-AI78 -> 55647733 | X78: =G78-AJ78 -> 1131708 | Y78: =H78-AK78 -> 201754 | Z78: =I78-AL78 -> -1458973.3 | AA78: =J78-AM78 -> 13925950 | ... AC78: =L78-AO78 -> 146977.64 | AE78: 2026 Total | AF78: 4.2526859e+09 | AG78: 159692173 | AH78: 3.7817704e+09 | AI78: 3252616722 | AJ78: 517651369 | AK78: 11503872 | AL78: 2.6541778e+08 | AM78: 9.4431472e+08 | AN78: 2.308302e+09 | AO78: 3.1122332e+08
A79: =EOMONTH(A77+1,0) -> 46053 | B79: Jan'26 | C79: 1.192785e+09 | D79: 60504936 | E79: 1.0998876e+09 | F79: 904933142 | G79: 192967436 | H79: 1987427 | I79: =(C79-E79-D79)+IF(L121<0,L121,0)+IF(L162<0,L162,0) -> 23421401 | J79: 2.6491136e+08 | K79: 6.4002178e+08 | L79: =C79-E79-D79 -> 32392433 | S79: Jan'26 | T79: =C79-AF79 -> 0 | U79: =D79-AG79 -> 0 | V79: =E79-AH79 -> 12000 | W79: =F79-AI79 -> 11996 | X79: =G79-AJ79 -> 1 | Y79: =H79-AK79 -> 0 | Z79: =I79-AL79 -> -14000.96 | AA79: =J79-AM79 -> 32350.84 | ... AC79: =L79-AO79 -> -12000 | AE79: Jan'26 | AF79: 1.192785e+09 | AG79: 60504936 | AH79: 1.0998756e+09 | AI79: 904921146 | AJ79: 192967435 | AK79: 1987427 | AL79: 23435402 | AM79: 2.6487901e+08 | AN79: 6.4004214e+08 | AO79: 32404433
A80: =EOMONTH(A79+1,0) -> 46081 | B80: Feb'26 | C80: 1109678502 | D80: 58065532 | E80: 1.0246815e+09 | F80: 808300917 | G80: 214141693 | H80: 2239360 | I80: =(C80-E80-D80)+IF(L122<0,L122,0)+IF(L163<0,L163,0) -> 20149679 | J80: 2.6440204e+08 | K80: 5.4389888e+08 | L80: =C80-E80-D80 -> 26931432 | S80: Feb'26 | T80: =C80-AF80 -> 0 | U80: =D80-AG80 -> 0 | V80: =E80-AH80 -> 744665.05 | W80: =F80-AI80 -> 746634 | X80: =G80-AJ80 -> -1967 | Y80: =H80-AK80 -> 0 | Z80: =I80-AL80 -> -744665.05 | AA80: =J80-AM80 -> 346074.43 | ... AC80: =L80-AO80 -> -744665.05 | AE80: Feb'26 | AF80: 1109678502 | AG80: 58065532 | AH80: 1.0239369e+09 | AI80: 807554283 | AJ80: 214143660 | AK80: 2239360 | AL80: 20894344 | AM80: 2.6405597e+08 | AN80: 5.4349832e+08 | AO80: 27676097
A81: =EOMONTH(A80+1,0) -> 46112 | B81: Mar'26 | C81: 7.8386498e+08 | D81: 25634088 | E81: 7.2211045e+08 | F81: 660532924 | G81: 60335028 | H81: 1242906 | I81: =(C81-E81-D81)+IF(L123<0,L123,0)+IF(L164<0,L164,0) -> 31717973 | J81: 1.758501e+08 | K81: 4.8468282e+08 | L81: =C81-E81-D81 -> 36120440 | P81: 0 | S81: Mar'26 | T81: =C81-AF81 -> 0 | U81: =D81-AG81 -> 351 | V81: =E81-AH81 -> 193113.98 | W81: =F81-AI81 -> 172040 | X81: =G81-AJ81 -> 0 | Y81: =H81-AK81 -> 21075 | Z81: =I81-AL81 -> -195434.98 | AA81: =J81-AM81 -> 213899.3 | ... AC81: =L81-AO81 -> -193464.98 | AE81: Mar'26 | AF81: 7.8386498e+08 | AG81: 25633737 | AH81: 7.2191734e+08 | AI81: 660360884 | AJ81: 60335028 | AK81: 1221831 | AL81: 31913408 | AM81: 1.756362e+08 | AN81: 4.8472468e+08 | AO81: 36313905
A82: =EOMONTH(A81+1,0) -> 46142 | B82: Apr'26 | C82: 9.9301419e+08 | D82: 13494810 | E82: 8.4055847e+08 | F82: 790468768 | G82: 44495129 | H82: 5594901 | I82: =(C82-E82-D82)+IF(L124<0,L124,0)+IF(L165<0,L165,0)+IF(L206<0,L206,0) -> 1.1170467e+08 | J82: 2.1509266e+08 | K82: 5.7537611e+08 | L82: =C82-E82-D82 -> 1.3896091e+08 | S82: Apr'26 | T82: =C82-AF82 -> 0 | U82: =D82-AG82 -> 6531 | V82: =E82-AH82 -> 8338330.1 | W82: =F82-AI82 -> 7955409 | X82: =G82-AJ82 -> 275669 | Y82: =H82-AK82 -> 107265 | Z82: =I82-AL82 -> -9946841.1 | AA82: =J82-AM82 -> 881056.21 | ... AC82: =L82-AO82 -> -8344861.1 | AE82: Apr'26 | AF82: 9.9301419e+08 | AG82: 13488279 | AH82: 8.3222014e+08 | AI82: 782513359 | AJ82: 44219460 | AK82: 5487636 | AL82: 1.2165151e+08 | AM82: 2.142116e+08 | AN82: 5.6830176e+08 | AO82: 1.4730577e+08
A83: =EOMONTH(A82+1,0) -> 46173 | B83: May'26 | C83: =O8 -> 2.309767e+08 | D83: 2498124 | E83: 1.5151349e+08 | F83: 144028704 | G83: 6843791 | H83: 641032 | I83: =(C83-E83-D83)+IF(L125<0,L125,0)+IF(L166<0,L166,0)+IF(L207<0,L207,0) -> 76965084 | J83: 37984515 | K83: 1.0604419e+08 | L83: =C83-E83-D83 -> 76965084 | S83: May'26 | T83: =C83-AF83 -> 57633465 | U83: =D83-AG83 -> 498435 | V83: =E83-AH83 -> 47693061 | W83: =F83-AI83 -> 46761654 | X83: =G83-AJ83 -> 858005 | Y83: =H83-AK83 -> 73414 | Z83: =I83-AL83 -> 9441968.8 | AA83: =J83-AM83 -> 12452569 | ... AC83: =L83-AO83 -> 9441968.8 | AE83: May'26 | AF83: 1.7334323e+08 | AG83: 1999689 | AH83: 1.0382043e+08 | AI83: 97267050 | AJ83: 5985786 | AK83: 567618 | AL83: 67523115 | AM83: 25531946 | AN83: 71735104 | AO83: 67523115
B84: Grand Total | C84: =SUM(C48:C52)+C65+C78 -> 4.5090208e+10 | D84: =SUM(D48:D52)+D65+D78 -> 2851345359 | E84: =SUM(E48:E52)+E65+E78 -> 4.1660164e+10 | F84: =SUM(F48:F52)+F65+F78 -> 30697119329 | G84: =SUM(G48:G52)+G65+G78 -> 10868294967 | H84: =SUM(H48:H52)+H65+H78 -> 92767140 | I84: =SUM(I48:I52)+I65+I78 -> 4.4802833e+08 | J84: =SUM(J48:J52)+J65+J78 -> 7.5772362e+09 | K84: =SUM(K48:K52)+K65+K78 -> 2.3119883e+10 | L84: =C84-E84-D84 -> 5.7869905e+08 | S84: Grand Total | T84: =C84-AF84 -> 57633465 | U84: =D84-AG84 -> -495458 | V84: =E84-AH84 -> 58246663 | W84: =F84-AI84 -> 56745395 | X84: =G84-AJ84 -> 1286782 | Y84: =H84-AK84 -> 214553 | Z84: =I84-AL84 -> -2095977.4 | AA84: =J84-AM84 -> 15438875 | ... AC84: =L84-AO84 -> -117740.61 | AE84: Grand Total | AF84: 4.5032575e+10 | AG84: 2851840817 | AH84: 4.1601917e+10 | AI84: 30640373934 | AJ84: 10867008185 | AK84: 92552587 | AL84: 4.5012431e+08 | AM84: 7.5617974e+09 | AN84: 2.3078577e+10 | AO84: 5.7881679e+08
B88: =_xlfn.CONCAT("Siniya Summary as on-",TEXT(N2,"DD/MM/YYYY")) -> Siniya Summary as on-06/05/2026 | S88: =B88 -> Siniya Summary as on-06/05/2026 | AE88: =CONCATENATE("Siniya Summary as on-",TEXT(TODAY()-3,"dd/mm/yyyy")) -> Siniya Summary as on-05/05/2026
B89: Year | C89: Total realised | D89: DLD | E89: Receipts total | F89: Dues + Advance collection | G89: New sale receipts | H89: Other charges | I89: Est. Unidentified | J89: Siniya advance | K89: Siniya dues | L89: Actual unidentifed | S89: Year | T89: Total realised | U89: DLD | V89: Receipts total | W89: Dues + Advance collection | X89: New sale receipts | Y89: Other charges | Z89: Est. Unidentified | AA89: Siniya advance | AB89: Siniya dues | AC89: Actual unidentifed | AE89: Year | AF89: Total realised | AG89: DLD | AH89: Receipts total | AI89: Dues + Advance collection | AJ89: New sale receipts | AK89: Other charges | AL89: Est. Unidentified | AM89: Siniya advance | AN89: Siniya dues | AO89: Actual unidentifed
A90: 44196 | B90: 2020 & Before | D90: 0 | E90: 0 | F90: 0 | G90: 0 | H90: 0 | I90: =C90-E90-D90 -> 0 | J90: 0 | K90: 0 | L90: =C90-E90-D90 -> 0 | S90: 2020 & Before | T90: =C90-AF90 -> 0 | U90: =D90-AG90 -> 0 | V90: =E90-AH90 -> 0 | W90: =F90-AI90 -> 0 | X90: =G90-AJ90 -> 0 | Y90: =H90-AK90 -> 0 | Z90: =I90-AL90 -> 0 | AA90: =J90-AM90 -> 0 | ... AC90: =L90-AO90 -> 0 | AE90: 2020 & Before | AG90: 0 | AH90: 0 | AI90: 0 | AJ90: 0 | AK90: 0 | AL90: 0 | AM90: 0 | AN90: 0 | AO90: 0
A91: 44561 | B91: 2021 Total | D91: 0 | E91: 0 | F91: 0 | G91: 0 | H91: 0 | I91: =C91-E91-D91 -> 0 | J91: 0 | K91: 0 | L91: =C91-E91-D91 -> 0 | S91: 2021 Total | T91: =C91-AF91 -> 0 | U91: =D91-AG91 -> 0 | V91: =E91-AH91 -> 0 | W91: =F91-AI91 -> 0 | X91: =G91-AJ91 -> 0 | Y91: =H91-AK91 -> 0 | Z91: =I91-AL91 -> 0 | AA91: =J91-AM91 -> 0 | ... AC91: =L91-AO91 -> 0 | AE91: 2021 Total | AG91: 0 | AH91: 0 | AI91: 0 | AJ91: 0 | AK91: 0 | AL91: 0 | AM91: 0 | AN91: 0 | AO91: 0
A92: =EOMONTH(A91,12) -> 44926 | B92: 2022 Total | D92: 0 | E92: 0 | F92: 0 | G92: 0 | H92: 0 | I92: =C92-E92-D92 -> 0 | J92: 0 | K92: 0 | L92: =C92-E92-D92 -> 0 | S92: 2022 Total | T92: =C92-AF92 -> 0 | U92: =D92-AG92 -> 0 | V92: =E92-AH92 -> 0 | W92: =F92-AI92 -> 0 | X92: =G92-AJ92 -> 0 | Y92: =H92-AK92 -> 0 | Z92: =I92-AL92 -> 0 | AA92: =J92-AM92 -> 0 | ... AC92: =L92-AO92 -> 0 | AE92: 2022 Total | AG92: 0 | AH92: 0 | AI92: 0 | AJ92: 0 | AK92: 0 | AL92: 0 | AM92: 0 | AN92: 0 | AO92: 0
A93: =EOMONTH(A92,12) -> 45291 | B93: 2023 Total | D93: 0 | E93: 0 | F93: 0 | G93: 0 | H93: 0 | I93: =C93-E93-D93 -> 0 | J93: 0 | K93: 0 | L93: =C93-E93-D93 -> 0 | S93: 2023 Total | T93: =C93-AF93 -> 0 | U93: =D93-AG93 -> 0 | V93: =E93-AH93 -> 0 | W93: =F93-AI93 -> 0 | X93: =G93-AJ93 -> 0 | Y93: =H93-AK93 -> 0 | Z93: =I93-AL93 -> 0 | AA93: =J93-AM93 -> 0 | ... AC93: =L93-AO93 -> 0 | AE93: 2023 Total | AG93: 0 | AH93: 0 | AI93: 0 | AJ93: 0 | AK93: 0 | AL93: 0 | AM93: 0 | AN93: 0 | AO93: 0
A94: 45291 | B94: 2024 Total | C94: =SUM(C95:C106) -> 6.8386589e+08 | D94: =SUM(D95:D106) -> 12 | E94: =SUM(E95:E106) -> 6.8999672e+08 | F94: =SUM(F95:F106) -> 123702503 | G94: =SUM(G95:G106) -> 566269115 | H94: =SUM(H95:H106) -> 24991 | I94: =SUM(I95:I106) -> 1829445.9 | J94: =SUM(J95:J106) -> 33908997 | K94: =SUM(K95:K106) -> 89793506 | L94: =C94-E94-D94 -> -6130841.1 | S94: 2024 Total | T94: =C94-AF94 -> 0 | U94: =D94-AG94 -> 0 | V94: =E94-AH94 -> 17475.19 | W94: =F94-AI94 -> 17452 | X94: =G94-AJ94 -> 16 | Y94: =H94-AK94 -> 0 | Z94: =I94-AL94 -> -17473.12 | AA94: =J94-AM94 -> -15.66 | ... AC94: =L94-AO94 -> -17475.19 | AE94: 2024 Total | AF94: 6.8386589e+08 | AG94: 12 | AH94: 6.8997924e+08 | AI94: 123685051 | AJ94: 566269099 | AK94: 24991 | AL94: 1846919 | AM94: 33909013 | AN94: 89776038 | AO94: -6113365.9
A95: 45322 | B95: Jan'24 | D95: 0 | E95: 0 | F95: 0 | G95: 0 | H95: 0 | I95: =C95-E95-D95 -> 0 | J95: 0 | K95: 0 | L95: =C95-E95-D95 -> 0 | S95: Jan'24 | T95: =C95-AF95 -> 0 | U95: =D95-AG95 -> 0 | V95: =E95-AH95 -> 0 | W95: =F95-AI95 -> 0 | X95: =G95-AJ95 -> 0 | Y95: =H95-AK95 -> 0 | Z95: =I95-AL95 -> 0 | AA95: =J95-AM95 -> 0 | ... AC95: =L95-AO95 -> 0 | AE95: Jan'24 | AG95: 0 | AH95: 0 | AI95: 0 | AJ95: 0 | AK95: 0 | AL95: 0 | AM95: 0 | AN95: 0 | AO95: 0
A96: =EOMONTH(A95+1,0) -> 45351 | B96: Feb'24 | D96: 0 | E96: 0 | F96: 0 | G96: 0 | H96: 0 | I96: =C96-E96-D96 -> 0 | J96: 0 | K96: 0 | L96: =C96-E96-D96 -> 0 | S96: Feb'24 | T96: =C96-AF96 -> 0 | U96: =D96-AG96 -> 0 | V96: =E96-AH96 -> 0 | W96: =F96-AI96 -> 0 | X96: =G96-AJ96 -> 0 | Y96: =H96-AK96 -> 0 | Z96: =I96-AL96 -> 0 | AA96: =J96-AM96 -> 0 | ... AC96: =L96-AO96 -> 0 | AE96: Feb'24 | AG96: 0 | AH96: 0 | AI96: 0 | AJ96: 0 | AK96: 0 | AL96: 0 | AM96: 0 | AN96: 0 | AO96: 0
A97: =EOMONTH(A96+1,0) -> 45382 | B97: Mar'24 | D97: 0 | E97: 87596 | F97: 0 | G97: 87596 | H97: 0 | I97: =IF(L97<0,0,L97) -> 0 | J97: 0 | K97: 0 | L97: =C97-E97-D97 -> -87596 | S97: Mar'24 | T97: =C97-AF97 -> 0 | U97: =D97-AG97 -> 0 | V97: =E97-AH97 -> 0 | W97: =F97-AI97 -> 0 | X97: =G97-AJ97 -> 0 | Y97: =H97-AK97 -> 0 | Z97: =I97-AL97 -> 0 | AA97: =J97-AM97 -> 0 | ... AC97: =L97-AO97 -> 0 | AE97: Mar'24 | AG97: 0 | AH97: 87596 | AI97: 0 | AJ97: 87596 | AK97: 0 | AL97: 0 | AM97: 0 | AN97: 0 | AO97: -87596
A98: =EOMONTH(A97+1,0) -> 45412 | B98: Apr'24 | D98: 0 | E98: 0 | F98: 0 | G98: 0 | H98: 0 | I98: =C98-E98-D98 -> 0 | J98: 0 | K98: 0 | L98: =C98-E98-D98 -> 0 | S98: Apr'24 | T98: =C98-AF98 -> 0 | U98: =D98-AG98 -> 0 | V98: =E98-AH98 -> 0 | W98: =F98-AI98 -> 0 | X98: =G98-AJ98 -> 0 | Y98: =H98-AK98 -> 0 | Z98: =I98-AL98 -> 0 | AA98: =J98-AM98 -> 0 | ... AC98: =L98-AO98 -> 0 | AE98: Apr'24 | AG98: 0 | AH98: 0 | AI98: 0 | AJ98: 0 | AK98: 0 | AL98: 0 | AM98: 0 | AN98: 0 | AO98: 0
A99: =EOMONTH(A98+1,0) -> 45443 | B99: May'24 | D99: 0 | E99: 0 | F99: 0 | G99: 0 | H99: 0 | I99: =C99-E99-D99 -> 0 | J99: 0 | K99: 0 | L99: =C99-E99-D99 -> 0 | S99: May'24 | T99: =C99-AF99 -> 0 | U99: =D99-AG99 -> 0 | V99: =E99-AH99 -> 0 | W99: =F99-AI99 -> 0 | X99: =G99-AJ99 -> 0 | Y99: =H99-AK99 -> 0 | Z99: =I99-AL99 -> 0 | AA99: =J99-AM99 -> 0 | ... AC99: =L99-AO99 -> 0 | AE99: May'24 | AG99: 0 | AH99: 0 | AI99: 0 | AJ99: 0 | AK99: 0 | AL99: 0 | AM99: 0 | AN99: 0 | AO99: 0
A100: =EOMONTH(A99+1,0) -> 45473 | B100: Jun'24 | D100: 0 | E100: 0 | F100: 0 | G100: 0 | H100: 0 | I100: =C100-E100-D100 -> 0 | J100: 0 | K100: 0 | L100: =C100-E100-D100 -> 0 | S100: Jun'24 | T100: =C100-AF100 -> 0 | U100: =D100-AG100 -> 0 | V100: =E100-AH100 -> 0 | W100: =F100-AI100 -> 0 | X100: =G100-AJ100 -> 0 | Y100: =H100-AK100 -> 0 | Z100: =I100-AL100 -> 0 | AA100: =J100-AM100 -> 0 | ... AC100: =L100-AO100 -> 0 | AE100: Jun'24 | AG100: 0 | AH100: 0 | AI100: 0 | AJ100: 0 | AK100: 0 | AL100: 0 | AM100: 0 | AN100: 0 | AO100: 0
A101: =EOMONTH(A100+1,0) -> 45504 | B101: Jul'24 | C101: 28055471 | D101: 0 | E101: 27460571 | F101: 1200256 | G101: 26260313 | H101: 0 | I101: =C101-E101-D101 -> 594899.65 | J101: 1200256 | K101: 0 | L101: =C101-E101-D101 -> 594899.65 | S101: Jul'24 | T101: =C101-AF101 -> 0 | U101: =D101-AG101 -> 0 | V101: =E101-AH101 -> 0.35 | W101: =F101-AI101 -> 0 | X101: =G101-AJ101 -> 0 | Y101: =H101-AK101 -> 0 | Z101: =I101-AL101 -> -0.35 | AA101: =J101-AM101 -> 0.15 | ... AC101: =L101-AO101 -> -0.35 | AE101: Jul'24 | AF101: 28055471 | AG101: 0 | AH101: 27460571 | AI101: 1200256 | AJ101: 26260313 | AK101: 0 | AL101: 594900 | AM101: 1200255.8 | AN101: 0.15 | AO101: 594900
A102: =EOMONTH(A101+1,0) -> 45535 | B102: Aug'24 | C102: 85837642 | D102: 0 | E102: 90674289 | F102: 6192869 | G102: 84480405 | H102: 1000 | I102: =IF(L102<0,0,L102) -> 0 | J102: 5758693.3 | K102: 434175.7 | L102: =C102-E102-D102 -> -4836646.7 | S102: Aug'24 | T102: =C102-AF102 -> 0 | U102: =D102-AG102 -> 0 | V102: =E102-AH102 -> -0.040000007 | W102: =F102-AI102 -> 7 | X102: =G102-AJ102 -> -3 | Y102: =H102-AK102 -> 0 | Z102: =I102-AL102 -> 0 | AA102: =J102-AM102 -> 6.7 | ... AC102: =L102-AO102 -> 0.040000007 | AE102: Aug'24 | AF102: 85837642 | AG102: 0 | AH102: 90674289 | AI102: 6192862 | AJ102: 84480408 | AK102: 1000 | AL102: 0 | AM102: 5758686.6 | AN102: 434175.4 | AO102: -4836646.7
A103: =EOMONTH(A102+1,0) -> 45565 | B103: Sep'24 | C103: 92750112 | D103: 0 | E103: 94073383 | F103: 7944855 | G103: 86117497 | H103: 11000 | I103: =IF(L103<0,0,L103) -> 0 | J103: 5078987.6 | K103: 2865867.4 | L103: =C103-E103-D103 -> -1323271.1 | S103: Sep'24 | T103: =C103-AF103 -> 0 | U103: =D103-AG103 -> 0 | V103: =E103-AH103 -> 0.92000003 | W103: =F103-AI103 -> 2 | X103: =G103-AJ103 -> -2 | Y103: =H103-AK103 -> 0 | Z103: =I103-AL103 -> 0 | AA103: =J103-AM103 -> 0.83 | ... AC103: =L103-AO103 -> -0.92000003 | AE103: Sep'24 | AF103: 92750112 | AG103: 0 | AH103: 94073383 | AI103: 7944853 | AJ103: 86117499 | AK103: 11000 | AL103: 0 | AM103: 5078986.8 | AN103: 2865866.2 | AO103: -1323270.1
A104: =EOMONTH(A103+1,0) -> 45596 | B104: Oct'24 | C104: 1.5706557e+08 | D104: 0 | E104: 1.5651439e+08 | F104: 33409010 | G104: 123103346 | H104: 2000 | I104: =IF(L104<0,0,L104) -> 551183.25 | J104: 7473146.3 | K104: 25935864 | L104: =C104-E104-D104 -> 551183.25 | S104: Oct'24 | T104: =C104-AF104 -> 0 | U104: =D104-AG104 -> 0 | V104: =E104-AH104 -> 2.4299999 | W104: =F104-AI104 -> -13 | X104: =G104-AJ104 -> 11 | Y104: =H104-AK104 -> 0 | Z104: =I104-AL104 -> -2.4299999 | AA104: =J104-AM104 -> -11.77 | ... AC104: =L104-AO104 -> -2.4299999 | AE104: Oct'24 | AF104: 1.5706557e+08 | AG104: 0 | AH104: 1.5651439e+08 | AI104: 33409023 | AJ104: 123103335 | AK104: 2000 | AL104: 551185.68 | AM104: 7473158 | AN104: 25935865 | AO104: 551185.68
A105: =EOMONTH(A104+1,0) -> 45626 | B105: Nov'24 | C105: 1.5989836e+08 | D105: 0 | E105: 1.59215e+08 | F105: 42234724 | G105: 116979243 | H105: 1000 | I105: =IF(L105<0,0,L105) -> 683363.03 | J105: 7198207.2 | K105: 35036517 | L105: =C105-E105-D105 -> 683363.03 | S105: Nov'24 | T105: =C105-AF105 -> 0 | U105: =D105-AG105 -> 0 | V105: =E105-AH105 -> 17470.34 | W105: =F105-AI105 -> 17454 | X105: =G105-AJ105 -> 12 | Y105: =H105-AK105 -> 0 | Z105: =I105-AL105 -> -17470.34 | AA105: =J105-AM105 -> -11.2 | ... AC105: =L105-AO105 -> -17470.34 | AE105: Nov'24 | AF105: 1.5989836e+08 | AG105: 0 | AH105: 1.5919752e+08 | AI105: 42217270 | AJ105: 116979231 | AK105: 1000 | AL105: 700833.37 | AM105: 7198218.4 | AN105: 35019052 | AO105: 700833.37
...

Sheet Trend (3)
M1: 0.55
B2: Overall | N2: Overall | AE2: Overall
A3: 2025 | B3: Collection OD | N3: Booksize and collections | AE3: NET OF BCC booksize and collections
A4: Month | B4: 0-30 | C4: 31-60 | D4: 61-90 | E4: 91-120 | F4: 121-180 | G4: 180+ | H4: Total Collection OD | I4: Upcoming MS till EOM | J4: EOM OD | K4: EOM Unidentified(Estimation) | L4: BOM Unidentified | M4: estimate dues unidentified(BOM) | N4: Total duebook (BOM) | O4: Estimated duebook net of unidentified(BOM) | P4: Booksize less than 30 days | Q4: Booksize 30+ days | R4: Booksize 60+ days | S4: Dues collected from 30 days | T4: Dues collected from 30+ days | U4: Dues collected from 60+ days | V4: % Dues collected from 30 days book | W4: % Dues collected from 30+days book | X4: % Dues collected from 60+days book | Y4: Due receipts | Z4: Due receipts+Dues unidentified | AA4: dues collected / book size | AB4: estimated dues collected / booksize estimated | AC4: Total duebook (S and Crest grande) | AD4: Total duebook (Crest ) | AE4: Total duebook (Net of BCC) | AF4: Estimated duebook net of bcc& net of unidentified(BOM) | AG4: Booksize less than 30 days(Crest+s) | AH4: Booksize 30+ days(Crest+S) | AI4: Booksize 60+ days(Crest+S) | AJ4: Net BCC Booksize less than 30 days | AK4: Net BCC Booksize 30+ days | AL4: Net BCC Booksize 60+ days | AM4: Dues collected from 30 days | AN4: Dues collected from 30+ days | AO4: Dues collected from 60+ days | AP4: % Dues collected from 30 days book | AQ4: % Dues collected from 30+days book | AR4: % Dues collected from 60+days book | AS4: Due receipts | AT4: Due receipts+Dues unidentified | AU4: dues collected / book size | AV4: estimated dues collected / booksize estimated | AX4: Current UIF
A5: Jan | B5: 1.9750269e+08 | C5: 1.8813813e+08 | D5: 66983201 | E5: 43572121 | F5: 89598233 | G5: 4.8953772e+08 | H5: 1.0753321e+09 | I5: 4.7192414e+08 | J5: =SUM(H5:I5)-SUM(S5:T5) -> 9.4542586e+08 | K5: =H6-J5 -> 1.8232154e+08 | L5: 2.9919289e+08 | M5: =L5*$M$1 -> 1.6455609e+08 | N5: =SUM(H5:I5) -> 1.5472562e+09 | O5: =$N5-$M5 -> 1.3827002e+09 | P5: =SUM($I5,$B5) -> 6.6942683e+08 | Q5: =SUM($C5:$G5) -> 8.7782941e+08 | R5: =SUM($D5:$G5) -> 6.8969128e+08 | S5: 4.2718535e+08 | T5: 1.7464503e+08 | U5: 92402395 | V5: =S5/P5 -> 0.63813598 | W5: =T5/Q5 -> 0.19895099 | X5: =U5/R5 -> 0.13397646 | Y5: =SUM(S5:T5) -> 6.0183038e+08 | Z5: =SUM(S5:T5)+MAX(0,$M$1*$AX5) -> 6.0478488e+08 | AA5: =Y5/N5 -> 0.3889662 | AB5: =Z5/O5 -> 0.43739409 | AE5: =N5-SUM(AC5:AD5) -> 1.5472562e+09 | AF5: =AE5-M5 -> 1.3827002e+09 | AJ5: =P5-AG5 -> 6.6942683e+08 | AK5: =Q5-AH5 -> 8.7782941e+08 | AL5: =R5-AI5 -> 6.8969128e+08 | AM5: 4.2718535e+08 | AN5: 1.7464503e+08 | AO5: 92402395 | AP5: =AM5/AJ5 -> 0.63813598 | AQ5: =AN5/AK5 -> 0.19895099 | AR5: =AO5/AL5 -> 0.13397646 | AS5: =SUM(AM5:AN5) -> 6.0183038e+08 | AT5: =SUM(AM5:AN5)+MAX(0,$M$1*$AX5) -> 6.0478488e+08 | AU5: =AS5/AE5 -> 0.3889662 | AV5: =AT5/AF5 -> 0.43739409 | AX5: =Summary!I25 -> 5371812
A6: Feb | B6: 2.2014518e+08 | C6: 1.3290834e+08 | D6: 1.2663043e+08 | E6: 50311983 | F6: 75956632 | G6: 5.2179484e+08 | H6: 1.1277474e+09 | I6: 6.1315333e+08 | J6: =SUM(H6:I6)-SUM(S6:T6) -> 1.0951378e+09 | K6: =H7-J6 -> 66217054 | L6: 3.4901138e+08 | M6: =L6*$M$1 -> 1.9195626e+08 | N6: =SUM(H6:I6) -> 1.7409007e+09 | O6: =$N6-$M6 -> 1.5489445e+09 | P6: =SUM($I6,$B6) -> 8.3329851e+08 | Q6: =SUM($C6:$G6) -> 9.0760222e+08 | R6: =SUM($D6:$G6) -> 7.7469389e+08 | S6: 4.9158957e+08 | T6: 1.5417334e+08 | U6: 1.0123325e+08 | V6: =S6/P6 -> 0.58993213 | W6: =T6/Q6 -> 0.16986884 | X6: =U6/R6 -> 0.13067517 | Y6: =SUM(S6:T6) -> 6.4576291e+08 | Z6: =SUM(S6:T6)+MAX(0,$M$1*$AX6) -> 6.4812296e+08 | AA6: =Y6/N6 -> 0.37093609 | AB6: =Z6/O6 -> 0.41842879 | AE6: =N6-SUM(AC6:AD6) -> 1.7409007e+09 | AF6: =AE6-M6 -> 1.5489445e+09 | AJ6: =P6-AG6 -> 8.3329851e+08 | AK6: =Q6-AH6 -> 9.0760222e+08 | AL6: =R6-AI6 -> 7.7469389e+08 | AM6: 4.9158957e+08 | AN6: 1.5417334e+08 | AO6: 1.0123325e+08 | AP6: =AM6/AJ6 -> 0.58993213 | AQ6: =AN6/AK6 -> 0.16986884 | AR6: =AO6/AL6 -> 0.13067517 | AS6: =SUM(AM6:AN6) -> 6.4576291e+08 | AT6: =SUM(AM6:AN6)+MAX(0,$M$1*$AX6) -> 6.4812296e+08 | AU6: =AS6/AE6 -> 0.37093609 | AV6: =AT6/AF6 -> 0.41842879 | AX6: =Summary!I26 -> 4291001.3
A7: Mar | B7: 3.6461216e+08 | C7: 1.5582921e+08 | D7: 1.0528535e+08 | E7: 1.36686e+08 | F7: 1.0255328e+08 | G7: 2.9638888e+08 | H7: 1.1613549e+09 | I7: 6.9006056e+08 | J7: =SUM(H7:I7)-SUM(S7:T7) -> 1.1783072e+09 | K7: =H8-J7 -> 1.03979e+08 | L7: 3.6585552e+08 | M7: =L7*$M$1 -> 2.0122054e+08 | N7: =SUM(H7:I7) -> 1.8514154e+09 | O7: =$N7-$M7 -> 1.6501949e+09 | P7: =SUM($I7,$B7) -> 1.0546727e+09 | Q7: =SUM($C7:$G7) -> 7.9674272e+08 | R7: =SUM($D7:$G7) -> 6.4091351e+08 | S7: 5.311499e+08 | T7: 1.4195837e+08 | U7: 81586111 | V7: =S7/P7 -> 0.50361585 | W7: =T7/Q7 -> 0.17817341 | X7: =U7/R7 -> 0.1272966 | Y7: =SUM(S7:T7) -> 6.7310827e+08 | Z7: =SUM(S7:T7)+MAX(0,$M$1*$AX7) -> 6.79239e+08 | AA7: =Y7/N7 -> 0.36356414 | AB7: =Z7/O7 -> 0.41161138 | AE7: =N7-SUM(AC7:AD7) -> 1.8514154e+09 | AF7: =AE7-M7 -> 1.6501949e+09 | AJ7: =P7-AG7 -> 1.0546727e+09 | AK7: =Q7-AH7 -> 7.9674272e+08 | AL7: =R7-AI7 -> 6.4091351e+08 | AM7: 5.311499e+08 | AN7: 1.4195837e+08 | AO7: 81586111 | AP7: =AM7/AJ7 -> 0.50361585 | AQ7: =AN7/AK7 -> 0.17817341 | AR7: =AO7/AL7 -> 0.1272966 | AS7: =SUM(AM7:AN7) -> 6.7310827e+08 | AT7: =SUM(AM7:AN7)+MAX(0,$M$1*$AX7) -> 6.79239e+08 | AU7: =AS7/AE7 -> 0.36356414 | AV7: =AT7/AF7 -> 0.41161138 | AX7: =Summary!I27 -> 11146795
A8: Apr | B8: 4.080878e+08 | C8: 2.2188921e+08 | D8: 99350205 | E8: 81719241 | F8: 1.5902441e+08 | G8: 3.1221532e+08 | H8: 1.2822862e+09 | I8: 1.3694941e+09 | J8: =SUM(H8:I8)-SUM(S8:T8) -> 1.7774017e+09 | K8: =H9-J8 -> 47742600 | L8: 4.8170444e+08 | M8: =L8*$M$1 -> 2.6493744e+08 | N8: =SUM(H8:I8) -> 2.6517802e+09 | O8: =$N8-$M8 -> 2.3868428e+09 | P8: =SUM($I8,$B8) -> 1.7775819e+09 | Q8: =SUM($C8:$G8) -> 8.7419838e+08 | R8: =SUM($D8:$G8) -> 6.5230917e+08 | S8: 7.1363222e+08 | T8: 1.6074627e+08 | U8: 84031968 | V8: =S8/P8 -> 0.40146237 | W8: =T8/Q8 -> 0.18387848 | X8: =U8/R8 -> 0.1288223 | Y8: =SUM(S8:T8) -> 8.7437849e+08 | Z8: =SUM(S8:T8)+MAX(0,$M$1*$AX8) -> 8.7879251e+08 | AA8: =Y8/N8 -> 0.32973264 | AB8: =Z8/O8 -> 0.36818198 | AC8: 6.1449621e+08 | AE8: =N8-SUM(AC8:AD8) -> 2.037284e+09 | AF8: =AE8-M8 -> 1.7723466e+09 | AG8: 6.1449621e+08 | AH8: 0 | AI8: 0 | AJ8: =P8-AG8 -> 1.1630857e+09 | AK8: =Q8-AH8 -> 8.7419838e+08 | AL8: =R8-AI8 -> 6.5230917e+08 | AM8: 5.8817858e+08 | AN8: 1.6068457e+08 | AO8: 83970273 | AP8: =AM8/AJ8 -> 0.5057053 | AQ8: =AN8/AK8 -> 0.1838079 | AR8: =AO8/AL8 -> 0.12872772 | AS8: =SUM(AM8:AN8) -> 7.4886315e+08 | AT8: =SUM(AM8:AN8)+MAX(0,$M$1*$AX8) -> 7.5327717e+08 | AU8: =AS8/AE8 -> 0.36757916 | AV8: =AT8/AF8 -> 0.42501685 | AX8: =Summary!I28 -> 8025487.7
A9: May | B9: 3.7205862e+08 | C9: 7.4225562e+08 | D9: 1.4569246e+08 | E9: 88755040 | F9: 1.3173374e+08 | G9: 3.4464886e+08 | H9: 1.8251443e+09 | I9: 8.537568e+08 | J9: =SUM(H9:I9)-SUM(S9:T9) -> 1.638948e+09 | K9: =H10-J9 -> 1.0970667e+08 | L9: 3.8001783e+08 | M9: =L9*$M$1 -> 2.0900981e+08 | N9: =SUM(H9:I9) -> 2.6789011e+09 | O9: =$N9-$M9 -> 2.4698913e+09 | P9: =SUM($I9,$B9) -> 1.2258154e+09 | Q9: =SUM($C9:$G9) -> 1.4530857e+09 | R9: =SUM($D9:$G9) -> 7.1083011e+08 | S9: 7.470931e+08 | T9: 2.9286009e+08 | U9: 1.1294309e+08 | V9: =S9/P9 -> 0.60946623 | W9: =T9/Q9 -> 0.20154357 | X9: =U9/R9 -> 0.15888901 | Y9: =SUM(S9:T9) -> 1.0399532e+09 | Z9: =SUM(S9:T9)+MAX(0,$M$1*$AX9) -> 1.0424221e+09 | AA9: =Y9/N9 -> 0.3882014 | AB9: =Z9/O9 -> 0.42205179 | AC9: 4.9731121e+08 | AD9: 2.499336e+08 | AE9: =N9-SUM(AC9:AD9) -> 1.9316563e+09 | AF9: =AE9-M9 -> 1.7226465e+09 | AG9: =3021.78000000026+216961946.79 -> 2.1696497e+08 | AH9: =495145716.35+9088610.67 -> 5.0423433e+08 | AI9: =2162467.08+23883041.33 -> 26045508 | AJ9: =P9-AG9 -> 1.0088504e+09 | AK9: =Q9-AH9 -> 9.488514e+08 | AL9: =R9-AI9 -> 6.847846e+08 | AM9: 6.3134968e+08 | AN9: 1.8715258e+08 | AO9: 1.0955097e+08 | AP9: =AM9/AJ9 -> 0.62581097 | AQ9: =AN9/AK9 -> 0.19724119 | AR9: =AO9/AL9 -> 0.15997873 | AS9: =SUM(AM9:AN9) -> 8.1850226e+08 | AT9: =SUM(AM9:AN9)+MAX(0,$M$1*$AX9) -> 8.2097114e+08 | AU9: =AS9/AE9 -> 0.42373079 | AV9: =AT9/AF9 -> 0.4765755 | AX9: =Summary!I29 -> 4488866.6
A10: Jun | B10: 4.5938398e+08 | C10: 5.5152926e+08 | D10: 1.4425143e+08 | E10: 1.023342e+08 | F10: 1.1722103e+08 | G10: 3.7393473e+08 | H10: 1.7486546e+09 | I10: 7.9927376e+08 | J10: =SUM(H10:I10)-SUM(S10:T10) -> 1.7087669e+09 | K10: =H11-J10 -> -8609025 | L10: 4.0788608e+08 | M10: =L10*$M$1 -> 2.2433734e+08 | N10: =SUM(H10:I10) -> 2.5479284e+09 | O10: =$N10-$M10 -> 2.3235911e+09 | P10: =SUM($I10,$B10) -> 1.2586577e+09 | Q10: =SUM($C10:$G10) -> 1.2892707e+09 | R10: =SUM($D10:$G10) -> 7.3774139e+08 | S10: 5.8301736e+08 | T10: 2.5614414e+08 | U10: 1.6057063e+08 | V10: =S10/P10 -> 0.46320564 | W10: =T10/Q10 -> 0.19867367 | X10: =U10/R10 -> 0.21765165 | Y10: =SUM(S10:T10) -> 8.391615e+08 | Z10: =SUM(S10:T10)+MAX(0,$M$1*$AX10) -> 8.4086762e+08 | AA10: =Y10/N10 -> 0.3293505 | AB10: =Z10/O10 -> 0.36188279 | AC10: 3.721904e+08 | AD10: 1.648869e+08 | AE10: =N10-SUM(AC10:AD10) -> 2.0108511e+09 | AF10: =AE10-M10 -> 1.7865138e+09 | AG10: =21003407.51+129637510.72 -> 1.5064092e+08 | AH10: =349060664.78+10237800.22 -> 359298465 | AI10: =2126331.54+25011584.94 -> 27137916 | AJ10: =P10-AG10 -> 1.1080168e+09 | AK10: =Q10-AH10 -> 9.2997219e+08 | AL10: =R10-AI10 -> 7.1060348e+08 | AM10: 5.7603104e+08 | AN10: 1.4474418e+08 | AO10: 87691786 | AP10: =AM10/AJ10 -> 0.51987571 | AQ10: =AN10/AK10 -> 0.15564356 | AR10: =AO10/AL10 -> 0.12340467 | AS10: =SUM(AM10:AN10) -> 7.2077522e+08 | AT10: =SUM(AM10:AN10)+MAX(0,$M$1*$AX10) -> 7.2248134e+08 | AU10: =AS10/AE10 -> 0.35844286 | AV10: =AT10/AF10 -> 0.4044085 | AX10: =Summary!I30 -> 3102040.6
A11: Jul | B11: 3.5226713e+08 | C11: 2.9009539e+08 | D11: 1.2335639e+08 | E11: 4.0705855e+08 | F11: 1.3785186e+08 | G11: 3.8952856e+08 | H11: 1.7001579e+09 | I11: 6.1122133e+08 | J11: =SUM(H11:I11)-SUM(S11:T11) -> 1.3111075e+09 | K11: =H12-J11 -> 2.0792059e+08 | L11: 4.0896562e+08 | M11: =L11*$M$1 -> 2.2493109e+08 | N11: =SUM(H11:I11) -> 2.3113792e+09 | O11: =$N11-$M11 -> 2.0864481e+09 | P11: =SUM($I11,$B11) -> 9.6348846e+08 | Q11: =SUM($C11:$G11) -> 1.3478907e+09 | R11: =SUM($D11:$G11) -> 1.0577954e+09 | S11: 6.3103822e+08 | T11: 3.6923349e+08 | U11: 3.0411035e+08 | V11: =S11/P11 -> 0.65495151 | W11: =T11/Q11 -> 0.27393429 | X11: =U11/R11 -> 0.2874945 | Y11: =SUM(S11:T11) -> 1.0002717e+09 | Z11: =SUM(S11:T11)+MAX(0,$M$1*$AX11) -> 1.004303e+09 | AA11: =Y11/N11 -> 0.43275968 | AB11: =Z11/O11 -> 0.4813458 | AC11: 2.93221e+08 | AD11: 1.0673233e+08 | AE11: =N11-SUM(AC11:AD11) -> 1.9114259e+09 | AF11: =AE11-M11 -> 1.6864948e+09 | AG11: =994+324445.18 -> 325439.18 | AH11: =10000000+77990412.19 -> 87990412 | AI11: =283220007.52+28417474.48 -> 311637482 | AJ11: =P11-AG11 -> 9.6316302e+08 | AK11: =Q11-AH11 -> 1.2599003e+09 | AL11: =R11-AI11 -> 7.4615787e+08 | AM11: 6.2695381e+08 | AN11: 1.5597851e+08 | AO11: 96075221 | AP11: =AM11/AJ11 -> 0.65093218 | AQ11: =AN11/AK11 -> 0.12380226 | AR11: =AO11/AL11 -> 0.12875991 | AS11: =SUM(AM11:AN11) -> 7.8293232e+08 | AT11: =SUM(AM11:AN11)+MAX(0,$M$1*$AX11) -> 7.8696365e+08 | AU11: =AS11/AE11 -> 0.40960642 | AV11: =AT11/AF11 -> 0.46662679 | AX11: =Summary!I31 -> 7329688.9
A12: Aug | B12: 3.2693599e+08 | C12: 2.0737839e+08 | D12: 1.9908244e+08 | E12: 98889819 | F12: 2.73483e+08 | G12: 4.1325844e+08 | H12: 1.5190281e+09 | I12: 6.9763963e+08 | J12: =SUM(H12:I12)-SUM(S12:T12) -> 1.4335643e+09 | K12: =H13-J12 -> 47468203 | L12: 3.3847418e+08 | M12: =L12*$M$1 -> 1.861608e+08 | N12: =SUM(H12:I12) -> 2.2166677e+09 | O12: =$N12-$M12 -> 2.0305069e+09 | P12: =SUM($I12,$B12) -> 1.0245756e+09 | Q12: =SUM($C12:$G12) -> 1.1920921e+09 | R12: =SUM($D12:$G12) -> 9.847137e+08 | S12: 5.7849042e+08 | T12: 2.04613e+08 | U12: 1.5585021e+08 | V12: =S12/P12 -> 0.56461467 | W12: =T12/Q12 -> 0.17164194 | X12: =U12/R12 -> 0.15826956 | Y12: =SUM(S12:T12) -> 7.8310343e+08 | Z12: =SUM(S12:T12)+MAX(0,$M$1*$AX12) -> 7.8932653e+08 | AA12: =Y12/N12 -> 0.35327957 | AB12: =Z12/O12 -> 0.38873373 | AD12: 77530380 | AE12: =N12-SUM(AC12:AD12) -> 2.1391373e+09 | AF12: =AE12-M12 -> 1.9529765e+09 | AG12: 12648.05 | AH12: 297360.53 | AI12: 77220371 | AJ12: =P12-AG12 -> 1.024563e+09 | AK12: =Q12-AH12 -> 1.1917947e+09 | AL12: =R12-AI12 -> 9.0749333e+08 | AM12: 5.7780063e+08 | AN12: 1.7605048e+08 | AO12: 1.2728768e+08 | AP12: =AM12/AJ12 -> 0.56394838 | AQ12: =AN12/AK12 -> 0.14771879 | AR12: =AO12/AL12 -> 0.14026294 | AS12: =SUM(AM12:AN12) -> 7.5385111e+08 | AT12: =SUM(AM12:AN12)+MAX(0,$M$1*$AX12) -> 7.6007422e+08 | AU12: =AS12/AE12 -> 0.35240894 | AV12: =AT12/AF12 -> 0.38918759 | AX12: =Summary!I32 -> 11314744
A13: Sep | B13: 3.3652354e+08 | C13: 1.7715028e+08 | D13: 1.5907112e+08 | E13: 1.3174042e+08 | F13: 2.3845331e+08 | G13: 4.3809382e+08 | H13: 1.4810325e+09 | I13: 8.0393985e+08 | J13: =SUM(H13:I13)-SUM(S13:T13) -> 1.4891241e+09 | K13: =H14-J13 -> -29010527 | L13: 3.5183468e+08 | M13: =L13*$M$1 -> 1.9350908e+08 | N13: =SUM(H13:I13) -> 2.2849723e+09 | O13: =$N13-$M13 -> 2.0914633e+09 | P13: =SUM($I13,$B13) -> 1.1404634e+09 | Q13: =SUM($C13:$G13) -> 1.1445089e+09 | R13: =SUM($D13:$G13) -> 9.6735867e+08 | S13: 6.3291246e+08 | T13: 1.6293578e+08 | U13: 1.0446746e+08 | V13: =S13/P13 -> 0.55496078 | W13: =T13/Q13 -> 0.14236305 | X13: =U13/R13 -> 0.10799248 | Y13: =SUM(S13:T13) -> 7.9584824e+08 | Z13: =SUM(S13:T13)+MAX(0,$M$1*$AX13) -> 8.0234599e+08 | AA13: =Y13/N13 -> 0.34829666 | AB13: =Z13/O13 -> 0.38362901 | AE13: =N13-SUM(AC13:AD13) -> 2.2849723e+09 | AF13: =AE13-M13 -> 2.0914633e+09 | AJ13: =P13-AG13 -> 1.1404634e+09 | AK13: =Q13-AH13 -> 1.1445089e+09 | AL13: =R13-AI13 -> 9.6735867e+08 | AM13: 6.3291246e+08 | AN13: 1.6293578e+08 | AO13: 1.0446746e+08 | AP13: =AM13/AJ13 -> 0.55496078 | AQ13: =AN13/AK13 -> 0.14236305 | AR13: =AO13/AL13 -> 0.10799248 | AS13: =SUM(AM13:AN13) -> 7.9584824e+08 | AT13: =SUM(AM13:AN13)+MAX(0,$M$1*$AX13) -> 8.0234599e+08 | AU13: =AS13/AE13 -> 0.34829666 | AV13: =AT13/AF13 -> 0.38362901 | AX13: =Summary!I33 -> 11814090
A14: Oct | B14: 3.3968387e+08 | C14: 1.7066968e+08 | D14: 1.3185689e+08 | E14: 1.1101921e+08 | F14: 2.0532186e+08 | G14: 5.0156207e+08 | H14: =SUM(B14:G14) -> 1.4601136e+09 | I14: 7.9287402e+08 | J14: =SUM(H14:I14)-SUM(S14:T14) -> 1.3567112e+09 | K14: =H15-J14 -> 1.2910854e+08 | L14: 3.5816486e+08 | M14: =L14*$M$1 -> 1.9699068e+08 | N14: =SUM(H14:I14) -> 2.2529876e+09 | O14: =$N14-$M14 -> 2.0559969e+09 | P14: =SUM($I14,$B14) -> 1.1325579e+09 | Q14: =SUM($C14:$G14) -> 1.1204297e+09 | R14: =SUM($D14:$G14) -> 9.4976002e+08 | S14: 6.8341737e+08 | T14: 2.1285906e+08 | U14: 1.4523326e+08 | V14: =S14/P14 -> 0.6034282 | W14: =T14/Q14 -> 0.18997985 | X14: =U14/R14 -> 0.15291574 | Y14: =SUM(S14:T14) -> 8.9627643e+08 | Z14: =SUM(S14:T14)+MAX(0,$M$1*$AX14) -> 9.0342036e+08 | AA14: =Y14/N14 -> 0.39781685 | AB14: =Z14/O14 -> 0.43940745 | AE14: =N14-SUM(AC14:AD14) -> 2.2529876e+09 | AF14: =AE14-M14 -> 2.0559969e+09 | AJ14: =P14-AG14 -> 1.1325579e+09 | AK14: =Q14-AH14 -> 1.1204297e+09 | AL14: =R14-AI14 -> 9.4976002e+08 | AM14: 6.8341737e+08 | AN14: 2.1285906e+08 | AO14: 1.4523326e+08 | AP14: =AM14/AJ14 -> 0.6034282 | AQ14: =AN14/AK14 -> 0.18997985 | AR14: =AO14/AL14 -> 0.15291574 | AS14: =SUM(AM14:AN14) -> 8.9627643e+08 | AT14: =SUM(AM14:AN14)+MAX(0,$M$1*$AX14) -> 9.0342036e+08 | AU14: =AS14/AE14 -> 0.39781685 | AV14: =AT14/AF14 -> 0.43940745 | AX14: =Summary!I34 -> 12988960
A15: Nov | B15: 2.6970305e+08 | C15: 2.6707562e+08 | D15: 1.223251e+08 | E15: 98442363 | F15: 1.808962e+08 | G15: 5.4737735e+08 | H15: =SUM(B15:G15) -> 1.4858197e+09 | I15: 7.7891503e+08 | J15: =SUM(H15:I15)-SUM(S15:T15) -> 1.505425e+09 | K15: =H16-J15 -> -5698218.2 | L15: 4.0606213e+08 | M15: =L15*$M$1 -> 2.2333417e+08 | N15: =SUM(H15:I15) -> 2.2647347e+09 | O15: =$N15-$M15 -> 2.0414006e+09 | P15: =SUM($I15,$B15) -> 1.0486181e+09 | Q15: =SUM($C15:$G15) -> 1.2161166e+09 | R15: =SUM($D15:$G15) -> 9.4904102e+08 | S15: 5.8594136e+08 | T15: 1.7336835e+08 | U15: 83873481 | V15: =S15/P15 -> 0.5587748 | W15: =T15/Q15 -> 0.14255898 | X15: =U15/R15 -> 0.088377087 | Y15: =SUM(S15:T15) -> 7.5930971e+08 | Z15: =SUM(S15:T15)+MAX(0,$M$1*$AX15) -> 7.6920383e+08 | AA15: =Y15/N15 -> 0.33527534 | AB15: =Z15/O15 -> 0.37680201 | AE15: =N15-SUM(AC15:AD15) -> 2.2647347e+09 | AF15: =AE15-M15 -> 2.0414006e+09 | AJ15: =P15-AG15 -> 1.0486181e+09 | AK15: =Q15-AH15 -> 1.2161166e+09 | AL15: =R15-AI15 -> 9.4904102e+08 | AM15: 5.8594136e+08 | AN15: 1.7336835e+08 | AO15: 83873481 | AP15: =AM15/AJ15 -> 0.5587748 | AQ15: =AN15/AK15 -> 0.14255898 | AR15: =AO15/AL15 -> 0.088377087 | AS15: =SUM(AM15:AN15) -> 7.5930971e+08 | AT15: =SUM(AM15:AN15)+MAX(0,$M$1*$AX15) -> 7.6920383e+08 | AU15: =AS15/AE15 -> 0.33527534 | AV15: =AT15/AF15 -> 0.37680201 | AX15: =Summary!I35 -> 17989306
A16: Dec | B16: 3.1053608e+08 | C16: 1.7412908e+08 | D16: 1.8232458e+08 | E16: 1.0594791e+08 | F16: 1.5193203e+08 | G16: 5.7485712e+08 | H16: =SUM(B16:G16) -> 1.4997268e+09 | I16: 7.372739e+08 | J16: =SUM(H16:I16)-SUM(S16:T16) -> 1.5379557e+09 | K16: =H17-J16 -> -1.5379557e+09 | L16: 4.6199005e+08 | M16: =L16*$M$1 -> 2.5409453e+08 | N16: =SUM(H16:I16) -> 2.2370007e+09 | O16: =$N16-$M16 -> 1.9829062e+09 | P16: =SUM($I16,$B16) -> 1.04781e+09 | Q16: =SUM($C16:$G16) -> 1.1891907e+09 | R16: =SUM($D16:$G16) -> 1.0150616e+09 | S16: 5.3503107e+08 | T16: 1.6401389e+08 | U16: 1.0377167e+08 | V16: =S16/P16 -> 0.51061842 | W16: =T16/Q16 -> 0.1379206 | X16: =U16/R16 -> 0.10223189 | Y16: =SUM(S16:T16) -> 6.9904497e+08 | Z16: =SUM(S16:T16)+MAX(0,$M$1*$AX16) -> 7.1437674e+08 | AA16: =Y16/N16 -> 0.31249207 | AB16: =Z16/O16 -> 0.36026755 | AE16: =N16-SUM(AC16:AD16) -> 2.2370007e+09 | AF16: =AE16-M16 -> 1.9829062e+09 | AG16: =AC16+AD16 -> 0 | AH16: 0 | AI16: 0 | AJ16: =P16-AG16 -> 1.04781e+09 | AK16: =Q16-AH16 -> 1.1891907e+09 | AL16: =R16-AI16 -> 1.0150616e+09 | AM16: 5.3503107e+08 | AN16: 1.6401389e+08 | AO16: 1.0377167e+08 | AP16: =AM16/AJ16 -> 0.51061842 | AQ16: =AN16/AK16 -> 0.1379206 | AR16: =AO16/AL16 -> 0.10223189 | AS16: =SUM(AM16:AN16) -> 6.9904497e+08 | AT16: =SUM(AM16:AN16)+MAX(0,$M$1*$AX16) -> 7.1437674e+08 | AU16: =AS16/AE16 -> 0.31249207 | AV16: =AT16/AF16 -> 0.36026755 | AX16: =Summary!I36 -> 27875958
B18: Overall | N18: Overall | AE18: Overall
A19: 2026 | B19: Collection OD | N19: Booksize and collections | AE19: NET OF BCC booksize and collections
A20: Month | B20: 0-30 | C20: 31-60 | D20: 61-90 | E20: 91-120 | F20: 121-180 | G20: 180+ | H20: Total Collection OD | I20: Upcoming MS till EOM | J20: EOM OD | K20: EOM Unidentified(Estimation) | L20: BOM Unidentified | M20: estimate dues unidentified(BOM) | N20: Total duebook (BOM) | O20: Estimated duebook net of unidentified(BOM) | P20: Booksize less than 30 days | Q20: Booksize 30+ days | R20: Booksize 60+ days | S20: Dues collected from 30 days | T20: Dues collected from 30+ days | U20: Dues collected from 60+ days | V20: % Dues collected from 30 days book | W20: % Dues collected from 30+days book | X20: % Dues collected from 60+days book | Y20: Due receipts | Z20: Due receipts+Dues unidentified | AA20: dues collected / book size | AB20: estimated dues collected / booksize estimated | AC20: Total duebook (S and Crest grande) | AD20: Total duebook (Crest ) | AE20: Total duebook (Net of BCC) | AF20: Estimated duebook net of bcc& net of unidentified(BOM) | AG20: Booksize less than 30 days(Crest+s) | AH20: Booksize 30+ days(Crest+S) | AI20: Booksize 60+ days(Crest+S) | AJ20: Net BCC Booksize less than 30 days | AK20: Net BCC Booksize 30+ days | AL20: Net BCC Booksize 60+ days | AM20: Dues collected from 30 days | AN20: Dues collected from 30+ days | AO20: Dues collected from 60+ days | AP20: % Dues collected from 30 days book | AQ20: % Dues collected from 30+days book | AR20: % Dues collected from 60+days book | AS20: Due receipts | AT20: Due receipts+Dues unidentified | AU20: dues collected / book size | AV20: estimated dues collected / booksize estimated | AX20: Current UIF
A21: Jan | B21: 3.0562124e+08 | C21: =135583166.97-8225540 -> 1.2735763e+08 | D21: 1.4589042e+08 | E21: =160971832.04-25351475 -> 1.3562036e+08 | F21: 1.569749e+08 | G21: =577975134.52-75281821 -> 5.0269331e+08 | H21: =SUM(B21:G21) -> 1.3741579e+09 | I21: 9.2200347e+08 | J21: =SUM(H21:I21)-SUM(S21:T21) -> 1.5130859e+09 | K21: =H22-J21 -> -90618907 | L21: 5.0823231e+08 | M21: =L21*$M$1 -> 2.7952777e+08 | N21: =SUM(H21:I21) -> 2.2961613e+09 | O21: =$N21-$M21 -> 2.0166336e+09 | P21: =SUM($I21,$B21) -> 1.2276247e+09 | Q21: =SUM($C21:$G21) -> 1.0685366e+09 | R21: =SUM($D21:$G21) -> 9.4117899e+08 | S21: 6.2975819e+08 | T21: 1.5331726e+08 | U21: 1.1259468e+08 | V21: =S21/P21 -> 0.51298918 | W21: =T21/Q21 -> 0.1434834 | X21: =U21/R21 -> 0.11963153 | Y21: =SUM(S21:T21) -> 7.8307546e+08 | Z21: =SUM(S21:T21)+MAX(0,$M$1*$AX21) -> 7.9545479e+08 | AA21: =Y21/N21 -> 0.34103678 | AB21: =Z21/O21 -> 0.39444687 | AE21: =N21-SUM(AC21:AD21) -> 2.2961613e+09 | AF21: =AE21-M21 -> 2.0166336e+09 | AJ21: =P21-AG21 -> 1.2276247e+09 | AK21: =Q21-AH21 -> 1.0685366e+09 | AL21: =R21-AI21 -> 9.4117899e+08 | AM21: 6.2975819e+08 | AN21: 1.5331726e+08 | AO21: 1.1259468e+08 | AP21: =AM21/AJ21 -> 0.51298918 | AQ21: =AN21/AK21 -> 0.1434834 | AR21: =AO21/AL21 -> 0.11963153 | AS21: =SUM(AM21:AN21) -> 7.8307546e+08 | AT21: =SUM(AM21:AN21)+MAX(0,$M$1*$AX21) -> 7.9545479e+08 | AU21: =AS21/AE21 -> 0.34103678 | AV21: =AT21/AF21 -> 0.39444687 | AX21: =Summary!I38 -> 22507886
A22: Feb | B22: =511219008.49-185965093.28 -> 3.2525392e+08 | C22: 1.4625806e+08 | D22: 97293659 | E22: 1.2027542e+08 | F22: 2.0985585e+08 | G22: 5.2353006e+08 | H22: =SUM(B22:G22) -> 1.422467e+09 | I22: 6.3732692e+08 | L22: 520039534 | M22: =L22*$M$1 -> 2.8602174e+08 | N22: =SUM(H22:I22) -> 2.0597939e+09 | O22: =$N22-$M22 -> 1.7737721e+09 | P22: =SUM($I22,$B22) -> 9.6258084e+08 | Q22: =SUM($C22:$G22) -> 1.0972131e+09 | R22: =SUM($D22:$G22) -> 9.5095499e+08 | S22: 5.2377073e+08 | T22: 1.5562335e+08 | U22: 1.0722327e+08 | V22: =S22/P22 -> 0.54413168 | W22: =T22/Q22 -> 0.14183513 | X22: =U22/R22 -> 0.11275326 | Y22: =SUM(S22:T22) -> 6.7939409e+08 | Z22: =SUM(S22:T22)+MAX(0,$M$1*$AX22) -> 6.9061726e+08 | AA22: =Y22/N22 -> 0.32983596 | AB22: =Z22/O22 -> 0.38934948 | AE22: =N22-SUM(AC22:AD22) -> 2.0597939e+09 | AF22: =AE22-M22 -> 1.7737721e+09 | AJ22: =P22-AG22 -> 9.6258084e+08 | AK22: =Q22-AH22 -> 1.0972131e+09 | AL22: =R22-AI22 -> 9.5095499e+08 | AM22: 5.2377073e+08 | AN22: 1.5562335e+08 | AO22: 1.0722327e+08 | AP22: =AM22/AJ22 -> 0.54413168 | AQ22: =AN22/AK22 -> 0.14183513 | AR22: =AO22/AL22 -> 0.11275326 | AS22: =SUM(AM22:AN22) -> 6.7939409e+08 | AT22: =SUM(AM22:AN22)+MAX(0,$M$1*$AX22) -> 6.9061726e+08 | AU22: =AS22/AE22 -> 0.32983596 | AV22: =AT22/AF22 -> 0.38934948 | AX22: =Summary!I39 -> 20405766
A23: Mar | B23: 2.858824e+08 | C23: 1.7243416e+08 | D23: 1.136733e+08 | E23: 73246334 | F23: 1.851748e+08 | G23: 4.8480515e+08 | H23: =SUM(B23:G23) -> 1.3152161e+09 | I23: 9.0341664e+08 | L23: 4.4440254e+08 | M23: =L23*$M$1 -> 2.444214e+08 | N23: =SUM(H23:I23) -> 2.2186328e+09 | O23: =$N23-$M23 -> 1.9742114e+09 | P23: =SUM($I23,$B23) -> 1.189299e+09 | Q23: =SUM($C23:$G23) -> 1.0293337e+09 | R23: =SUM($D23:$G23) -> 8.5689958e+08 | S23: 5.0040412e+08 | T23: 95151359 | U23: 51861785 | V23: =S23/P23 -> 0.4207555 | W23: =T23/Q23 -> 0.092439755 | X23: =U23/R23 -> 0.060522593 | Y23: =SUM(S23:T23) -> 5.9555548e+08 | Z23: =SUM(S23:T23)+MAX(0,$M$1*$AX23) -> 6.1380049e+08 | AA23: =Y23/N23 -> 0.26843355 | AB23: =Z23/O23 -> 0.3109092 | AE23: =N23-SUM(AC23:AD23) -> 2.2186328e+09 | AF23: =AE23-M23 -> 1.9742114e+09 | AJ23: =P23-AG23 -> 1.189299e+09 | AK23: =Q23-AH23 -> 1.0293337e+09 | AL23: =R23-AI23 -> 8.5689958e+08 | AM23: 5.0040412e+08 | AN23: 95151359 | AO23: 51861785 | AP23: =AM23/AJ23 -> 0.4207555 | AQ23: =AN23/AK23 -> 0.092439755 | AR23: =AO23/AL23 -> 0.060522593 | AS23: =SUM(AM23:AN23) -> 5.9555548e+08 | AT23: =SUM(AM23:AN23)+MAX(0,$M$1*$AX23) -> 6.1380049e+08 | AU23: =AS23/AE23 -> 0.26843355 | AV23: =AT23/AF23 -> 0.3109092 | AX23: =Summary!I40 -> 33172743
A24: Apr | B24: 6.4378793e+08 | C24: 1.9841471e+08 | D24: 1.2633111e+08 | E24: 95688954 | F24: 1.6924863e+08 | G24: 4.8841206e+08 | H24: =SUM(B24:G24) -> 1.7218834e+09 | I24: 8.5092313e+08 | L24: 3.7961814e+08 | M24: =L24*$M$1 -> 2.0878998e+08 | N24: =SUM(H24:I24) -> 2.5728065e+09 | O24: =$N24-$M24 -> 2.3640166e+09 | P24: =SUM($I24,$B24) -> 1.4947111e+09 | Q24: =SUM($C24:$G24) -> 1.0780955e+09 | R24: =SUM($D24:$G24) -> 8.7968076e+08 | S24: 5.6749335e+08 | T24: 1.3083579e+08 | U24: 60539093 | V24: =S24/P24 -> 0.37966759 | W24: =T24/Q24 -> 0.12135826 | X24: =U24/R24 -> 0.06881939 | Y24: =SUM(S24:T24) -> 6.9832913e+08 | Z24: =SUM(S24:T24)+MAX(0,$M$1*$AX24) -> 7.6601043e+08 | AA24: =Y24/N24 -> 0.27142699 | AB24: =Z24/O24 -> 0.32402922 | AE24: =N24-SUM(AC24:AD24) -> 2.5728065e+09 | AF24: =AE24-M24 -> 2.3640166e+09 | AJ24: =P24-AG24 -> 1.4947111e+09 | AK24: =Q24-AH24 -> 1.0780955e+09 | AL24: =R24-AI24 -> 8.7968076e+08 | AM24: 5.6749335e+08 | AN24: 1.3083579e+08 | AO24: 60539093 | AP24: =AM24/AJ24 -> 0.37966759 | AQ24: =AN24/AK24 -> 0.12135826 | AR24: =AO24/AL24 -> 0.06881939 | AS24: =SUM(AM24:AN24) -> 6.9832913e+08 | AT24: =SUM(AM24:AN24)+MAX(0,$M$1*$AX24) -> 7.6601043e+08 | AU24: =AS24/AE24 -> 0.27142699 | AV24: =AT24/AF24 -> 0.32402922 | AX24: =Summary!I41 -> 1.2305691e+08
A25: May | B25: 4.2789748e+08 | C25: 4.2597666e+08 | D25: 1.532086e+08 | E25: 1.2103344e+08 | F25: 1.2602837e+08 | G25: 5.6603841e+08 | H25: 1.820183e+09 | I25: 9.0471134e+08 | L25: 4.8879564e+08 | M25: =L25*$M$1 -> 2.688376e+08 | N25: =SUM(H25:I25) -> 2.7248943e+09 | O25: =$N25-$M25 -> 2.4560567e+09 | P25: =SUM($I25,$B25) -> 1.3326088e+09 | Q25: =SUM($C25:$G25) -> 1.3922855e+09 | R25: =SUM($D25:$G25) -> 9.6630882e+08 | S25: 1.0044078e+08 | T25: 26493658 | U25: 15295863 | V25: =S25/P25 -> 0.075371541 | W25: =T25/Q25 -> 0.019028898 | X25: =U25/R25 -> 0.015829166 | Y25: =SUM(S25:T25) -> 1.2693444e+08 | Z25: =SUM(S25:T25)+MAX(0,$M$1*$AX25) -> 1.758264e+08 | AA25: =Y25/N25 -> 0.046583252 | AB25: =Z25/O25 -> 0.071588903 | AE25: =N25-SUM(AC25:AD25) -> 2.7248943e+09 | AF25: =AE25-M25 -> 2.4560567e+09 | AJ25: =P25-AG25 -> 1.3326088e+09 | AK25: =Q25-AH25 -> 1.3922855e+09 | AL25: =R25-AI25 -> 9.6630882e+08 | AM25: 1.0044078e+08 | AN25: 26493658 | AO25: 15295863 | AP25: =AM25/AJ25 -> 0.075371541 | AQ25: =AN25/AK25 -> 0.019028898 | AR25: =AO25/AL25 -> 0.015829166 | AS25: =SUM(AM25:AN25) -> 1.2693444e+08 | AT25: =SUM(AM25:AN25)+MAX(0,$M$1*$AX25) -> 1.758264e+08 | AU25: =AS25/AE25 -> 0.046583252 | AV25: =AT25/AF25 -> 0.071588903 | AX25: =Summary!I42 -> 88894482
A26: Jun
A27: Jul
A28: Aug
A29: Sep
A30: Oct
A31: Nov
A32: Dec
B34: Sobha | N34: Sobha | AE34: Sobha
A35: 2025 | B35: Collection OD
A36: Month | B36: 0-30 | C36: 31-60 | D36: 61-90 | E36: 91-120 | F36: 121-180 | G36: 180+ | H36: Total Collection OD | I36: Upcoming MS till EOM | J36: EOM OD | K36: EOM Unidentified(Estimation) | L36: BOM Unidentified | M36: estimate dues unidentified(BOM) | N36: Total duebook (BOM) | O36: Estimated duebook net of unidentified(BOM) | P36: Booksize less than 30 days | Q36: Booksize 30+ days | R36: Booksize 60+ days | S36: Dues collected from 30 days | T36: Dues collected from 30+ days | U36: Dues collected from 60+ days | V36: % Dues collected from 30 days book | W36: % Dues collected from 30+days book | X36: % Dues collected from 60+days book | Y36: Due receipts | Z36: Due receipts+Dues unidentified | AA36: dues collected / book size | AB36: estimated dues collected / booksize estimated | AC36: Total duebook (S and Crest grande) | AD36: Total duebook (Crest) | AE36: Total duebook (Net of BCC) | AF36: Estimated duebook net of bcc& net of unidentified(BOM) | AG36: Booksize less than 30 days(Crest+s) | AH36: Booksize 30+ days(Crest+S) | AI36: Booksize 60+ days(Crest+S) | AJ36: Net BCC Booksize less than 30 days | AK36: Net BCC Booksize 30+ days | AL36: Net BCC Booksize 60+ days | AM36: Dues collected from 30 days | AN36: Dues collected from 30+ days | AO36: Dues collected from 60+ days | AP36: % Dues collected from 30 days book | AQ36: % Dues collected from 30+days book | AR36: % Dues collected from 60+days book | AS36: Due receipts | AT36: Due receipts+Dues unidentified | AU36: dues collected / book size | AV36: estimated dues collected / booksize estimated | AX36: Current UIF
A37: Jan | B37: 1.8070273e+08 | C37: 1.6914379e+08 | D37: 57914728 | E37: 42080669 | F37: 86697495 | G37: 4.8953772e+08 | H37: =SUM(B37:G37) -> 1.0260771e+09 | I37: 4.3680499e+08 | J37: =SUM(H37:I37)-SUM(S37:T37) -> 9.2279085e+08 | K37: =H38-J37 -> 1.4571618e+08 | L37: 2.9919289e+08 | M37: =L37*$M$1 -> 1.6455609e+08 | N37: =SUM(H37:I37) -> 1.4628821e+09 | O37: =$N37-$M37 -> 1.298326e+09 | P37: =SUM($I37,$B37) -> 6.1750771e+08 | Q37: =SUM($C37:$G37) -> 8.4537441e+08 | R37: =SUM($D37:$G37) -> 6.7623061e+08 | S37: 3.8486003e+08 | T37: 1.5523124e+08 | U37: 88285951 | V37: =S37/P37 -> 0.62324733 | W37: =T37/Q37 -> 0.18362425 | X37: =U37/R37 -> 0.13055598 | Y37: =SUM(S37:T37) -> 5.4009127e+08 | Z37: =SUM(S37:T37)+MAX(0,$M$1*$AX37) -> 5.4304577e+08 | AA37: =Y37/N37 -> 0.36919672 | AB37: =Z37/O37 -> 0.4182661 | AE37: =N37-SUM(AC37:AD37) -> 1.4628821e+09 | AF37: =AE37-M37 -> 1.298326e+09 | AJ37: =P37-AG37 -> 6.1750771e+08 | AK37: =Q37-AH37 -> 8.4537441e+08 | AL37: =R37-AI37 -> 6.7623061e+08 | AM37: 3.8486003e+08 | AN37: 1.5523124e+08 | AO37: 88285951 | AP37: =AM37/AJ37 -> 0.62324733 | AQ37: =AN37/AK37 -> 0.18362425 | AR37: =AO37/AL37 -> 0.13055598 | AS37: =SUM(AM37:AN37) -> 5.4009127e+08 | AT37: =SUM(AM37:AN37)+MAX(0,$M$1*$AX37) -> 5.4304577e+08 | AU37: =AS37/AE37 -> 0.36919672 | AV37: =AT37/AF37 -> 0.4182661 | AX37: =Summary!I66 -> 5371812
A38: Feb | B38: 1.9949853e+08 | C38: 1.1417763e+08 | D38: 1.1739654e+08 | E38: 43320225 | F38: 74056882 | G38: 5.2005723e+08 | H38: =SUM(B38:G38) -> 1.068507e+09 | I38: 5.4510399e+08 | J38: =SUM(H38:I38)-SUM(S38:T38) -> 1.0343361e+09 | K38: =H39-J38 -> 56653983 | L38: 3.4901138e+08 | M38: =L38*$M$1 -> 1.9195626e+08 | N38: =SUM(H38:I38) -> 1.613611e+09 | O38: =$N38-$M38 -> 1.4216548e+09 | P38: =SUM($I38,$B38) -> 7.4460251e+08 | Q38: =SUM($C38:$G38) -> 8.690085e+08 | R38: =SUM($D38:$G38) -> 7.5483088e+08 | S38: 4.386853e+08 | T38: 1.4058964e+08 | U38: 93074320 | V38: =S38/P38 -> 0.58915366 | W38: =T38/Q38 -> 0.16178166 | X38: =U38/R38 -> 0.12330487 | Y38: =SUM(S38:T38) -> 5.7927494e+08 | Z38: =SUM(S38:T38)+MAX(0,$M$1*$AX38) -> 5.8163499e+08 | AA38: =Y38/N38 -> 0.35899292 | AB38: =Z38/O38 -> 0.40912534 | AE38: =N38-SUM(AC38:AD38) -> 1.613611e+09 | AF38: =AE38-M38 -> 1.4216548e+09 | AJ38: =P38-AG38 -> 7.4460251e+08 | AK38: =Q38-AH38 -> 8.690085e+08 | AL38: =R38-AI38 -> 7.5483088e+08 | AM38: 4.386853e+08 | AN38: 1.4058964e+08 | AO38: 93074320 | AP38: =AM38/AJ38 -> 0.58915366 | AQ38: =AN38/AK38 -> 0.16178166 | AR38: =AO38/AL38 -> 0.12330487 | AS38: =SUM(AM38:AN38) -> 5.7927494e+08 | AT38: =SUM(AM38:AN38)+MAX(0,$M$1*$AX38) -> 5.8163499e+08 | AU38: =AS38/AE38 -> 0.35899292 | AV38: =AT38/AF38 -> 0.40912534 | AX38: =Summary!I67 -> 4291001.3
A39: Mar | B39: 3.2465788e+08 | C39: 1.4572485e+08 | D39: 97499362 | E39: 1.3144445e+08 | F39: 95980994 | G39: 2.9568252e+08 | H39: =SUM(B39:G39) -> 1.0909901e+09 | I39: 6.1656286e+08 | J39: =SUM(H39:I39)-SUM(S39:T39) -> 1.1052306e+09 | K39: =H40-J39 -> 86256939 | L39: 3.442558e+08 | M39: =L39*$M$1 -> 1.8934069e+08 | N39: =SUM(H39:I39) -> 1.7075529e+09 | O39: =$N39-$M39 -> 1.5182122e+09 | P39: =SUM($I39,$B39) -> 9.4122074e+08 | Q39: =SUM($C39:$G39) -> 7.6633218e+08 | R39: =SUM($D39:$G39) -> 6.2060733e+08 | S39: 4.7432722e+08 | T39: 1.279951e+08 | U39: 77234948 | V39: =S39/P39 -> 0.50394896 | W39: =T39/Q39 -> 0.167023 | X39: =U39/R39 -> 0.12445059 | Y39: =SUM(S39:T39) -> 6.0232232e+08 | Z39: =SUM(S39:T39)+MAX(0,$M$1*$AX39) -> 6.0804004e+08 | AA39: =Y39/N39 -> 0.35274006 | AB39: =Z39/O39 -> 0.40049739 | AE39: =N39-SUM(AC39:AD39) -> 1.7075529e+09 | AF39: =AE39-M39 -> 1.5182122e+09 | AJ39: =P39-AG39 -> 9.4122074e+08 | AK39: =Q39-AH39 -> 7.6633218e+08 | AL39: =R39-AI39 -> 6.2060733e+08 | AM39: 4.7432722e+08 | AN39: 1.279951e+08 | AO39: 77234948 | AP39: =AM39/AJ39 -> 0.50394896 | AQ39: =AN39/AK39 -> 0.167023 | AR39: =AO39/AL39 -> 0.12445059 | AS39: =SUM(AM39:AN39) -> 6.0232232e+08 | AT39: =SUM(AM39:AN39)+MAX(0,$M$1*$AX39) -> 6.0804004e+08 | AU39: =AS39/AE39 -> 0.35274006 | AV39: =AT39/AF39 -> 0.40049739 | AX39: =Summary!I68 -> 10395855
A40: Apr | B40: 3.6412779e+08 | C40: 1.9295088e+08 | D40: 95813372 | E40: 76527713 | F40: 1.5090734e+08 | G40: 3.1116046e+08 | H40: =SUM(B40:G40) -> 1.1914875e+09 | I40: 1.2767069e+09 | J40: =SUM(H40:I40)-SUM(S40:T40) -> 1.6855733e+09 | K40: =H41-J40 -> 47312389 | L40: 4.5124076e+08 | M40: =L40*$M$1 -> 2.4818242e+08 | N40: =SUM(H40:I40) -> 2.4681944e+09 | O40: =$N40-$M40 -> 2.220012e+09 | P40: =SUM($I40,$B40) -> 1.6408347e+09 | Q40: =SUM($C40:$G40) -> 8.2735976e+08 | R40: =SUM($D40:$G40) -> 6.3440888e+08 | S40: 6.3729889e+08 | T40: 1.4532227e+08 | U40: 80275844 | V40: =S40/P40 -> 0.38839921 | W40: =T40/Q40 -> 0.17564581 | X40: =U40/R40 -> 0.12653644 | Y40: =SUM(S40:T40) -> 7.8262117e+08 | Z40: =SUM(S40:T40)+MAX(0,$M$1*$AX40) -> 7.8702672e+08 | AA40: =Y40/N40 -> 0.31708246 | AB40: =Z40/O40 -> 0.35451463 | AC40: 6.1449621e+08 | AE40: =N40-SUM(AC40:AD40) -> 1.8536982e+09 | AF40: =AE40-M40 -> 1.6055158e+09 | AG40: 6.1449621e+08 | AH40: 0 | AI40: 0 | AJ40: =P40-AG40 -> 1.0263385e+09 | AK40: =Q40-AH40 -> 8.2735976e+08 | AL40: =R40-AI40 -> 6.3440888e+08 | AM40: 5.1184525e+08 | AN40: 1.4532227e+08 | AO40: 80214149 | AP40: =AM40/AJ40 -> 0.49871 | AQ40: =AN40/AK40 -> 0.17564581 | AR40: =AO40/AL40 -> 0.1264392 | AS40: =SUM(AM40:AN40) -> 6.5716753e+08 | AT40: =SUM(AM40:AN40)+MAX(0,$M$1*$AX40) -> 6.6157308e+08 | AU40: =AS40/AE40 -> 0.354517 | AV40: =AT40/AF40 -> 0.41206264 | AX40: =Summary!I69 -> 8010101.8
A41: May | B41: 3.354871e+08 | C41: 7.1800844e+08 | D41: 1.3177719e+08 | E41: 83948558 | F41: 1.2384158e+08 | G41: 3.3982278e+08 | H41: =SUM(B41:G41) -> 1.7328856e+09 | I41: 7.7595389e+08 | J41: =SUM(H41:I41)-SUM(S41:T41) -> 1.5614849e+09 | K41: =H42-J41 -> 1.0410236e+08 | L41: 3.8001783e+08 | M41: =L41*$M$1 -> 2.0900981e+08 | N41: =SUM(H41:I41) -> 2.5088395e+09 | O41: =$N41-$M41 -> 2.2998297e+09 | P41: =SUM($I41,$B41) -> 1.111441e+09 | Q41: =SUM($C41:$G41) -> 1.3973985e+09 | R41: =SUM($D41:$G41) -> 6.7939011e+08 | S41: 6.7023589e+08 | T41: 2.7711878e+08 | U41: 1.0591112e+08 | V41: =S41/P41 -> 0.60303327 | W41: =T41/Q41 -> 0.19831048 | X41: =U41/R41 -> 0.15589146 | Y41: =SUM(S41:T41) -> 9.4735467e+08 | Z41: =SUM(S41:T41)+MAX(0,$M$1*$AX41) -> 9.4982355e+08 | AA41: =Y41/N41 -> 0.37760672 | AB41: =Z41/O41 -> 0.41299733 | AC41: 4.9731121e+08 | AD41: 2.499336e+08 | AE41: =N41-SUM(AC41:AD41) -> 1.7615947e+09 | AF41: =AE41-M41 -> 1.5525849e+09 | AG41: 2.1696497e+08 | AH41: 5.0423433e+08 | AI41: 26045508 | AJ41: =P41-AG41 -> 8.9447602e+08 | AK41: =Q41-AH41 -> 8.9316422e+08 | AL41: =R41-AI41 -> 6.533446e+08 | AM41: 5.5449248e+08 | AN41: 1.7141127e+08 | AO41: 1.0251899e+08 | AP41: =AM41/AJ41 -> 0.61990759 | AQ41: =AN41/AK41 -> 0.19191462 | AR41: =AO41/AL41 -> 0.15691412 | AS41: =SUM(AM41:AN41) -> 7.2590375e+08 | AT41: =SUM(AM41:AN41)+MAX(0,$M$1*$AX41) -> 7.2837262e+08 | AU41: =AS41/AE41 -> 0.41207193 | AV41: =AT41/AF41 -> 0.46913545 | AX41: =Summary!I70 -> 4488866.6
A42: Jun | B42: 4.2849573e+08 | C42: 5.3428156e+08 | D42: 1.3340511e+08 | E42: 90238118 | F42: 1.1259174e+08 | G42: 3.6657497e+08 | H42: =SUM(B42:G42) -> 1.6655872e+09 | I42: 7.1269435e+08 | J42: =SUM(H42:I42)-SUM(S42:T42) -> 1.6243028e+09 | K42: =H43-J42 -> -12379857 | L42: 3.7475929e+08 | M42: =L42*$M$1 -> 2.0611761e+08 | N42: =SUM(H42:I42) -> 2.3782816e+09 | O42: =$N42-$M42 -> 2.172164e+09 | P42: =SUM($I42,$B42) -> 1.1411901e+09 | Q42: =SUM($C42:$G42) -> 1.2370915e+09 | R42: =SUM($D42:$G42) -> 7.0280994e+08 | S42: 5.1141757e+08 | T42: 2.4256118e+08 | U42: 1.550635e+08 | V42: =S42/P42 -> 0.44814408 | W42: =T42/Q42 -> 0.19607376 | X42: =U42/R42 -> 0.22063362 | Y42: =SUM(S42:T42) -> 7.5397875e+08 | Z42: =SUM(S42:T42)+MAX(0,$M$1*$AX42) -> 7.5568487e+08 | AA42: =Y42/N42 -> 0.3170267 | AB42: =Z42/O42 -> 0.34789495 | AC42: 3.721904e+08 | AD42: 1.648869e+08 | AE42: =N42-SUM(AC42:AD42) -> 1.8412043e+09 | AF42: =AE42-M42 -> 1.6350867e+09 | AG42: 1.5064092e+08 | AH42: 359298465 | AI42: 27137916 | AJ42: =P42-AG42 -> 9.9054916e+08 | AK42: =Q42-AH42 -> 8.7779303e+08 | AL42: =R42-AI42 -> 6.7567202e+08 | AM42: 5.0443125e+08 | AN42: 1.3116123e+08 | AO42: 82184653 | AP42: =AM42/AJ42 -> 0.50924403 | AQ42: =AN42/AK42 -> 0.14942159 | AR42: =AO42/AL42 -> 0.12163395 | AS42: =SUM(AM42:AN42) -> 6.3559247e+08 | AT42: =SUM(AM42:AN42)+MAX(0,$M$1*$AX42) -> 6.372986e+08 | AU42: =AS42/AE42 -> 0.34520476 | AV42: =AT42/AF42 -> 0.38976442 | AX42: =Summary!I71 -> 3102040.6
A43: Jul | B43: 3.25743e+08 | C43: 2.6785025e+08 | D43: 1.1297795e+08 | E43: 3.9916821e+08 | F43: 1.2684941e+08 | G43: 3.7933415e+08 | H43: =SUM(B43:G43) -> 1.611923e+09 | I43: 5.0238914e+08 | J43: =SUM(H43:I43)-SUM(S43:T43) -> 1.2459507e+09 | K43: =H44-J43 -> 1.5352989e+08 | L43: 3.7913968e+08 | M43: =L43*$M$1 -> 2.0852682e+08 | N43: =SUM(H43:I43) -> 2.1143121e+09 | O43: =$N43-$M43 -> 1.9057853e+09 | P43: =SUM($I43,$B43) -> 8.2813213e+08 | Q43: =SUM($C43:$G43) -> 1.28618e+09 | R43: =SUM($D43:$G43) -> 1.0183297e+09 | S43: 5.1384487e+08 | T43: 3.5451654e+08 | U43: 2.9817779e+08 | V43: =S43/P43 -> 0.62048657 | W43: =T43/Q43 -> 0.27563525 | X43: =U43/R43 -> 0.29281066 | Y43: =SUM(S43:T43) -> 8.683614e+08 | Z43: =SUM(S43:T43)+MAX(0,$M$1*$AX43) -> 8.7235272e+08 | AA43: =Y43/N43 -> 0.41070635 | AB43: =Z43/O43 -> 0.45773925 | AC43: 2.93221e+08 | AD43: 2.93221e+08 | AE43: =N43-SUM(AC43:AD43) -> 1.5278701e+09 | AF43: =AE43-M43 -> 1.3193433e+09 | AG43: 325439.18 | AH43: 87990412 | AI43: 311637482 | AJ43: =P43-AG43 -> 8.278067e+08 | AK43: =Q43-AH43 -> 1.1981896e+09 | AL43: =R43-AI43 -> 7.0669223e+08 | AM43: 5.0976045e+08 | AN43: 1.4126155e+08 | AO43: 90142662 | AP43: =AM43/AJ43 -> 0.61579648 | AQ43: =AN43/AK43 -> 0.11789583 | AR43: =AO43/AL43 -> 0.12755576 | AS43: =SUM(AM43:AN43) -> 6.51022e+08 | AT43: =SUM(AM43:AN43)+MAX(0,$M$1*$AX43) -> 6.5501332e+08 | AU43: =AS43/AE43 -> 0.42609775 | AV43: =AT43/AF43 -> 0.49646922 | AX43: =Summary!I72 -> 7256938.9
A44: Aug | B44: 2.7094978e+08 | C44: 1.9189384e+08 | D44: 1.8472851e+08 | E44: 90522284 | F44: 2.5953432e+08 | G44: 4.0185185e+08 | H44: =SUM(B44:G44) -> 1.3994806e+09 | I44: 5.5048926e+08 | J44: =SUM(H44:I44)-SUM(S44:T44) -> 1.3032714e+09 | K44: =H45-J44 -> 41674089 | L44: 3.1891464e+08 | M44: =L44*$M$1 -> 1.7540305e+08 | N44: =SUM(H44:I44) -> 1.9499698e+09 | O44: =$N44-$M44 -> 1.7745668e+09 | P44: =SUM($I44,$B44) -> 8.2143904e+08 | Q44: =SUM($C44:$G44) -> 1.1285308e+09 | R44: =SUM($D44:$G44) -> 9.3663696e+08 | S44: 4.5539631e+08 | T44: 1.9130214e+08 | U44: 1.4939511e+08 | V44: =S44/P44 -> 0.55438844 | W44: =T44/Q44 -> 0.16951433 | X44: =U44/R44 -> 0.15950161 | Y44: =SUM(S44:T44) -> 6.4669846e+08 | Z44: =SUM(S44:T44)+MAX(0,$M$1*$AX44) -> 6.5255176e+08 | AA44: =Y44/N44 -> 0.33164536 | AB44: =Z44/O44 -> 0.36772454 | AD44: 77530380 | AE44: =N44-SUM(AC44:AD44) -> 1.8724395e+09 | AF44: =AE44-M44 -> 1.6970364e+09 | AG44: 12648.05 | AH44: 297360.53 | AI44: 77220371 | AJ44: =P44-AG44 -> 8.2142639e+08 | AK44: =Q44-AH44 -> 1.1282334e+09 | AL44: =R44-AI44 -> 8.5941659e+08 | AM44: 4.5470652e+08 | AN44: 1.6273962e+08 | AO44: 1.2083258e+08 | AP44: =AM44/AJ44 -> 0.55355723 | AQ44: =AN44/AK44 -> 0.14424286 | AR44: =AO44/AL44 -> 0.14059838 | AS44: =SUM(AM44:AN44) -> 6.1744614e+08 | AT44: =SUM(AM44:AN44)+MAX(0,$M$1*$AX44) -> 6.2329945e+08 | AU44: =AS44/AE44 -> 0.32975493 | AV44: =AT44/AF44 -> 0.36728702 | AX44: =Summary!I73 -> 10642380
A45: Sep | B45: 2.6990579e+08 | C45: 1.576822e+08 | D45: 1.4812559e+08 | E45: 1.224148e+08 | F45: 2.2560864e+08 | G45: 4.2120845e+08 | H45: =SUM(B45:G45) -> 1.3449455e+09 | I45: 6.8077793e+08 | J45: =SUM(H45:I45)-SUM(S45:T45) -> 1.3675569e+09 | K45: =H46-J45 -> -41607930 | L45: 3.3288011e+08 | M45: =L45*$M$1 -> 1.8308406e+08 | N45: =SUM(H45:I45) -> 2.0257234e+09 | O45: =$N45-$M45 -> 1.8426394e+09 | P45: =SUM($I45,$B45) -> 9.5068373e+08 | Q45: =SUM($C45:$G45) -> 1.0750397e+09 | R45: =SUM($D45:$G45) -> 9.1735748e+08 | S45: 5.1490037e+08 | T45: 1.4326616e+08 | U45: 94893650 | V45: =S45/P45 -> 0.54161059 | W45: =T45/Q45 -> 0.13326593 | X45: =U45/R45 -> 0.10344239 | Y45: =SUM(S45:T45) -> 6.5816653e+08 | Z45: =SUM(S45:T45)+MAX(0,$M$1*$AX45) -> 6.6463445e+08 | AA45: =Y45/N45 -> 0.32490444 | AB45: =Z45/O45 -> 0.36069698 | AE45: =N45-SUM(AC45:AD45) -> 2.0257234e+09 | AF45: =AE45-M45 -> 1.8426394e+09 | AJ45: =P45-AG45 -> 9.5068373e+08 | AK45: =Q45-AH45 -> 1.0750397e+09 | AL45: =R45-AI45 -> 9.1735748e+08 | AM45: 5.1490037e+08 | AN45: 1.4326616e+08 | AO45: 94893650 | AP45: =AM45/AJ45 -> 0.54161059 | AQ45: =AN45/AK45 -> 0.13326593 | AR45: =AO45/AL45 -> 0.10344239 | AS45: =SUM(AM45:AN45) -> 6.5816653e+08 | AT45: =SUM(AM45:AN45)+MAX(0,$M$1*$AX45) -> 6.6463445e+08 | AU45: =AS45/AE45 -> 0.32490444 | AV45: =AT45/AF45 -> 0.36069698 | AX45: =Summary!I74 -> 11759856
A46: Oct | B46: 2.9772649e+08 | C46: 1.3716212e+08 | D46: 1.161951e+08 | E46: 1.0315533e+08 | F46: 1.9038536e+08 | G46: 4.8132455e+08 | H46: =SUM(B46:G46) -> 1.325949e+09 | I46: 6.4547347e+08 | J46: =SUM(H46:I46)-SUM(S46:T46) -> 1.2311684e+09 | K46: =H47-J46 -> 1.1196087e+08 | L46: 3.3397277e+08 | M46: =L46*$M$1 -> 1.8368502e+08 | N46: =SUM(H46:I46) -> 1.9714224e+09 | O46: =$N46-$M46 -> 1.7877374e+09 | P46: =SUM($I46,$B46) -> 9.4319996e+08 | Q46: =SUM($C46:$G46) -> 1.0282225e+09 | R46: =SUM($D46:$G46) -> 8.9106034e+08 | S46: 5.4854099e+08 | T46: 1.9171308e+08 | U46: 1.3584948e+08 | V46: =S46/P46 -> 0.58157444 | W46: =T46/Q46 -> 0.18645098 | X46: =U46/R46 -> 0.15245822 | Y46: =SUM(S46:T46) -> 7.4025407e+08 | Z46: =SUM(S46:T46)+MAX(0,$M$1*$AX46) -> 7.4639663e+08 | AA46: =Y46/N46 -> 0.37549236 | AB46: =Z46/O46 -> 0.4175091 | AE46: =N46-SUM(AC46:AD46) -> 1.9714224e+09 | AF46: =AE46-M46 -> 1.7877374e+09 | AJ46: =P46-AG46 -> 9.4319996e+08 | AK46: =Q46-AH46 -> 1.0282225e+09 | AL46: =R46-AI46 -> 8.9106034e+08 | AM46: 5.4854099e+08 | AN46: 1.9171308e+08 | AO46: 1.3584948e+08 | AP46: =AM46/AJ46 -> 0.58157444 | AQ46: =AN46/AK46 -> 0.18645098 | AR46: =AO46/AL46 -> 0.15245822 | AS46: =SUM(AM46:AN46) -> 7.4025407e+08 | AT46: =SUM(AM46:AN46)+MAX(0,$M$1*$AX46) -> 7.4639663e+08 | AU46: =AS46/AE46 -> 0.37549236 | AV46: =AT46/AF46 -> 0.4175091 | AX46: =Summary!I75 -> 11168299
A47: Nov | B47: 2.2029499e+08 | C47: 2.4472713e+08 | D47: 1.0142561e+08 | E47: 84130647 | F47: 1.6793913e+08 | G47: 5.2461173e+08 | H47: =SUM(B47:G47) -> 1.3431292e+09 | I47: 6.3584624e+08 | J47: =SUM(H47:I47)-SUM(S47:T47) -> 1.3469255e+09 | K47: =H48-J47 -> 7097774.7 | L47: 3.7529829e+08 | M47: =L47*$M$1 -> 2.0641406e+08 | N47: =SUM(H47:I47) -> 1.9789755e+09 | O47: =$N47-$M47 -> 1.7725614e+09 | P47: =SUM($I47,$B47) -> 8.5614123e+08 | Q47: =SUM($C47:$G47) -> 1.1228342e+09 | R47: =SUM($D47:$G47) -> 8.7810711e+08 | S47: 4.8016814e+08 | T47: 1.5188179e+08 | U47: 71860841 | V47: =S47/P47 -> 0.56085156 | W47: =T47/Q47 -> 0.13526644 | X47: =U47/R47 -> 0.081836077 | Y47: =SUM(S47:T47) -> 6.3204993e+08 | Z47: =SUM(S47:T47)+MAX(0,$M$1*$AX47) -> 6.4082342e+08 | AA47: =Y47/N47 -> 0.3193824 | AB47: =Z47/O47 -> 0.36152396 | AE47: =N47-SUM(AC47:AD47) -> 1.9789755e+09 | AF47: =AE47-M47 -> 1.7725614e+09 | AJ47: =P47-AG47 -> 8.5614123e+08 | AK47: =Q47-AH47 -> 1.1228342e+09 | AL47: =R47-AI47 -> 8.7810711e+08 | AM47: 4.8016814e+08 | AN47: 1.5188179e+08 | AO47: 71860841 | AP47: =AM47/AJ47 -> 0.56085156 | AQ47: =AN47/AK47 -> 0.13526644 | AR47: =AO47/AL47 -> 0.081836077 | AS47: =SUM(AM47:AN47) -> 6.3204993e+08 | AT47: =SUM(AM47:AN47)+MAX(0,$M$1*$AX47) -> 6.4082342e+08 | AU47: =AS47/AE47 -> 0.3193824 | AV47: =AT47/AF47 -> 0.36152396 | AX47: =Summary!I76 -> 15951812
A48: Dec | B48: 2.5170345e+08 | C48: 1.4700691e+08 | D48: 1.6869746e+08 | E48: 90072997 | F48: 1.3654012e+08 | G48: 5.6000237e+08 | H48: =SUM(B48:G48) -> 1.3540233e+09 | I48: 6.2391881e+08 | J48: =SUM(H48:I48)-SUM(S48:T48) -> 1.3960255e+09 | L48: 4.2541243e+08 | M48: =L48*$M$1 -> 2.3397684e+08 | N48: =SUM(H48:I48) -> 1.9779421e+09 | O48: =$N48-$M48 -> 1.7439653e+09 | P48: =SUM($I48,$B48) -> 8.7562226e+08 | Q48: =SUM($C48:$G48) -> 1.1023199e+09 | R48: =SUM($D48:$G48) -> 9.5531296e+08 | S48: 4.3533279e+08 | T48: 1.4658379e+08 | U48: 93907576 | V48: =S48/P48 -> 0.49716963 | W48: =T48/Q48 -> 0.13297754 | X48: =U48/R48 -> 0.098300327 | Y48: =SUM(S48:T48) -> 5.8191658e+08 | Z48: =SUM(S48:T48)+MAX(0,$M$1*$AX48) -> 5.964929e+08 | AA48: =Y48/N48 -> 0.29420304 | AB48: =Z48/O48 -> 0.34203255 | AE48: =N48-SUM(AC48:AD48) -> 1.9779421e+09 | AF48: =AE48-M48 -> 1.7439653e+09 | AG48: =AC48+AD48 -> 0 | AH48: 0 | AI48: 0 | AJ48: =P48-AG48 -> 8.7562226e+08 | AK48: =Q48-AH48 -> 1.1023199e+09 | AL48: =R48-AI48 -> 9.5531296e+08 | AM48: 4.3533279e+08 | AN48: 1.4658379e+08 | AO48: 93907576 | AP48: =AM48/AJ48 -> 0.49716963 | AQ48: =AN48/AK48 -> 0.13297754 | AR48: =AO48/AL48 -> 0.098300327 | AS48: =SUM(AM48:AN48) -> 5.8191658e+08 | AT48: =SUM(AM48:AN48)+MAX(0,$M$1*$AX48) -> 5.964929e+08 | AU48: =AS48/AE48 -> 0.29420304 | AV48: =AT48/AF48 -> 0.34203255 | AX48: =Summary!I77 -> 26502404
B50: Sobha | N50: Sobha | AE50: Sobha
A51: 2026 | B51: Collection OD
A52: Month | B52: 0-30 | C52: 31-60 | D52: 61-90 | E52: 91-120 | F52: 121-180 | G52: 180+ | H52: Total Collection OD | I52: Upcoming MS till EOM | J52: EOM OD | K52: EOM Unidentified(Estimation) | L52: BOM Unidentified | M52: estimate dues unidentified(BOM) | N52: Total duebook (BOM) | O52: Estimated duebook net of unidentified(BOM) | P52: Booksize less than 30 days | Q52: Booksize 30+ days | R52: Booksize 60+ days | S52: Dues collected from 30 days | T52: Dues collected from 30+ days | U52: Dues collected from 60+ days | V52: % Dues collected from 30 days book | W52: % Dues collected from 30+days book | X52: % Dues collected from 60+days book | Y52: Due receipts | Z52: Due receipts+Dues unidentified | AA52: dues collected / book size | AB52: estimated dues collected / booksize estimated | AC52: Total duebook (S and Crest grande) | AD52: Total duebook (Crest) | AE52: Total duebook (Net of BCC) | AF52: Estimated duebook net of bcc& net of unidentified(BOM) | AG52: Booksize less than 30 days(Crest+s) | AH52: Booksize 30+ days(Crest+S) | AI52: Booksize 60+ days(Crest+S) | AJ52: Net BCC Booksize less than 30 days | AK52: Net BCC Booksize 30+ days | AL52: Net BCC Booksize 60+ days | AM52: Dues collected from 30 days | AN52: Dues collected from 30+ days | AO52: Dues collected from 60+ days | AP52: % Dues collected from 30 days book | AQ52: % Dues collected from 30+days book | AR52: % Dues collected from 60+days book | AS52: Due receipts | AT52: Due receipts+Dues unidentified | AU52: dues collected / book size | AV52: estimated dues collected / booksize estimated | AX52: Current UIF
A53: Jan | B53: 2.6529027e+08 | C53: =108724728.15-8225540 -> 1.0049919e+08 | D53: 1.2750899e+08 | E53: =149371795.45-25351475 -> 1.2402032e+08 | F53: 1.3470071e+08 | G53: =561660267.7-75281821 -> 4.8637845e+08 | H53: =SUM(B53:G53) -> 1.2383979e+09 | I53: 7.8036704e+08 | J53: =SUM(H53:I53)-SUM(S53:T53) -> 1.3787432e+09 | K53: =H54-J53 -> -1.1555787e+08 | L53: 4.7411847e+08 | M53: =L53*$M$1 -> 2.6076516e+08 | N53: =SUM(H53:I53) -> 2.018765e+09 | O53: =$N53-$M53 -> 1.7579998e+09 | P53: =SUM($I53,$B53) -> 1.0456573e+09 | Q53: =SUM($C53:$G53) -> 9.7310766e+08 | R53: =SUM($D53:$G53) -> 8.7260847e+08 | S53: 5.0414469e+08 | T53: 1.3587709e+08 | U53: 1.0283633e+08 | V53: =S53/P53 -> 0.48213184 | W53: =T53/Q53 -> 0.13963213 | X53: =U53/R53 -> 0.11784933 | Y53: =SUM(S53:T53) -> 6.4002178e+08 | Z53: =SUM(S53:T53)+MAX(0,$M$1*$AX53) -> 6.5290355e+08 | AA53: =Y53/N53 -> 0.3170363 | AB53: =Z53/O53 -> 0.37139 | AE53: =N53-SUM(AC53:AD53) -> 2.018765e+09 | AF53: =AE53-M53 -> 1.7579998e+09 | AJ53: =P53-AG53 -> 1.0456573e+09 | AK53: =Q53-AH53 -> 9.7310766e+08 | AL53: =R53-AI53 -> 8.7260847e+08 | AM53: 5.0414469e+08 | AN53: 1.3587709e+08 | AO53: 1.0283633e+08 | AP53: =AM53/AJ53 -> 0.48213184 | AQ53: =AN53/AK53 -> 0.13963213 | AR53: =AO53/AL53 -> 0.11784933 | AS53: =SUM(AM53:AN53) -> 6.4002178e+08 | AT53: =SUM(AM53:AN53)+MAX(0,$M$1*$AX53) -> 6.5290355e+08 | AU53: =AS53/AE53 -> 0.3170363 | AV53: =AT53/AF53 -> 0.37139 | AX53: =Summary!I79 -> 23421401
A54: Feb | B54: =449186286.38-185965093.28 -> 2.6322119e+08 | C54: 1.2547307e+08 | D54: 75048496 | E54: 1.0653564e+08 | F54: 1.8788936e+08 | G54: 5.0501757e+08 | H54: =SUM(B54:G54) -> 1.2631853e+09 | I54: 4.9750345e+08 | J54: =SUM(H54:I54)-SUM(S54:T54) -> 1.2167899e+09 | K54: =H55-J54 -> -49146558 | L54: 407427908 | M54: =L54*$M$1 -> 2.2408535e+08 | N54: =SUM(H54:I54) -> 1.7606888e+09 | O54: =$N54-$M54 -> 1.5366034e+09 | P54: =SUM($I54,$B54) -> 7.6072464e+08 | Q54: =SUM($C54:$G54) -> 9.9996413e+08 | R54: =SUM($D54:$G54) -> 8.7449107e+08 | S54: 4.0256907e+08 | T54: 1.4132981e+08 | U54: 99606534 | V54: =S54/P54 -> 0.52919157 | W54: =T54/Q54 -> 0.14133488 | X54: =U54/R54 -> 0.11390229 | Y54: =SUM(S54:T54) -> 5.4389888e+08 | Z54: =SUM(S54:T54)+MAX(0,$M$1*$AX54) -> 5.549812e+08 | AA54: =Y54/N54 -> 0.30891256 | AB54: =Z54/O54 -> 0.361174 | AE54: =N54-SUM(AC54:AD54) -> 1.7606888e+09 | AF54: =AE54-M54 -> 1.5366034e+09 | AJ54: =P54-AG54 -> 7.6072464e+08 | AK54: =Q54-AH54 -> 9.9996413e+08 | AL54: =R54-AI54 -> 8.7449107e+08 | AM54: 4.0256907e+08 | AN54: 1.4132981e+08 | AO54: 99606534 | AP54: =AM54/AJ54 -> 0.52919157 | AQ54: =AN54/AK54 -> 0.14133488 | AR54: =AO54/AL54 -> 0.11390229 | AS54: =SUM(AM54:AN54) -> 5.4389888e+08 | AT54: =SUM(AM54:AN54)+MAX(0,$M$1*$AX54) -> 5.549812e+08 | AU54: =AS54/AE54 -> 0.30891256 | AV54: =AT54/AF54 -> 0.361174 | AX54: =Summary!I80 -> 20149679
A55: Mar | B55: 2.2663044e+08 | C55: 1.4965633e+08 | D55: 93755665 | E55: 60142891 | F55: 1.6894599e+08 | G55: 4.6851202e+08 | H55: =SUM(B55:G55) -> 1.1676433e+09 | I55: 7.4958524e+08 | J55: =SUM(H55:I55)-SUM(S55:T55) -> 1.4325458e+09 | K55: =H56-J55 -> 96164264 | L55: 3.310117e+08 | M55: =L55*$M$1 -> 1.8205644e+08 | N55: =SUM(H55:I55) -> 1.9172286e+09 | O55: =$N55-$M55 -> 1.7351721e+09 | P55: =SUM($I55,$B55) -> 9.7621568e+08 | Q55: =SUM($C55:$G55) -> 9.410129e+08 | R55: =SUM($D55:$G55) -> 7.9135657e+08 | S55: 4.0083433e+08 | T55: 83848490 | U55: 46941347 | V55: =S55/P55 -> 0.41060018 | W55: =T55/Q55 -> 0.089104507 | X55: =U55/R55 -> 0.059317568 | Y55: =SUM(S55:T55) -> 4.8468282e+08 | Z55: =SUM(S55:T55)+MAX(0,$M$1*$AX55) -> 5.0212771e+08 | AA55: =Y55/N55 -> 0.25280388 | AB55: =Z55/O55 -> 0.28938207 | AE55: =N55-SUM(AC55:AD55) -> 1.9172286e+09 | AF55: =AE55-M55 -> 1.7351721e+09 | AJ55: =P55-AG55 -> 9.7621568e+08 | AK55: =Q55-AH55 -> 9.410129e+08 | AL55: =R55-AI55 -> 7.9135657e+08 | AM55: 4.0083433e+08 | AN55: 83848490 | AO55: 46941347 | AP55: =AM55/AJ55 -> 0.41060018 | AQ55: =AN55/AK55 -> 0.089104507 | AR55: =AO55/AL55 -> 0.059317568 | AS55: =SUM(AM55:AN55) -> 4.8468282e+08 | AT55: =SUM(AM55:AN55)+MAX(0,$M$1*$AX55) -> 5.0212771e+08 | AU55: =AS55/AE55 -> 0.25280388 | AV55: =AT55/AF55 -> 0.28938207 | AX55: =Summary!I81 -> 31717973
A56: Apr | B56: 5.6900624e+08 | C56: 1.5810686e+08 | D56: 1.097796e+08 | E56: 77897428 | F56: 1.4818133e+08 | G56: 4.6573856e+08 | H56: =SUM(B56:G56) -> 1.52871e+09 | I56: 6.8640002e+08 | J56: =SUM(H56:I56)-SUM(S56:T56) -> 1.6397339e+09 | L56: 4.522715e+08 | M56: =L56*$M$1 -> 2.4874933e+08 | N56: =SUM(H56:I56) -> 2.21511e+09 | O56: =$N56-$M56 -> 1.9663607e+09 | P56: =SUM($I56,$B56) -> 1.2554063e+09 | Q56: =SUM($C56:$G56) -> 9.5970377e+08 | R56: =SUM($D56:$G56) -> 8.0159692e+08 | S56: 4.5971214e+08 | T56: 1.1566397e+08 | U56: 53821124 | V56: =S56/P56 -> 0.36618596 | W56: =T56/Q56 -> 0.12052049 | X56: =U56/R56 -> 0.067142379 | Y56: =SUM(S56:T56) -> 5.7537611e+08 | Z56: =SUM(S56:T56)+MAX(0,$M$1*$AX56) -> 6.3681368e+08 | AA56: =Y56/N56 -> 0.25975058 | AB56: =Z56/O56 -> 0.32385395 | AE56: =N56-SUM(AC56:AD56) -> 2.21511e+09 | AF56: =AE56-M56 -> 1.9663607e+09 | AJ56: =P56-AG56 -> 1.2554063e+09 | AK56: =Q56-AH56 -> 9.5970377e+08 | AL56: =R56-AI56 -> 8.0159692e+08 | AM56: 4.5971214e+08 | AN56: 1.1566397e+08 | AO56: 53821124 | AP56: =AM56/AJ56 -> 0.36618596 | AQ56: =AN56/AK56 -> 0.12052049 | AR56: =AO56/AL56 -> 0.067142379 | AS56: =SUM(AM56:AN56) -> 5.7537611e+08 | AT56: =SUM(AM56:AN56)+MAX(0,$M$1*$AX56) -> 6.3681368e+08 | AU56: =AS56/AE56 -> 0.25975058 | AV56: =AT56/AF56 -> 0.32385395 | AX56: =Summary!I82 -> 1.1170467e+08
A57: May | B57: 3.5683887e+08 | C57: 3.8182848e+08 | D57: 1.1954831e+08 | E57: 1.0275937e+08 | F57: 99919200 | G57: 5.3505109e+08 | H57: 1.5959453e+09 | I57: 7.3442308e+08 | L57: 4.5178788e+08 | M57: =L57*$M$1 -> 2.4848334e+08 | N57: =SUM(H57:I57) -> 2.3303684e+09 | O57: =$N57-$M57 -> 2.0818851e+09 | P57: =SUM($I57,$B57) -> 1.091262e+09 | Q57: =SUM($C57:$G57) -> 1.2391065e+09 | R57: =SUM($D57:$G57) -> 8.5727798e+08 | S57: 81179763 | T57: 24864426 | U57: 14299684 | V57: =S57/P57 -> 0.074390721 | W57: =T57/Q57 -> 0.020066416 | X57: =U57/R57 -> 0.016680335 | Y57: =SUM(S57:T57) -> 1.0604419e+08 | Z57: =SUM(S57:T57)+MAX(0,$M$1*$AX57) -> 1.4837499e+08 | AA57: =Y57/N57 -> 0.045505332 | AB57: =Z57/O57 -> 0.071269537 | AE57: =N57-SUM(AC57:AD57) -> 2.3303684e+09 | AF57: =AE57-M57 -> 2.0818851e+09 | AJ57: =P57-AG57 -> 1.091262e+09 | AK57: =Q57-AH57 -> 1.2391065e+09 | AL57: =R57-AI57 -> 8.5727798e+08 | AM57: 81179763 | AN57: 24864426 | AO57: 14299684 | AP57: =AM57/AJ57 -> 0.074390721 | AQ57: =AN57/AK57 -> 0.020066416 | AR57: =AO57/AL57 -> 0.016680335 | AS57: =SUM(AM57:AN57) -> 1.0604419e+08 | AT57: =SUM(AM57:AN57)+MAX(0,$M$1*$AX57) -> 1.4837499e+08 | AU57: =AS57/AE57 -> 0.045505332 | AV57: =AT57/AF57 -> 0.071269537 | AX57: =Summary!I83 -> 76965084
A58: Jun
A59: Jul
A60: Aug
A61: Sep
A62: Oct
A63: Nov
A64: Dec
B66: Siniya | N66: Siniya | AE66: Siniya
A67: 2025 | B67: Collection OD
A68: Month | B68: 0-30 | C68: 31-60 | D68: 61-90 | E68: 91-120 | F68: 121-180 | G68: 180+ | H68: Total Collection OD | I68: Upcoming MS till EOM | J68: EOM OD | K68: EOM Unidentified(Estimation) | L68: BOM Unidentified | M68: estimate dues unidentified(BOM) | N68: Total duebook (BOM) | O68: Estimated duebook net of unidentified(BOM) | P68: Booksize less than 30 days | Q68: Booksize 30+ days | R68: Booksize 60+ days | S68: Dues collected from 30 days | T68: Dues collected from 30+ days | U68: Dues collected from 60+ days | V68: % Dues collected from 30 days book | W68: % Dues collected from 30+days book | X68: % Dues collected from 60+days book | Y68: Due receipts | Z68: Due receipts+Dues unidentified | AA68: dues collected / book size | AB68: estimated dues collected / booksize estimated | AC68: Total duebook (S) | AD68: Total duebook (Crest) | AE68: Total duebook (Net of BCC) | AF68: Estimated duebook net of bcc& net of unidentified(BOM) | AG68: Booksize less than 30 days(Crest+s) | AH68: Booksize 30+ days(Crest+S) | AI68: Booksize 60+ days(Crest+S) | AJ68: Net BCC Booksize less than 30 days | AK68: Net BCC Booksize 30+ days | AL68: Net BCC Booksize 60+ days | AM68: Dues collected from 30 days | AN68: Dues collected from 30+ days | AO68: Dues collected from 60+ days | AP68: % Dues collected from 30 days book | AQ68: % Dues collected from 30+days book | AR68: % Dues collected from 60+days book | AS68: Due receipts | AT68: Due receipts+Dues unidentified | AU68: dues collected / book size | AV68: estimated dues collected / booksize estimated | AX68: Current UIF
A69: Jan | B69: 16799969 | C69: 18994339 | D69: 9068473.1 | E69: 1491451.4 | F69: 2900738 | G69: 0 | H69: =SUM(B69:G69) -> 49254970 | I69: 35119151 | J69: =SUM(H69:I69)-SUM(S69:T69) -> 22635017 | K69: =H70-J69 -> 36605357 | L69: 0 | M69: =L69*$M$1 -> 0 | N69: =SUM(H69:I69) -> 84374121 | O69: =$N69-$M69 -> 84374121 | P69: =SUM($I69,$B69) -> 51919120 | Q69: =SUM($C69:$G69) -> 32455001 | R69: =SUM($D69:$G69) -> 13460663 | S69: 42325315 | T69: 19413789 | U69: 4116444.4 | V69: =S69/P69 -> 0.81521634 | W69: =T69/Q69 -> 0.59817558 | X69: =U69/R69 -> 0.30581291 | Y69: =SUM(S69:T69) -> 61739104 | Z69: =SUM(S69:T69)+MAX(0,$M$1*$AX69) -> 61739104 | AA69: =Y69/N69 -> 0.73173034 | AB69: =Z69/O69 -> 0.73173034 | AE69: =N69-SUM(AC69:AD69) -> 84374121 | AF69: =AE69-M69 -> 84374121 | AJ69: =P69-AG69 -> 51919120 | AK69: =Q69-AH69 -> 32455001 | AL69: =R69-AI69 -> 13460663 | AM69: 42325315 | AN69: 19413789 | AO69: 4116444.4 | AP69: =AM69/AJ69 -> 0.81521634 | AQ69: =AN69/AK69 -> 0.59817558 | AR69: =AO69/AL69 -> 0.30581291 | AS69: =SUM(AM69:AN69) -> 61739104 | AT69: =SUM(AM69:AN69)+MAX(0,$M$1*$AX69) -> 61739104 | AU69: =AS69/AE69 -> 0.73173034 | AV69: =AT69/AF69 -> 0.73173034 | AX69: =Summary!I108 -> 0
A70: Feb | B70: 20646653 | C70: 18730713 | D70: 9233891.4 | E70: 6991758.3 | F70: 1899750.3 | G70: 1737607 | H70: =SUM(B70:G70) -> 59240374 | I70: 68049348 | J70: =SUM(H70:I70)-SUM(S70:T70) -> 60801747 | K70: =H71-J70 -> 9563070.6 | L70: 0 | M70: =L70*$M$1 -> 0 | N70: =SUM(H70:I70) -> 1.2728972e+08 | O70: =$N70-$M70 -> 1.2728972e+08 | P70: =SUM($I70,$B70) -> 88696002 | Q70: =SUM($C70:$G70) -> 38593720 | R70: =SUM($D70:$G70) -> 19863007 | S70: 52904273 | T70: 13583702 | U70: 8158931.6 | V70: =S70/P70 -> 0.5964674 | W70: =T70/Q70 -> 0.35196663 | X70: =U70/R70 -> 0.41076014 | Y70: =SUM(S70:T70) -> 66487975 | Z70: =SUM(S70:T70)+MAX(0,$M$1*$AX70) -> 66487975 | AA70: =Y70/N70 -> 0.52233577 | AB70: =Z70/O70 -> 0.52233577 | AE70: =N70-SUM(AC70:AD70) -> 1.2728972e+08 | AF70: =AE70-M70 -> 1.2728972e+08 | AJ70: =P70-AG70 -> 88696002 | AK70: =Q70-AH70 -> 38593720 | AL70: =R70-AI70 -> 19863007 | AM70: 52904273 | AN70: 13583702 | AO70: 8158931.6 | AP70: =AM70/AJ70 -> 0.5964674 | AQ70: =AN70/AK70 -> 0.35196663 | AR70: =AO70/AL70 -> 0.41076014 | AS70: =SUM(AM70:AN70) -> 66487975 | AT70: =SUM(AM70:AN70)+MAX(0,$M$1*$AX70) -> 66487975 | AU70: =AS70/AE70 -> 0.52233577 | AV70: =AT70/AF70 -> 0.52233577 | AX70: =Summary!I109 -> 0
A71: Mar | B71: 39954283 | C71: 10104358 | D71: 7785991.7 | E71: 5241544.8 | F71: 6572284.4 | G71: 706354.81 | H71: =SUM(B71:G71) -> 70364818 | I71: 73497701 | J71: =SUM(H71:I71)-SUM(S71:T71) -> 73076570 | K71: =H72-J71 -> 17722062 | L71: 21599724 | M71: =L71*$M$1 -> 11879848 | N71: =SUM(H71:I71) -> 1.4386252e+08 | O71: =$N71-$M71 -> 1.3198267e+08 | P71: =SUM($I71,$B71) -> 1.1345198e+08 | Q71: =SUM($C71:$G71) -> 30410534 | R71: =SUM($D71:$G71) -> 20306176 | S71: 56822682 | T71: 13963267 | U71: 4351162.9 | V71: =S71/P71 -> 0.50085225 | W71: =T71/Q71 -> 0.45915889 | X71: =U71/R71 -> 0.21427781 | Y71: =SUM(S71:T71) -> 70785949 | Z71: =SUM(S71:T71)+MAX(0,$M$1*$AX71) -> 71198966 | AA71: =Y71/N71 -> 0.49203885 | AB71: =Z71/O71 -> 0.53945693 | AE71: =N71-SUM(AC71:AD71) -> 1.4386252e+08 | AF71: =AE71-M71 -> 1.3198267e+08 | AJ71: =P71-AG71 -> 1.1345198e+08 | AK71: =Q71-AH71 -> 30410534 | AL71: =R71-AI71 -> 20306176 | AM71: 56822682 | AN71: 13963267 | AO71: 4351162.9 | AP71: =AM71/AJ71 -> 0.50085225 | AQ71: =AN71/AK71 -> 0.45915889 | AR71: =AO71/AL71 -> 0.21427781 | AS71: =SUM(AM71:AN71) -> 70785949 | AT71: =SUM(AM71:AN71)+MAX(0,$M$1*$AX71) -> 71198966 | AU71: =AS71/AE71 -> 0.49203885 | AV71: =AT71/AF71 -> 0.53945693 | AX71: =Summary!I110 -> 750940.44
A72: Apr | B72: 43960009 | C72: 28938333 | D72: 3536833.5 | E72: 5191528.3 | F72: 8117069.3 | G72: 1054858.7 | H72: =SUM(B72:G72) -> 90798632 | I72: 92787178 | J72: =SUM(H72:I72)-SUM(S72:T72) -> 91828489 | K72: =H73-J72 -> 430210.98 | L72: 30463672 | M72: =L72*$M$1 -> 16755020 | N72: =SUM(H72:I72) -> 1.8358581e+08 | O72: =$N72-$M72 -> 1.6683079e+08 | P72: =SUM($I72,$B72) -> 1.3674719e+08 | Q72: =SUM($C72:$G72) -> 46838623 | R72: =SUM($D72:$G72) -> 17900290 | S72: 76333329 | T72: 15423992 | U72: 3756124.5 | V72: =S72/P72 -> 0.55820767 | W72: =T72/Q72 -> 0.32930072 | X72: =U72/R72 -> 0.20983596 | Y72: =SUM(S72:T72) -> 91757321 | Z72: =SUM(S72:T72)+MAX(0,$M$1*$AX72) -> 91765783 | AA72: =Y72/N72 -> 0.49980617 | AB72: =Z72/O72 -> 0.55005304 | AE72: =N72-SUM(AC72:AD72) -> 1.8358581e+08 | AF72: =AE72-M72 -> 1.6683079e+08 | AJ72: =P72-AG72 -> 1.3674719e+08 | AK72: =Q72-AH72 -> 46838623 | AL72: =R72-AI72 -> 17900290 | AM72: 76333329 | AN72: 15423992 | AO72: 3756124.5 | AP72: =AM72/AJ72 -> 0.55820767 | AQ72: =AN72/AK72 -> 0.32930072 | AR72: =AO72/AL72 -> 0.20983596 | AS72: =SUM(AM72:AN72) -> 91757321 | AT72: =SUM(AM72:AN72)+MAX(0,$M$1*$AX72) -> 91765783 | AU72: =AS72/AE72 -> 0.49980617 | AV72: =AT72/AF72 -> 0.55005304 | AX72: =Summary!I111 -> 15385.86
A73: May | B73: 36571518 | C73: 24247187 | D73: 13915270 | E73: 4806481.7 | F73: 7892163.2 | G73: 4826079.6 | H73: =SUM(B73:G73) -> 92258700 | I73: 76789913 | J73: =SUM(H73:I73)-SUM(S73:T73) -> 76897180 | K73: =H74-J73 -> 5690400.7 | L73: 0 | M73: =L73*$M$1 -> 0 | N73: =SUM(H73:I73) -> 1.6904861e+08 | O73: =$N73-$M73 -> 1.6904861e+08 | P73: =SUM($I73,$B73) -> 1.1336143e+08 | Q73: =SUM($C73:$G73) -> 55687182 | R73: =SUM($D73:$G73) -> 31439995 | S73: 76410122 | T73: 15741311 | U73: 7031975.2 | V73: =S73/P73 -> 0.67403985 | W73: =T73/Q73 -> 0.28267386 | X73: =U73/R73 -> 0.22366337 | Y73: =SUM(S73:T73) -> 92151432 | Z73: =SUM(S73:T73)+MAX(0,$M$1*$AX73) -> 92151432 | AA73: =Y73/N73 -> 0.54511795 | AB73: =Z73/O73 -> 0.54511795 | AE73: =N73-SUM(AC73:AD73) -> 1.6904861e+08 | AF73: =AE73-M73 -> 1.6904861e+08 | AJ73: =P73-AG73 -> 1.1336143e+08 | AK73: =Q73-AH73 -> 55687182 | AL73: =R73-AI73 -> 31439995 | AM73: 76410122 | AN73: 15741311 | AO73: 7031975.2 | AP73: =AM73/AJ73 -> 0.67403985 | AQ73: =AN73/AK73 -> 0.28267386 | AR73: =AO73/AL73 -> 0.22366337 | AS73: =SUM(AM73:AN73) -> 92151432 | AT73: =SUM(AM73:AN73)+MAX(0,$M$1*$AX73) -> 92151432 | AU73: =AS73/AE73 -> 0.54511795 | AV73: =AT73/AF73 -> 0.54511795 | AX73: =Summary!I112 -> 0
A74: Jun | B74: 30888249 | C74: 16767876 | D74: 10846323 | E74: 12096085 | F74: 4629292.6 | G74: 7359755.9 | H74: =SUM(B74:G74) -> 82587581 | I74: 84066836 | J74: =SUM(H74:I74)-SUM(S74:T74) -> 86128937 | K74: =H75-J74 -> -1525018.5 | L74: 33126787 | M74: =L74*$M$1 -> 18219733 | N74: =SUM(H74:I74) -> 1.6665442e+08 | O74: =$N74-$M74 -> 1.4843468e+08 | P74: =SUM($I74,$B74) -> 1.1495508e+08 | Q74: =SUM($C74:$G74) -> 51699332 | R74: =SUM($D74:$G74) -> 34931456 | S74: 69436246 | T74: 11089235 | U74: 5507132.5 | V74: =S74/P74 -> 0.60402936 | W74: =T74/Q74 -> 0.21449474 | X74: =U74/R74 -> 0.15765539 | Y74: =SUM(S74:T74) -> 80525481 | Z74: =SUM(S74:T74)+MAX(0,$M$1*$AX74) -> 80525481 | AA74: =Y74/N74 -> 0.4831884 | AB74: =Z74/O74 -> 0.54249774 | AE74: =N74-SUM(AC74:AD74) -> 1.6665442e+08 | AF74: =AE74-M74 -> 1.4843468e+08 | AJ74: =P74-AG74 -> 1.1495508e+08 | AK74: =Q74-AH74 -> 51699332 | AL74: =R74-AI74 -> 34931456 | AM74: 69436246 | AN74: 11089235 | AO74: 5507132.5 | AP74: =AM74/AJ74 -> 0.60402936 | AQ74: =AN74/AK74 -> 0.21449474 | AR74: =AO74/AL74 -> 0.15765539 | AS74: =SUM(AM74:AN74) -> 80525481 | AT74: =SUM(AM74:AN74)+MAX(0,$M$1*$AX74) -> 80525481 | AU74: =AS74/AE74 -> 0.4831884 | AV74: =AT74/AF74 -> 0.54249774 | AX74: =Summary!I113 -> 0
A75: Jul | B75: 24759928 | C75: 20511979 | D75: 10244813 | E75: 7890339.1 | F75: 11002448 | G75: 10194412 | H75: =SUM(B75:G75) -> 84603918 | I75: 1.0196167e+08 | J75: =SUM(H75:I75)-SUM(S75:T75) -> 65199323 | K75: =H76-J75 -> 49010647 | L75: 29825938 | M75: =L75*$M$1 -> 16404266 | N75: =SUM(H75:I75) -> 1.8656559e+08 | O75: =$N75-$M75 -> 1.7016133e+08 | P75: =SUM($I75,$B75) -> 1.267216e+08 | Q75: =SUM($C75:$G75) -> 59843991 | R75: =SUM($D75:$G75) -> 39332012 | S75: 1.0773933e+08 | T75: 13626939 | U75: 5777989.7 | V75: =S75/P75 -> 0.85020493 | W75: =T75/Q75 -> 0.22770772 | X75: =U75/R75 -> 0.14690298 | Y75: =SUM(S75:T75) -> 1.2136627e+08 | Z75: =SUM(S75:T75)+MAX(0,$M$1*$AX75) -> 1.2140628e+08 | AA75: =Y75/N75 -> 0.65052868 | AB75: =Z75/O75 -> 0.71347752 | AE75: =N75-SUM(AC75:AD75) -> 1.8656559e+08 | AF75: =AE75-M75 -> 1.7016133e+08 | AJ75: =P75-AG75 -> 1.267216e+08 | AK75: =Q75-AH75 -> 59843991 | AL75: =R75-AI75 -> 39332012 | AM75: 1.0773933e+08 | AN75: 13626939 | AO75: 5777989.7 | AP75: =AM75/AJ75 -> 0.85020493 | AQ75: =AN75/AK75 -> 0.22770772 | AR75: =AO75/AL75 -> 0.14690298 | AS75: =SUM(AM75:AN75) -> 1.2136627e+08 | AT75: =SUM(AM75:AN75)+MAX(0,$M$1*$AX75) -> 1.2140628e+08 | AU75: =AS75/AE75 -> 0.65052868 | AV75: =AT75/AF75 -> 0.71347752 | AX75: =Summary!I114 -> 72749.93
A76: Aug | B76: 52631899 | C76: 14088606 | D76: 13871294 | E76: 8262902.6 | F76: 13948683 | G76: 11406586 | H76: =SUM(B76:G76) -> 1.1420997e+08 | I76: 1.3659549e+08 | J76: =SUM(H76:I76)-SUM(S76:T76) -> 1.2618337e+08 | K76: =H77-J76 -> 3677103.6 | L76: 19559546 | M76: =L76*$M$1 -> 10757750 | N76: =SUM(H76:I76) -> 2.5080546e+08 | O76: =$N76-$M76 -> 2.4004771e+08 | P76: =SUM($I76,$B76) -> 1.8922739e+08 | Q76: =SUM($C76:$G76) -> 61578072 | R76: =SUM($D76:$G76) -> 47489466 | S76: 1.1226588e+08 | T76: 12356214 | U76: 6071170.1 | V76: =S76/P76 -> 0.59328554 | W76: =T76/Q76 -> 0.20065932 | X76: =U76/R76 -> 0.12784246 | Y76: =SUM(S76:T76) -> 1.2462209e+08 | Z76: =SUM(S76:T76)+MAX(0,$M$1*$AX76) -> 1.2499189e+08 | AA76: =Y76/N76 -> 0.49688746 | AB76: =Z76/O76 -> 0.52069603 | AE76: =N76-SUM(AC76:AD76) -> 2.5080546e+08 | AF76: =AE76-M76 -> 2.4004771e+08 | AJ76: =P76-AG76 -> 1.8922739e+08 | AK76: =Q76-AH76 -> 61578072 | AL76: =R76-AI76 -> 47489466 | AM76: 1.1226588e+08 | AN76: 12356214 | AO76: 6071170.1 | AP76: =AM76/AJ76 -> 0.59328554 | AQ76: =AN76/AK76 -> 0.20065932 | AR76: =AO76/AL76 -> 0.12784246 | AS76: =SUM(AM76:AN76) -> 1.2462209e+08 | AT76: =SUM(AM76:AN76)+MAX(0,$M$1*$AX76) -> 1.2499189e+08 | AU76: =AS76/AE76 -> 0.49688746 | AV76: =AT76/AF76 -> 0.52069603 | AX76: =Summary!I115 -> 672364.77
A77: Sep | B77: 63602277 | C77: 17250161 | D77: 10360999 | E77: 8917007 | F77: 12844663 | G77: 16885370 | H77: =SUM(B77:G77) -> 1.2986048e+08 | I77: 1.1965941e+08 | J77: =SUM(H77:I77)-SUM(S77:T77) -> 1.1770633e+08 | K77: =H78-J77 -> 12201489 | L77: 18954576 | M77: =L77*$M$1 -> 10425017 | N77: =SUM(H77:I77) -> 2.4951989e+08 | O77: =$N77-$M77 -> 2.3909487e+08 | P77: =SUM($I77,$B77) -> 1.8326169e+08 | Q77: =SUM($C77:$G77) -> 66258200 | R77: =SUM($D77:$G77) -> 49008039 | S77: 1.1437351e+08 | T77: 17440039 | U77: 8200695.3 | V77: =S77/P77 -> 0.62409944 | W77: =T77/Q77 -> 0.2632133 | X77: =U77/R77 -> 0.16733367 | Y77: =SUM(S77:T77) -> 1.3181355e+08 | Z77: =SUM(S77:T77)+MAX(0,$M$1*$AX77) -> 1.3184338e+08 | AA77: =Y77/N77 -> 0.52826873 | AB77: =Z77/O77 -> 0.55142707 | AE77: =N77-SUM(AC77:AD77) -> 2.4951989e+08 | AF77: =AE77-M77 -> 2.3909487e+08 | AJ77: =P77-AG77 -> 1.8326169e+08 | AK77: =Q77-AH77 -> 66258200 | AL77: =R77-AI77 -> 49008039 | AM77: 1.1437351e+08 | AN77: 17440039 | AO77: 8200695.3 | AP77: =AM77/AJ77 -> 0.62409944 | AQ77: =AN77/AK77 -> 0.2632133 | AR77: =AO77/AL77 -> 0.16733367 | AS77: =SUM(AM77:AN77) -> 1.3181355e+08 | AT77: =SUM(AM77:AN77)+MAX(0,$M$1*$AX77) -> 1.3184338e+08 | AU77: =AS77/AE77 -> 0.52826873 | AV77: =AT77/AF77 -> 0.55142707 | AX77: =Summary!I116 -> 54234.14
A78: Oct | B78: 41124244 | C78: 31536692 | D78: 14759141 | E78: 7630181.8 | F78: 14620048 | G78: 20237514 | H78: =SUM(B78:G78) -> 1.2990782e+08 | I78: 1.3832021e+08 | J78: =SUM(H78:I78)-SUM(S78:T78) -> 1.2628727e+08 | K78: =H79-J78 -> 10703360 | L78: 24192096 | M78: =L78*$M$1 -> 13305653 | N78: =SUM(H78:I78) -> 2.6822803e+08 | O78: =$N78-$M78 -> 2.5492238e+08 | P78: =SUM($I78,$B78) -> 1.7944446e+08 | Q78: =SUM($C78:$G78) -> 88783577 | R78: =SUM($D78:$G78) -> 57246885 | S78: 1.2197805e+08 | T78: 19962715 | U78: 8728650.5 | V78: =S78/P78 -> 0.67975377 | W78: =T78/Q78 -> 0.22484694 | X78: =U78/R78 -> 0.15247381 | Y78: =SUM(S78:T78) -> 1.4194076e+08 | Z78: =SUM(S78:T78)+MAX(0,$M$1*$AX78) -> 1.4294212e+08 | AA78: =Y78/N78 -> 0.52917944 | AB78: =Z78/O78 -> 0.56072803 | AE78: =N78-SUM(AC78:AD78) -> 2.6822803e+08 | AF78: =AE78-M78 -> 2.5492238e+08 | AJ78: =P78-AG78 -> 1.7944446e+08 | AK78: =Q78-AH78 -> 88783577 | AL78: =R78-AI78 -> 57246885 | AM78: 1.2197805e+08 | AN78: 19962715 | AO78: 8728650.5 | AP78: =AM78/AJ78 -> 0.67975377 | AQ78: =AN78/AK78 -> 0.22484694 | AR78: =AO78/AL78 -> 0.15247381 | AS78: =SUM(AM78:AN78) -> 1.4194076e+08 | AT78: =SUM(AM78:AN78)+MAX(0,$M$1*$AX78) -> 1.4294212e+08 | AU78: =AS78/AE78 -> 0.52917944 | AV78: =AT78/AF78 -> 0.56072803 | AX78: =Summary!I117 -> 1820660.9
A79: Nov | B79: 45305640 | C79: 21961006 | D79: 20155939 | E79: 14070433 | F79: 12734628 | G79: 22762987 | H79: =SUM(B79:G79) -> 1.3699063e+08 | I79: 1.2019992e+08 | J79: =SUM(H79:I79)-SUM(S79:T79) -> 1.4727968e+08 | K79: =H80-J79 -> -14451538 | L79: 30763839 | M79: =L79*$M$1 -> 16920112 | N79: =SUM(H79:I79) -> 2.5719055e+08 | O79: =$N79-$M79 -> 2.4027044e+08 | P79: =SUM($I79,$B79) -> 1.6550556e+08 | Q79: =SUM($C79:$G79) -> 91684993 | R79: =SUM($D79:$G79) -> 69723987 | S79: 88811729 | T79: 21099141 | U79: 11840826 | V79: =S79/P79 -> 0.53660874 | W79: =T79/Q79 -> 0.23012644 | X79: =U79/R79 -> 0.16982429 | Y79: =SUM(S79:T79) -> 1.0991087e+08 | Z79: =SUM(S79:T79)+MAX(0,$M$1*$AX79) -> 1.1103149e+08 | AA79: =Y79/N79 -> 0.42735189 | AB79: =Z79/O79 -> 0.46211049 | AE79: =N79-SUM(AC79:AD79) -> 2.5719055e+08 | AF79: =AE79-M79 -> 2.4027044e+08 | AJ79: =P79-AG79 -> 1.6550556e+08 | AK79: =Q79-AH79 -> 91684993 | AL79: =R79-AI79 -> 69723987 | AM79: 88811729 | AN79: 21099141 | AO79: 11840826 | AP79: =AM79/AJ79 -> 0.53660874 | AQ79: =AN79/AK79 -> 0.23012644 | AR79: =AO79/AL79 -> 0.16982429 | AS79: =SUM(AM79:AN79) -> 1.0991087e+08 | AT79: =SUM(AM79:AN79)+MAX(0,$M$1*$AX79) -> 1.1103149e+08 | AU79: =AS79/AE79 -> 0.42735189 | AV79: =AT79/AF79 -> 0.46211049 | AX79: =Summary!I118 -> 2037494.7
A80: Dec | B80: 48899760 | C80: 25601508 | D80: 13239625 | E80: 15198511 | F80: 15070627 | G80: 14818114 | H80: =SUM(B80:G80) -> 1.3282815e+08 | I80: 1.037113e+08 | J80: =SUM(H80:I80)-SUM(S80:T80) -> 1.3211895e+08 | L80: 35861332 | M80: =L80*$M$1 -> 19723733 | N80: =SUM(H80:I80) -> 2.3653944e+08 | O80: =$N80-$M80 -> 2.1681571e+08 | P80: =SUM($I80,$B80) -> 1.5261106e+08 | Q80: =SUM($C80:$G80) -> 83928385 | R80: =SUM($D80:$G80) -> 58326877 | S80: 89534935 | T80: 14885564 | U80: 9636414.8 | V80: =S80/P80 -> 0.58668707 | W80: =T80/Q80 -> 0.17736031 | X80: =U80/R80 -> 0.16521397 | Y80: =SUM(S80:T80) -> 1.044205e+08 | Z80: =SUM(S80:T80)+MAX(0,$M$1*$AX80) -> 1.0517595e+08 | AA80: =Y80/N80 -> 0.44145068 | AB80: =Z80/O80 -> 0.48509378 | AE80: =N80-SUM(AC80:AD80) -> 2.3653944e+08 | AF80: =AE80-M80 -> 2.1681571e+08 | AJ80: =P80-AG80 -> 1.5261106e+08 | AK80: =Q80-AH80 -> 83928385 | AL80: =R80-AI80 -> 58326877 | AM80: 89534935 | AN80: 14885564 | AO80: 9636414.8 | AP80: =AM80/AJ80 -> 0.58668707 | AQ80: =AN80/AK80 -> 0.17736031 | AR80: =AO80/AL80 -> 0.16521397 | AS80: =SUM(AM80:AN80) -> 1.044205e+08 | AT80: =SUM(AM80:AN80)+MAX(0,$M$1*$AX80) -> 1.0517595e+08 | AU80: =AS80/AE80 -> 0.44145068 | AV80: =AT80/AF80 -> 0.48509378 | AX80: =Summary!I119 -> 1373553.8
B82: Siniya | N82: Siniya | AE82: Siniya
A83: 2026 | B83: Collection OD
A84: Month | B84: 0-30 | C84: 31-60 | D84: 61-90 | E84: 91-120 | F84: 121-180 | G84: 180+ | H84: Total Collection OD | I84: Upcoming MS till EOM | J84: EOM OD | K84: EOM Unidentified(Estimation) | L84: BOM Unidentified | M84: estimate dues unidentified(BOM) | N84: Total duebook (BOM) | O84: Estimated duebook net of unidentified(BOM) | P84: Booksize less than 30 days | Q84: Booksize 30+ days | R84: Booksize 60+ days | S84: Dues collected from 30 days | T84: Dues collected from 30+ days | U84: Dues collected from 60+ days | V84: % Dues collected from 30 days book | W84: % Dues collected from 30+days book | X84: % Dues collected from 60+days book | Y84: Due receipts | Z84: Due receipts+Dues unidentified | AA84: dues collected / book size | AB84: estimated dues collected / booksize estimated | AC84: Total duebook (S) | AD84: Total duebook (Crest) | AE84: Total duebook (Net of BCC) | AF84: Estimated duebook net of bcc& net of unidentified(BOM) | AG84: Booksize less than 30 days(Crest+s) | AH84: Booksize 30+ days(Crest+S) | AI84: Booksize 60+ days(Crest+S) | AJ84: Net BCC Booksize less than 30 days | AK84: Net BCC Booksize 30+ days | AL84: Net BCC Booksize 60+ days | AM84: Dues collected from 30 days | AN84: Dues collected from 30+ days | AO84: Dues collected from 60+ days | AP84: % Dues collected from 30 days book | AQ84: % Dues collected from 30+days book | AR84: % Dues collected from 60+days book | AS84: Due receipts | AT84: Due receipts+Dues unidentified | AU84: dues collected / book size | AV84: estimated dues collected / booksize estimated | AX84: Current UIF
A85: Jan | B85: 37999151 | C85: 24598583 | D85: 16459429 | E85: 11240909 | F85: 21363370 | G85: 16222121 | H85: =SUM(B85:G85) -> 1.2788356e+08 | I85: 1.2975864e+08 | J85: =SUM(H85:I85)-SUM(S85:T85) -> 1.2739558e+08 | K85: =H86-J85 -> 22482973 | L85: 34113848 | M85: =L85*$M$1 -> 18762616 | N85: =SUM(H85:I85) -> 2.576422e+08 | O85: =$N85-$M85 -> 2.3887958e+08 | P85: =SUM($I85,$B85) -> 1.6775779e+08 | Q85: =SUM($C85:$G85) -> 89884411 | R85: =SUM($D85:$G85) -> 65285828 | S85: 1.1376949e+08 | T85: 16477129 | U85: 9069277.6 | V85: =S85/P85 -> 0.67817711 | W85: =T85/Q85 -> 0.18331465 | X85: =U85/R85 -> 0.13891648 | Y85: =SUM(S85:T85) -> 1.3024662e+08 | Z85: =SUM(S85:T85)+MAX(0,$M$1*$AX85) -> 1.3024662e+08 | AA85: =Y85/N85 -> 0.50553295 | AB85: =Z85/O85 -> 0.54523965 | AE85: =N85-SUM(AC85:AD85) -> 2.576422e+08 | AF85: =AE85-M85 -> 2.3887958e+08 | AJ85: =P85-AG85 -> 1.6775779e+08 | AK85: =Q85-AH85 -> 89884411 | AL85: =R85-AI85 -> 65285828 | AM85: 1.1376949e+08 | AN85: 16477129 | AO85: 9069277.6 | AP85: =AM85/AJ85 -> 0.67817711 | AQ85: =AN85/AK85 -> 0.18331465 | AR85: =AO85/AL85 -> 0.13891648 | AS85: =SUM(AM85:AN85) -> 1.3024662e+08 | AT85: =SUM(AM85:AN85)+MAX(0,$M$1*$AX85) -> 1.3024662e+08 | AU85: =AS85/AE85 -> 0.50553295 | AV85: =AT85/AF85 -> 0.54523965 | AX85: =Summary!I121 -> 0
A86: Feb | B86: 58122725 | C86: 19593036 | D86: 20236451 | E86: 12412199 | F86: 21131977 | G86: 18382163 | H86: =SUM(B86:G86) -> 1.4987855e+08 | I86: 1.3048748e+08 | J86: =SUM(H86:I86)-SUM(S86:T86) -> 1.5454906e+08 | K86: =H87-J86 -> -16596156 | L86: 41315236 | M86: =L86*$M$1 -> 22723380 | N86: =SUM(H86:I86) -> 2.8036604e+08 | O86: =$N86-$M86 -> 2.5764266e+08 | P86: =SUM($I86,$B86) -> 1.8861021e+08 | Q86: =SUM($C86:$G86) -> 91755827 | R86: =SUM($D86:$G86) -> 72162791 | S86: 1.1227732e+08 | T86: 13539657 | U86: 7326982.2 | V86: =S86/P86 -> 0.59528761 | W86: =T86/Q86 -> 0.14756182 | X86: =U86/R86 -> 0.10153408 | Y86: =SUM(S86:T86) -> 1.2581698e+08 | Z86: =SUM(S86:T86)+MAX(0,$M$1*$AX86) -> 1.2626597e+08 | AA86: =Y86/N86 -> 0.4487597 | AB86: =Z86/O86 -> 0.49008177 | AE86: =N86-SUM(AC86:AD86) -> 2.8036604e+08 | AF86: =AE86-M86 -> 2.5764266e+08 | AJ86: =P86-AG86 -> 1.8861021e+08 | AK86: =Q86-AH86 -> 91755827 | AL86: =R86-AI86 -> 72162791 | AM86: 1.1227732e+08 | AN86: 13539657 | AO86: 7326982.2 | AP86: =AM86/AJ86 -> 0.59528761 | AQ86: =AN86/AK86 -> 0.14756182 | AR86: =AO86/AL86 -> 0.10153408 | AS86: =SUM(AM86:AN86) -> 1.2581698e+08 | AT86: =SUM(AM86:AN86)+MAX(0,$M$1*$AX86) -> 1.2626597e+08 | AU86: =AS86/AE86 -> 0.4487597 | AV86: =AT86/AF86 -> 0.49008177 | AX86: =Summary!I122 -> 816346.84
A87: Mar | B87: 55462511 | C87: 21042020 | D87: 19168818 | E87: 11024067 | F87: 15562186 | G87: 15693301 | H87: =SUM(B87:G87) -> 1.379529e+08 | I87: 1.4609177e+08 | J87: =SUM(H87:I87)-SUM(S87:T87) -> 1.8033947e+08 | K87: =H88-J87 -> 3090882.6 | L87: 27880730 | M87: =L87*$M$1 -> 15334402 | N87: =SUM(H87:I87) -> 2.8404468e+08 | O87: =$N87-$M87 -> 2.6871027e+08 | P87: =SUM($I87,$B87) -> 2.0155428e+08 | Q87: =SUM($C87:$G87) -> 82490392 | R87: =SUM($D87:$G87) -> 61448372 | S87: 93176214 | T87: 10528994 | U87: 4323032.6 | V87: =S87/P87 -> 0.46228843 | W87: =T87/Q87 -> 0.12763904 | X87: =U87/R87 -> 0.070352272 | Y87: =SUM(S87:T87) -> 1.0370521e+08 | Z87: =SUM(S87:T87)+MAX(0,$M$1*$AX87) -> 1.0453361e+08 | AA87: =Y87/N87 -> 0.36510175 | AB87: =Z87/O87 -> 0.38901977 | AE87: =N87-SUM(AC87:AD87) -> 2.8404468e+08 | AF87: =AE87-M87 -> 2.6871027e+08 | AJ87: =P87-AG87 -> 2.0155428e+08 | AK87: =Q87-AH87 -> 82490392 | AL87: =R87-AI87 -> 61448372 | AM87: 93176214 | AN87: 10528994 | AO87: 4323032.6 | AP87: =AM87/AJ87 -> 0.46228843 | AQ87: =AN87/AK87 -> 0.12763904 | AR87: =AO87/AL87 -> 0.070352272 | AS87: =SUM(AM87:AN87) -> 1.0370521e+08 | AT87: =SUM(AM87:AN87)+MAX(0,$M$1*$AX87) -> 1.0453361e+08 | AU87: =AS87/AE87 -> 0.36510175 | AV87: =AT87/AF87 -> 0.38901977 | AX87: =Summary!I123 -> 1506184.9
A88: Apr | B88: 72066768 | C88: 38357646 | D88: 15186908 | E88: 17156579 | F88: 19003641 | G88: 21658810 | H88: =SUM(B88:G88) -> 1.8343035e+08 | I88: 1.4575227e+08 | J88: =SUM(H88:I88)-SUM(S88:T88) -> 2.1939393e+08 | L88: 18400571 | M88: =L88*$M$1 -> 10120314 | N88: =SUM(H88:I88) -> 3.2918262e+08 | O88: =$N88-$M88 -> 3.1906231e+08 | P88: =SUM($I88,$B88) -> 2.1781904e+08 | Q88: =SUM($C88:$G88) -> 1.1136358e+08 | R88: =SUM($D88:$G88) -> 73005937 | S88: 95202184 | T88: 14586505 | U88: 6356087.2 | V88: =S88/P88 -> 0.43707008 | W88: =T88/Q88 -> 0.13098092 | X88: =U88/R88 -> 0.087062607 | Y88: =SUM(S88:T88) -> 1.0978869e+08 | Z88: =SUM(S88:T88)+MAX(0,$M$1*$AX88) -> 1.1540299e+08 | AA88: =Y88/N88 -> 0.33351909 | AB88: =Z88/O88 -> 0.3616942 | AE88: =N88-SUM(AC88:AD88) -> 3.2918262e+08 | AF88: =AE88-M88 -> 3.1906231e+08 | AJ88: =P88-AG88 -> 2.1781904e+08 | AK88: =Q88-AH88 -> 1.1136358e+08 | AL88: =R88-AI88 -> 73005937 | AM88: 95202184 | AN88: 14586505 | AO88: 6356087.2 | AP88: =AM88/AJ88 -> 0.43707008 | AQ88: =AN88/AK88 -> 0.13098092 | AR88: =AO88/AL88 -> 0.087062607 | AS88: =SUM(AM88:AN88) -> 1.0978869e+08 | AT88: =SUM(AM88:AN88)+MAX(0,$M$1*$AX88) -> 1.1540299e+08 | AU88: =AS88/AE88 -> 0.33351909 | AV88: =AT88/AF88 -> 0.3616942 | AX88: =Summary!I124 -> 10207815
A89: May | B89: 61588360 | C89: 43005252 | D89: 32501959 | E89: 16761498 | F89: 23864509 | G89: 29765139 | H89: 2.0748672e+08 | I89: 1.3381881e+08 | L89: 30940248 | M89: =L89*$M$1 -> 17017136 | N89: =SUM(H89:I89) -> 3.4130552e+08 | O89: =$N89-$M89 -> 3.2428839e+08 | P89: =SUM($I89,$B89) -> 1.9540717e+08 | Q89: =SUM($C89:$G89) -> 1.4589836e+08 | R89: =SUM($D89:$G89) -> 1.028931e+08 | S89: 15527314 | T89: 1579091.2 | U89: 946037.79 | V89: =S89/P89 -> 0.079461335 | W89: =T89/Q89 -> 0.010823228 | X89: =U89/R89 -> 0.009194375 | Y89: =SUM(S89:T89) -> 17106406 | Z89: =SUM(S89:T89)+MAX(0,$M$1*$AX89) -> 22347422 | AA89: =Y89/N89 -> 0.050120506 | AB89: =Z89/O89 -> 0.068912186 | AE89: =N89-SUM(AC89:AD89) -> 3.4130552e+08 | AF89: =AE89-M89 -> 3.2428839e+08 | AJ89: =P89-AG89 -> 1.9540717e+08 | AK89: =Q89-AH89 -> 1.4589836e+08 | AL89: =R89-AI89 -> 1.028931e+08 | AM89: 15527314 | AN89: 1579091.2 | AO89: 946037.79 | AP89: =AM89/AJ89 -> 0.079461335 | AQ89: =AN89/AK89 -> 0.010823228 | AR89: =AO89/AL89 -> 0.009194375 | AS89: =SUM(AM89:AN89) -> 17106406 | AT89: =SUM(AM89:AN89)+MAX(0,$M$1*$AX89) -> 22347422 | AU89: =AS89/AE89 -> 0.050120506 | AV89: =AT89/AF89 -> 0.068912186 | AX89: =Summary!I125 -> 9529119.9
A90: Jun
A91: Jul
A92: Aug
A93: Sep
A94: Oct
A95: Nov
A96: Dec
B98: Down Town | N98: Down Town | AE98: Down Town
A99: 2025 | B99: Collection OD
A100: Month | B100: 0-30 | C100: 31-60 | D100: 61-90 | E100: 91-120 | F100: 121-180 | G100: 180+ | H100: Total Collection OD | I100: Upcoming MS till EOM | J100: EOM OD | K100: EOM Unidentified(Estimation) | L100: BOM Unidentified | M100: estimate dues unidentified(BOM) | N100: Total duebook (BOM) | O100: Estimated duebook net of unidentified(BOM) | P100: Booksize less than 30 days | Q100: Booksize 30+ days | R100: Booksize 60+ days | S100: Dues collected from 30 days | T100: Dues collected from 30+ days | U100: Dues collected from 60+ days | V100: % Dues collected from 30 days book | W100: % Dues collected from 30+days book | X100: % Dues collected from 60+days book | Y100: Due receipts | Z100: Due receipts+Dues unidentified | AA100: dues collected / book size | AB100: estimated dues collected / booksize estimated | AC100: Total duebook (S) | AD100: Total duebook (Crest) | AE100: Total duebook (Net of BCC) | AF100: Estimated duebook net of bcc& net of unidentified(BOM) | AG100: Booksize less than 30 days(Crest+s) | AH100: Booksize 30+ days(Crest+S) | AI100: Booksize 60+ days(Crest+S) | AJ100: Net BCC Booksize less than 30 days | AK100: Net BCC Booksize 30+ days | AL100: Net BCC Booksize 60+ days | AM100: Dues collected from 30 days | AN100: Dues collected from 30+ days | AO100: Dues collected from 60+ days | AP100: % Dues collected from 30 days book | AQ100: % Dues collected from 30+days book | AR100: % Dues collected from 60+days book | AS100: Due receipts | AT100: Due receipts+Dues unidentified | AU100: dues collected / book size | AV100: estimated dues collected / booksize estimated | AX100: Current UIF
A101: Jan | J101: =SUM(H101:I101)-SUM(S101:T101) -> 0 | K101: =H102-J101 -> 0 | L101: 0 | M101: =L101*$M$1 -> 0 | N101: =SUM(H101:I101) -> 0 | O101: =$N101-$M101 -> 0 | P101: =SUM($I101,$B101) -> 0 | Q101: =SUM($C101:$G101) -> 0 | R101: =SUM($D101:$G101) -> 0 | S101: 0 | T101: 0 | U101: 0 | AE101: =N101-SUM(AC101:AD101) -> 0 | AF101: =AE101-M101 -> 0 | AJ101: =P101-AG101 -> 0 | AK101: =Q101-AH101 -> 0 | AL101: =R101-AI101 -> 0 | AM101: 0 | AN101: 0 | AO101: 0 | AS101: =SUM(AM101:AN101) -> 0 | AT101: =SUM(AM101:AN101)+MAX(0,$M$1*$AX101) -> 0 | AX101: {=Summary!I149:I160} -> 0
A102: Feb | J102: =SUM(H102:I102)-SUM(S102:T102) -> 0 | K102: =H103-J102 -> 0 | L102: 0 | M102: =L102*$M$1 -> 0 | N102: =SUM(H102:I102) -> 0 | O102: =$N102-$M102 -> 0 | P102: =SUM($I102,$B102) -> 0 | Q102: =SUM($C102:$G102) -> 0 | R102: =SUM($D102:$G102) -> 0 | S102: 0 | T102: 0 | U102: 0 | AE102: =N102-SUM(AC102:AD102) -> 0 | AF102: =AE102-M102 -> 0 | AJ102: =P102-AG102 -> 0 | AK102: =Q102-AH102 -> 0 | AL102: =R102-AI102 -> 0 | AM102: 0 | AN102: 0 | AO102: 0 | AS102: =SUM(AM102:AN102) -> 0 | AT102: =SUM(AM102:AN102)+MAX(0,$M$1*$AX102) -> 0 | AX102: 0
A103: Mar | J103: =SUM(H103:I103)-SUM(S103:T103) -> 0 | K103: =H104-J103 -> 0 | L103: 0 | M103: =L103*$M$1 -> 0 | N103: =SUM(H103:I103) -> 0 | O103: =$N103-$M103 -> 0 | P103: =SUM($I103,$B103) -> 0 | Q103: =SUM($C103:$G103) -> 0 | R103: =SUM($D103:$G103) -> 0 | S103: 0 | T103: 0 | U103: 0 | AE103: =N103-SUM(AC103:AD103) -> 0 | AF103: =AE103-M103 -> 0 | AJ103: =P103-AG103 -> 0 | AK103: =Q103-AH103 -> 0 | AL103: =R103-AI103 -> 0 | AM103: 0 | AN103: 0 | AO103: 0 | AS103: =SUM(AM103:AN103) -> 0 | AT103: =SUM(AM103:AN103)+MAX(0,$M$1*$AX103) -> 0 | AX103: 0
A104: Apr | J104: =SUM(H104:I104)-SUM(S104:T104) -> 0 | K104: =H105-J104 -> 0 | L104: 0 | M104: =L104*$M$1 -> 0 | N104: =SUM(H104:I104) -> 0 | O104: =$N104-$M104 -> 0 | P104: =SUM($I104,$B104) -> 0 | Q104: =SUM($C104:$G104) -> 0 | R104: =SUM($D104:$G104) -> 0 | S104: 0 | T104: 0 | U104: 0 | AE104: =N104-SUM(AC104:AD104) -> 0 | AF104: =AE104-M104 -> 0 | AJ104: =P104-AG104 -> 0 | AK104: =Q104-AH104 -> 0 | AL104: =R104-AI104 -> 0 | AM104: 0 | AN104: 0 | AO104: 0 | AS104: =SUM(AM104:AN104) -> 0 | AT104: =SUM(AM104:AN104)+MAX(0,$M$1*$AX104) -> 0 | AX104: 0
A105: May | B105: 0 | C105: 0 | D105: 0 | E105: 0 | F105: 0 | G105: 0 | H105: 0 | I105: 1012993.9 | J105: =SUM(H105:I105)-SUM(S105:T105) -> 565911.14 | K105: =H106-J105 -> -86085.3 | L105: 0 | M105: =L105*$M$1 -> 0 | N105: =SUM(H105:I105) -> 1012993.9 | O105: =$N105-$M105 -> 1012993.9 | P105: =SUM($I105,$B105) -> 1012993.9 | Q105: =SUM($C105:$G105) -> 0 | R105: =SUM($D105:$G105) -> 0 | S105: 447082.79 | T105: 0 | U105: 0 | V105: =S105/P105 -> 0.44134795 | W105: =IFERROR(T105/Q105,0) -> 0 | X105: =IFERROR(U105/R105,0) -> 0 | Y105: =SUM(S105:T105) -> 447082.79 | Z105: =SUM(S105:T105)+MAX(0,$M$1*$AX105) -> 447082.79 | AA105: =Y105/N105 -> 0.44134795 | AB105: =Z105/O105 -> 0.44134795 | AE105: =N105-SUM(AC105:AD105) -> 1012993.9 | AF105: =AE105-M105 -> 1012993.9 | AJ105: =P105-AG105 -> 1012993.9 | AK105: =Q105-AH105 -> 0 | AL105: =R105-AI105 -> 0 | AM105: 447082.79 | AN105: 0 | AO105: 0 | AP105: =AM105/AJ105 -> 0.44134795 | AQ105: =IFERROR(AN105/AK105,0) -> 0 | AR105: =IFERROR(AO105/AL105,0) -> 0 | AS105: =SUM(AM105:AN105) -> 447082.79 | AT105: =SUM(AM105:AN105)+MAX(0,$M$1*$AX105) -> 447082.79 | AU105: =AS105/AE105 -> 0.44134795 | AV105: =AT105/AF105 -> 0.44134795 | AX105: 0
A106: Jun | B106: 0 | C106: 479825.84 | D106: 0 | E106: 0 | F106: 0 | G106: 0 | H106: 479825.84 | I106: 2512581.1 | J106: =SUM(H106:I106)-SUM(S106:T106) -> -1664859.2 | K106: =H107-J106 -> 5295850.2 | L106: 0 | M106: =L106*$M$1 -> 0 | N106: =SUM(H106:I106) -> 2992407 | O106: =$N106-$M106 -> 2992407 | P106: =SUM($I106,$B106) -> 2512581.1 | Q106: =SUM($C106:$G106) -> 479825.84 | R106: =SUM($D106:$G106) -> 0 | S106: 2163544 | T106: 2493722.2 | U106: 0 | V106: =S106/P106 -> 0.86108423 | W106: =T106/Q106 -> 5.1971403 | X106: =IFERROR(U106/R106,0) -> 0 | Y106: =SUM(S106:T106) -> 4657266.2 | Z106: =SUM(S106:T106)+MAX(0,$M$1*$AX106) -> 4657266.2 | AA106: =Y106/N106 -> 1.5563612 | AB106: =Z106/O106 -> 1.5563612 | AE106: =N106-SUM(AC106:AD106) -> 2992407 | AF106: =AE106-M106 -> 2992407 | AJ106: =P106-AG106 -> 2512581.1 | AK106: =Q106-AH106 -> 479825.84 | AL106: =R106-AI106 -> 0 | AM106: 2163544 | AN106: 2493722.2 | AO106: 0 | AP106: =AM106/AJ106 -> 0.86108423 | AQ106: =AN106/AK106 -> 5.1971403 | AR106: =IFERROR(AO106/AL106,0) -> 0 | AS106: =SUM(AM106:AN106) -> 4657266.2 | AT106: =SUM(AM106:AN106)+MAX(0,$M$1*$AX106) -> 4657266.2 | AU106: =AS106/AE106 -> 1.5563612 | AV106: =AT106/AF106 -> 1.5563612 | AX106: 0
...

Sheet Advance trendm
B1: Future MS | T1: MS till end of next month(M+2) | AL1: Advance booksize | BC1: Advance collection | BU1: %Advance Collection from Booksize
A2: Project | B2: 45658 | C2: 45689 | D2: 45717 | E2: 45748 | F2: 45778 | G2: 45809 | H2: 45839 | I2: 45870 | J2: 45901 | K2: 45931 | L2: 45962 | M2: 45992 | N2: 46023 | O2: 46054 | P2: 46082 | Q2: 46113 | R2: 46143 | T2: 45658 | U2: 45689 | V2: 45717 | W2: 45748 | X2: 45778 | Y2: 45809 | Z2: 45839 | AA2: 45870 | AB2: 45901 | AC2: 45931 | AD2: 45962 | AE2: 45992 | AF2: 46023 | AG2: 46054 | AH2: 46082 | AI2: 46113 | AJ2: 46143 | AL2: 45658 | AM2: 45689 | AN2: 45717 | AO2: 45748 | AP2: 45778 | AQ2: 45809 | AR2: 45839 | AS2: 45870 | AT2: 45901 | AU2: 45931 | AV2: 45962 | AW2: 45992 | AX2: 46023 | AY2: 46054 | AZ2: 46082 | BA2: 46113 | BB2: 46143 | BC2: 45658 | BD2: 45689 | BE2: 45717 | BF2: 45748 | BG2: 45778 | BH2: 45809 | BI2: 45839 | BJ2: 45870 | BK2: 45901 | BL2: 45931 | BM2: 45962 | BN2: 45992 | BO2: 46023 | BP2: 46054 | BQ2: 46082 | BR2: 46113 | BS2: 46143 | BU2: 45658 | BV2: 45689 | BW2: 45717 | BX2: 45748 | BY2: 45778 | BZ2: 45809 | CA2: 45839 | CB2: 45870 | CC2: 45901 | CD2: 45931 | CE2: 45962 | CF2: 45992 | CG2: 46023 | CH2: 46054 | CI2: 46082 | CJ2: 46113 | CK2: 46143
A3: Greens | B3: 3764137.3 | C3: 2969638.3 | D3: 4189629.2 | E3: 3939608.9 | F3: 3939821.7 | G3: 3085827.3 | H3: 3085539.1 | I3: 2685539.1 | J3: 2654377.8 | K3: 2654377.8 | L3: 2654378.4 | M3: 2520315.9 | N3: 2520315.9 | O3: 1475880.3 | P3: 1452387.5 | Q3: 1356336.8 | R3: 2069265.9 | T3: 683667 | U3: 402026.16 | V3: 147026.16 | W3: 174411.65 | X3: 174411.65 | Y3: 400000 | Z3: 655000 | AA3: 255000 | AB3: 0 | AC3: 174411.65 | AD3: 55000 | AE3: 0 | AF3: 255000 | AG3: 451049.96 | AH3: 96049.96 | AI3: 41858 | AJ3: 41858 | AL3: =B3-T3 -> 3080470.3 | AM3: =C3-U3 -> 2567612.1 | AN3: =D3-V3 -> 4042603 | AO3: =E3-W3 -> 3765197.3 | AP3: =F3-X3 -> 3765410 | AQ3: =G3-Y3 -> 2685827.3 | AR3: =H3-Z3 -> 2430539.1 | AS3: =I3-AA3 -> 2430539.1 | ... AZ3: =P3-AH3 -> 1356337.6 | BA3: =R3-AJ3 -> 2027407.9 | BB3: =R3-AJ3 -> 2027407.9 | BC3: 310832 | BD3: 0 | BE3: 102973.84 | BF3: 0 | BG3: 307452.84 | BH3: 0 | BI3: 0 | BJ3: 0 | BK3: 0 | BL3: 0 | BM3: 0 | BN3: 0 | BO3: 0 | BP3: 0 | BQ3: 0.8 | BR3: 0 | BS3: 0 | BU3: =IFERROR(BC3/AL3,0)*100 -> 10.090407 | BV3: =IFERROR(BD3/AM3,0)*100 -> 0 | BW3: =IFERROR(BE3/AN3,0)*100 -> 2.5472162 | BX3: =IFERROR(BF3/AO3,0)*100 -> 0 | BY3: =IFERROR(BG3/AP3,0)*100 -> 8.1651889 | BZ3: =IFERROR(BH3/AQ3,0)*100 -> 0 | CA3: =IFERROR(BI3/AR3,0)*100 -> 0 | CB3: =IFERROR(BJ3/AS3,0)*100 -> 0 | ... CI3: =IFERROR(BQ3/AZ3,0)*100 -> 5.8982367e-05 | CJ3: =IFERROR(BQ3/AZ3,0)*100 -> 5.8982367e-05 | CK3: =IFERROR(BS3/BB3,0)*100 -> 0
A4: One Park Avenue Tower | B4: 8242115.8 | C4: 135570.31 | D4: 0 | E4: 0 | F4: 0 | G4: 0 | H4: 0 | I4: 0 | J4: 0 | K4: 0 | L4: 0 | M4: 339174.1 | N4: 678348.2 | O4: 260279.1 | P4: 260280.26 | Q4: 260280.26 | R4: 260280.26 | T4: 8242115.8 | U4: 135570.31 | V4: 0 | W4: 0 | X4: 0 | Y4: 0 | Z4: 0 | AA4: 0 | AB4: 0 | AC4: 1.1641532e-10 | AD4: 1.1641532e-10 | AE4: 0 | AF4: 78893.84 | AG4: 0 | AH4: 0 | AI4: 0 | AJ4: 0 | AL4: =B4-T4 -> 0 | AM4: =C4-U4 -> 0 | AN4: =D4-V4 -> 0 | AO4: =E4-W4 -> 0 | AP4: =F4-X4 -> 0 | AQ4: =G4-Y4 -> 0 | AR4: =H4-Z4 -> 0 | AS4: =I4-AA4 -> 0 | ... AU4: =K4-AC4 -> -1.1641532e-10 | AV4: 0 | AW4: =M4-AE4 -> 339174.1 | AX4: =N4-AF4 -> 599454.36 | AY4: =O4-AG4 -> 260279.1 | AZ4: =P4-AH4 -> 260280.26 | BA4: =R4-AJ4 -> 260280.26 | BB4: =R4-AJ4 -> 260280.26 | BC4: 356607.44 | BD4: 0.69 | BE4: 0.17 | BF4: 0 | BG4: 0 | BH4: 0 | BI4: 0 | BJ4: 69502.01 | BK4: 9.3132257e-10 | BL4: 0 | BM4: 0.11 | BN4: 0 | BO4: 0 | BP4: 2.46 | BQ4: 0.02 | BR4: 0.04 | BS4: 0 | BU4: =IFERROR(BC4/AL4,0)*100 -> 0 | BV4: =IFERROR(BD4/AM4,0)*100 -> 0 | BW4: =IFERROR(BE4/AN4,0)*100 -> 0 | BX4: =IFERROR(BF4/AO4,0)*100 -> 0 | BY4: =IFERROR(BG4/AP4,0)*100 -> 0 | BZ4: =IFERROR(BH4/AQ4,0)*100 -> 0 | CA4: =IFERROR(BI4/AR4,0)*100 -> 0 | CB4: =IFERROR(BJ4/AS4,0)*100 -> 0 | ... CI4: =IFERROR(BQ4/AZ4,0)*100 -> 7.6840251e-06 | CJ4: =IFERROR(BQ4/AZ4,0)*100 -> 7.6840251e-06 | CK4: =IFERROR(BS4/BB4,0)*100 -> 0
A5: Hartland 1 villas & townhouses | B5: 1.262268e+08 | C5: 1.1871829e+08 | D5: 1.0988412e+08 | E5: 96504225 | F5: 85533444 | G5: 74530249 | H5: 65181689 | I5: 60348034 | J5: 57730306 | K5: 44053807 | L5: 31194687 | M5: 20329581 | N5: 20289979 | O5: 20289979 | P5: 10528242 | Q5: 6155754.6 | R5: 6155754.6 | T5: 11575217 | U5: 21804804 | V5: 24217205 | W5: 15987053 | X5: 18086095 | Y5: 14119875 | Z5: 4846740.4 | AA5: 6799815.5 | AB5: 11360434 | AC5: 10975554 | AD5: 10934018 | AE5: 39602.8 | AF5: 9761737.8 | AG5: 9761738.1 | AH5: 4372487.7 | AI5: 4589408.2 | AJ5: 4589408.2 | AL5: =B5-T5 -> 1.1465159e+08 | AM5: =C5-U5 -> 96913481 | AN5: =D5-V5 -> 85666914 | AO5: =E5-W5 -> 80517172 | AP5: =F5-X5 -> 67447350 | AQ5: =G5-Y5 -> 60410374 | AR5: =H5-Z5 -> 60334949 | AS5: =I5-AA5 -> 53548218 | ... AZ5: =P5-AH5 -> 6155754.6 | BA5: =R5-AJ5 -> 1566346.4 | BB5: =R5-AJ5 -> 1566346.4 | BC5: 2345718.3 | BD5: 37708.45 | BE5: 7068.12 | BF5: 59685.06 | BG5: 2211188.5 | BH5: 115266.88 | BI5: 58009.89 | BJ5: 2649887 | BK5: 6654405 | BL5: 8290575.4 | BM5: 4207225 | BN5: 0 | BO5: 0 | BP5: 0 | BQ5: 0 | BR5: 0 | BS5: 0 | BU5: =IFERROR(BC5/AL5,0)*100 -> 2.0459537 | BV5: =IFERROR(BD5/AM5,0)*100 -> 0.038909396 | BW5: =IFERROR(BE5/AN5,0)*100 -> 0.0082506999 | BX5: =IFERROR(BF5/AO5,0)*100 -> 0.074127119 | BY5: =IFERROR(BG5/AP5,0)*100 -> 3.2783921 | BZ5: =IFERROR(BH5/AQ5,0)*100 -> 0.19080643 | CA5: =IFERROR(BI5/AR5,0)*100 -> 0.096146415 | CB5: =IFERROR(BJ5/AS5,0)*100 -> 4.9485998 | ... CI5: =IFERROR(BQ5/AZ5,0)*100 -> 0 | CJ5: =IFERROR(BQ5/AZ5,0)*100 -> 0 | CK5: =IFERROR(BS5/BB5,0)*100 -> 0
A6: CV & CVR | B6: 19004412 | C6: 16642701 | D6: 16762559 | E6: 16381993 | F6: 5532587.9 | G6: 4630603.3 | H6: 4459580 | I6: 4459559.8 | J6: 3769414.8 | K6: 4507989.8 | L6: 4043206.9 | M6: 4043207.1 | N6: 7910033 | O6: 3827240.5 | P6: 2836749.3 | Q6: 2427182.3 | R6: 2427182.3 | T6: 1217254.7 | U6: 797442.63 | V6: 11238362 | W6: 11244730 | X6: 597556.07 | Y6: 169423.72 | Z6: 663336.7 | AA6: 725489.66 | AB6: 693279.56 | AC6: 657955.76 | AD6: 88190.6 | AE6: 88190.6 | AF6: 449545 | AG6: 599835.32 | AH6: 408210.32 | AI6: 0 | AJ6: 0 | AL6: =B6-T6 -> 17787157 | AM6: =C6-U6 -> 15845258 | AN6: =D6-V6 -> 5524197.4 | AO6: =E6-W6 -> 5137262.5 | AP6: =F6-X6 -> 4935031.9 | AQ6: =G6-Y6 -> 4461179.6 | AR6: =H6-Z6 -> 3796243.3 | AS6: =I6-AA6 -> 3734070.2 | ... AZ6: =P6-AH6 -> 2428539 | BA6: =R6-AJ6 -> 2427182.3 | BB6: =R6-AJ6 -> 2427182.3 | BC6: 676242.78 | BD6: 160298 | BE6: 270857.95 | BF6: 0.03 | BG6: 0 | BH6: 0 | BI6: -1 | BJ6: 9.8 | BK6: 28408.4 | BL6: 231617.09 | BM6: -1 | BN6: 0 | BO6: 0 | BP6: 10.89 | BQ6: 958.21 | BR6: 0.27 | BS6: 0 | BU6: =IFERROR(BC6/AL6,0)*100 -> 3.8018598 | BV6: =IFERROR(BD6/AM6,0)*100 -> 1.0116465 | BW6: =IFERROR(BE6/AN6,0)*100 -> 4.9031186 | BX6: =IFERROR(BF6/AO6,0)*100 -> 5.839686e-07 | BY6: =IFERROR(BG6/AP6,0)*100 -> 0 | BZ6: =IFERROR(BH6/AQ6,0)*100 -> 0 | CA6: =IFERROR(BI6/AR6,0)*100 -> -2.6341831e-05 | CB6: =IFERROR(BJ6/AS6,0)*100 -> 0.0002624482 | ... CI6: =IFERROR(BQ6/AZ6,0)*100 -> 0.039456232 | CJ6: =IFERROR(BQ6/AZ6,0)*100 -> 0.039456232 | CK6: =IFERROR(BS6/BB6,0)*100 -> 0
A7: Waves | B7: 43425238 | C7: 39191710 | D7: 9588690.2 | E7: 6760908.8 | F7: 4220578.7 | G7: 3937960.1 | H7: 3946011.5 | I7: 3941510.7 | J7: 4230479.3 | K7: 1047896.1 | L7: 969627.18 | M7: 969341.73 | N7: 441957.04 | O7: 220978.52 | P7: 0 | Q7: 0 | R7: 0 | T7: 31683149 | U7: 31433589 | V7: 5098932.3 | W7: 2345343.4 | X7: 0 | Y7: 0 | AA7: 3635158.2 | AB7: 4230479.3 | AC7: 1047896.1 | AD7: 0 | AE7: 748363.21 | AF7: 220978.52 | AG7: 220978.52 | AH7: 0 | AI7: 0 | AJ7: 0 | AL7: =B7-T7 -> 11742089 | AM7: =C7-U7 -> 7758120.4 | AN7: =D7-V7 -> 4489757.9 | AO7: =E7-W7 -> 4415565.4 | AP7: =F7-X7 -> 4220578.7 | AQ7: =G7-Y7 -> 3937960.1 | AR7: =H7-Z7 -> 3946011.5 | AS7: 572500 | AT7: =J7-AB7 -> 0 | AU7: =K7-AC7 -> 0 | AV7: =L7-AD7 -> 969627.18 | AW7: =M7-AE7 -> 220978.52 | AX7: =N7-AF7 -> 220978.52 | AY7: =O7-AG7 -> 0 | AZ7: =P7-AH7 -> 0 | BA7: =R7-AJ7 -> 0 | BB7: =R7-AJ7 -> 0 | BC7: 2395902.8 | BD7: 1007800.1 | BE7: 12949 | BF7: 224714.7 | BG7: 0 | BH7: 122499 | BI7: -2 | BJ7: 572499 | BK7: 287500 | BL7: 1708 | BM7: 18364 | BN7: -1 | BO7: 0 | BP7: 0 | BQ7: 0 | BR7: 0 | BS7: 0 | BU7: =IFERROR(BC7/AL7,0)*100 -> 20.4044 | BV7: =IFERROR(BD7/AM7,0)*100 -> 12.990261 | BW7: =IFERROR(BE7/AN7,0)*100 -> 0.28841199 | BX7: =IFERROR(BF7/AO7,0)*100 -> 5.0891489 | BY7: =IFERROR(BG7/AP7,0)*100 -> 0 | BZ7: =IFERROR(BH7/AQ7,0)*100 -> 3.1107222 | CA7: =IFERROR(BI7/AR7,0)*100 -> -5.068409e-05 | CB7: =IFERROR(BJ7/AS7,0)*100 -> 99.999825 | ... CI7: =IFERROR(BQ7/AZ7,0)*100 -> 0 | CJ7: =IFERROR(BQ7/AZ7,0)*100 -> 0 | CK7: =IFERROR(BS7/BB7,0)*100 -> 0
A8: Waves Grande | B8: 39683775 | C8: 39872943 | D8: 26730829 | E8: 23105583 | F8: 19326698 | G8: 18052776 | H8: 17662558 | I8: 16641928 | J8: 15763223 | K8: 2236092.6 | L8: 1394877 | M8: 1394877 | N8: 2789754 | O8: 1232737.9 | P8: 1102958 | Q8: 1102958 | R8: 1102958 | T8: 129779.94 | U8: 15691781 | V8: 5346585.3 | W8: 2722709.2 | X8: 0 | Y8: 162139.07 | Z8: 291919.04 | AA8: 14853924 | AB8: 15763223 | AC8: 2236092.6 | AD8: 0 | AE8: 162139.07 | AF8: 1070598.9 | AG8: 908459.8 | AH8: 0 | AI8: 0 | AJ8: 0 | AL8: =B8-T8 -> 39553995 | AM8: =C8-U8 -> 24181162 | AN8: =D8-V8 -> 21384244 | AO8: =E8-W8 -> 20382874 | AP8: =F8-X8 -> 19326698 | AQ8: =G8-Y8 -> 17890637 | AR8: =H8-Z8 -> 17370639 | AS8: =I8-AA8 -> 1788003.6 | ... AZ8: =P8-AH8 -> 1102958 | BA8: =R8-AJ8 -> 1102958 | BB8: =R8-AJ8 -> 1102958 | BC8: 906816.98 | BD8: 263069.41 | BE8: 889726.28 | BF8: 1078661.1 | BG8: 1073235.9 | BH8: 730199.73 | BI8: 783566.16 | BJ8: 78541.15 | BK8: -1.97 | BL8: -1 | BM8: 0 | BN8: 0 | BO8: 0 | BP8: 0 | BQ8: 0 | BR8: 0 | BS8: 0 | BU8: =IFERROR(BC8/AL8,0)*100 -> 2.2926053 | BV8: =IFERROR(BD8/AM8,0)*100 -> 1.0879105 | BW8: =IFERROR(BE8/AN8,0)*100 -> 4.1606628 | BX8: =IFERROR(BF8/AO8,0)*100 -> 5.2919973 | BY8: =IFERROR(BG8/AP8,0)*100 -> 5.5531263 | BZ8: =IFERROR(BH8/AQ8,0)*100 -> 4.081463 | CA8: =IFERROR(BI8/AR8,0)*100 -> 4.5108654 | CB8: =IFERROR(BJ8/AS8,0)*100 -> 4.3926728 | ... CI8: =IFERROR(BQ8/AZ8,0)*100 -> 0 | CJ8: =IFERROR(BQ8/AZ8,0)*100 -> 0 | CK8: =IFERROR(BS8/BB8,0)*100 -> 0
A9: Hartland 1 plots | B9: 2500637.5 | C9: 2499731.5 | D9: 2500995.7 | E9: 2500995.7 | F9: 2500994.7 | L9: 0 | M9: 0 | N9: 0 | O9: 0 | P9: 0 | Q9: 0 | R9: 0 | V9: 0 | W9: 2500995.7 | X9: 2500994.7 | AA9: 0 | AB9: 0 | AC9: 0 | AD9: 0 | AE9: 0 | AF9: 0 | AG9: 0 | AH9: 0 | AI9: 0 | AJ9: 0 | AL9: =B9-T9 -> 2500637.5 | AM9: =C9-U9 -> 2499731.5 | AN9: =D9-V9 -> 2500995.7 | AO9: =E9-W9 -> 0 | AP9: =F9-X9 -> 0 | AQ9: =G9-Y9 -> 0 | AR9: =H9-Z9 -> 0 | AS9: =I9-AA9 -> 0 | ... AZ9: =P9-AH9 -> 0 | BA9: =R9-AJ9 -> 0 | BB9: =R9-AJ9 -> 0 | BC9: -1 | BD9: 0 | BE9: 0 | BF9: 0 | BG9: 0 | BH9: 0 | BI9: 0 | BJ9: 0 | BK9: 0 | BL9: 0 | BM9: 0 | BN9: -1 | BO9: 0 | BP9: 0 | BQ9: 0 | BR9: 0 | BS9: -1 | BU9: =IFERROR(BC9/AL9,0)*100 -> -3.9989803e-05 | BV9: =IFERROR(BD9/AM9,0)*100 -> 0 | BW9: =IFERROR(BE9/AN9,0)*100 -> 0 | BX9: =IFERROR(BF9/AO9,0)*100 -> 0 | BY9: =IFERROR(BG9/AP9,0)*100 -> 0 | BZ9: =IFERROR(BH9/AQ9,0)*100 -> 0 | CA9: =IFERROR(BI9/AR9,0)*100 -> 0 | CB9: =IFERROR(BJ9/AS9,0)*100 -> 0 | ... CI9: =IFERROR(BQ9/AZ9,0)*100 -> 0 | CJ9: =IFERROR(BQ9/AZ9,0)*100 -> 0 | CK9: =IFERROR(BS9/BB9,0)*100 -> 0
A10: Creek Vistas Grande | B10: 2.6269534e+08 | C10: 2.5772526e+08 | D10: 2.4799931e+08 | E10: 2.3111694e+08 | F10: 2.2951587e+08 | G10: 1.7335905e+08 | H10: 1.5257505e+08 | I10: 1.4613444e+08 | J10: 1.3862617e+08 | K10: 1.4497623e+08 | L10: 1.309988e+08 | M10: 96020322 | N10: 83972887 | O10: 83246451 | P10: 79774034 | Q10: 74435505 | R10: 67445510 | T10: 7238597.3 | U10: 12902486 | V10: 9947701.9 | W10: 52163440 | X10: 57744702 | Y10: 15555557 | Z10: 409576.91 | AA10: 224071.48 | AB10: 0 | AC10: 38778402 | AD10: 42818894 | AE10: 9060438 | AF10: 185504.95 | AG10: 184998.95 | AH10: 0 | AI10: 34849742 | AJ10: 29159404 | AL10: =B10-T10 -> 2.5545674e+08 | AM10: =C10-U10 -> 2.4482277e+08 | AN10: =D10-V10 -> 2.3805161e+08 | AO10: =E10-W10 -> 1.789535e+08 | AP10: =F10-X10 -> 1.7177116e+08 | AQ10: =G10-Y10 -> 1.5780349e+08 | AR10: =H10-Z10 -> 1.5216547e+08 | AS10: =I10-AA10 -> 1.4591037e+08 | ... AZ10: =P10-AH10 -> 79774034 | BA10: =R10-AJ10 -> 38286106 | BB10: =R10-AJ10 -> 38286106 | BC10: 3891734 | BD10: 4278084.9 | BE10: 9582598.7 | BF10: 7815684.5 | BG10: 13071580 | BH10: 6244801.9 | BI10: 6840731.9 | BJ10: 5809504.8 | BK10: 8454631.6 | BL10: 8573788 | BM10: 2777639.8 | BN10: 3027184.5 | BO10: 1937224.2 | BP10: 4189948.2 | BQ10: 3364640.6 | BR10: 1615862.6 | BS10: 98225.91 | BU10: =IFERROR(BC10/AL10,0)*100 -> 1.5234415 | BV10: =IFERROR(BD10/AM10,0)*100 -> 1.7474211 | BW10: =IFERROR(BE10/AN10,0)*100 -> 4.0254291 | BX10: =IFERROR(BF10/AO10,0)*100 -> 4.3674388 | BY10: =IFERROR(BG10/AP10,0)*100 -> 7.6098803 | BZ10: =IFERROR(BH10/AQ10,0)*100 -> 3.9573281 | CA10: =IFERROR(BI10/AR10,0)*100 -> 4.4955874 | CB10: =IFERROR(BJ10/AS10,0)*100 -> 3.9815572 | ... CI10: =IFERROR(BQ10/AZ10,0)*100 -> 4.2177141 | CJ10: =IFERROR(BQ10/AZ10,0)*100 -> 4.2177141 | CK10: =IFERROR(BS10/BB10,0)*100 -> 0.25655759
A11: Crest | B11: 1.2406946e+09 | C11: 1.2306651e+09 | D11: 1.2154043e+09 | E11: 1.1838345e+09 | F11: 1.135269e+09 | G11: 9.2177155e+08 | H11: 9.0778416e+08 | I11: 8.7336531e+08 | J11: 8.4650417e+08 | K11: 8.2622741e+08 | L11: 6.3306637e+08 | M11: 6.1202451e+08 | N11: 5.9296123e+08 | O11: 5.7443679e+08 | P11: 5.5172971e+08 | Q11: 5.313418e+08 | R11: 4.9560454e+08 | T11: 6549703 | U11: 18944911 | V11: 56378940 | W11: 39401659 | X11: 2.0509342e+08 | Y11: 1654086.8 | AA11: 0 | AB11: 0 | AC11: 1.7674921e+08 | AD11: 248005.84 | AE11: 0 | AF11: 0 | AG11: 0 | AH11: 0 | AI11: 1.5558901e+08 | AJ11: 1.279203e+08 | AL11: =B11-T11 -> 1.2341449e+09 | AM11: =C11-U11 -> 1.2117202e+09 | AN11: =D11-V11 -> 1.1590254e+09 | AO11: =E11-W11 -> 1.1444328e+09 | AP11: =F11-X11 -> 9.3017556e+08 | AQ11: =G11-Y11 -> 9.2011747e+08 | AR11: =H11-Z11 -> 9.0778416e+08 | AS11: =I11-AA11 -> 8.7336531e+08 | ... AZ11: =P11-AH11 -> 5.5172971e+08 | BA11: =R11-AJ11 -> 3.6768424e+08 | BB11: =R11-AJ11 -> 3.6768424e+08 | BC11: 9731640.7 | BD11: 11530344 | BE11: 9401222.1 | BF11: 6701448.8 | BG11: 11518432 | BH11: 12879529 | BI11: 33173740 | BJ11: 29753432 | BK11: 20209790 | BL11: 21646120 | BM11: 25987111 | BN11: 16996590 | BO11: 18155671 | BP11: 21424700 | BQ11: 18635582 | BR11: 10027764 | BS11: 1316929.3 | BU11: =IFERROR(BC11/AL11,0)*100 -> 0.78853309 | BV11: =IFERROR(BD11/AM11,0)*100 -> 0.95156818 | BW11: =IFERROR(BE11/AN11,0)*100 -> 0.81113168 | BX11: =IFERROR(BF11/AO11,0)*100 -> 0.58556943 | BY11: =IFERROR(BG11/AP11,0)*100 -> 1.2383073 | BZ11: =IFERROR(BH11/AQ11,0)*100 -> 1.3997701 | CA11: =IFERROR(BI11/AR11,0)*100 -> 3.6543643 | CB11: =IFERROR(BJ11/AS11,0)*100 -> 3.4067568 | ... CI11: =IFERROR(BQ11/AZ11,0)*100 -> 3.3776651 | CJ11: =IFERROR(BQ11/AZ11,0)*100 -> 3.3776651 | CK11: =IFERROR(BS11/BB11,0)*100 -> 0.35816856
A12: The S | B12: 7.4135982e+08 | C12: 7.8839897e+08 | D12: 92177863 | E12: 1.2525551e+08 | F12: 1.7214491e+08 | G12: 1.7214546e+08 | H12: 1.6214457e+08 | I12: 1.6205032e+08 | J12: 1.5104791e+08 | K12: 1.029306e+08 | L12: 75309867 | M12: 75309866 | N12: 34952896 | O12: 34952896 | P12: 34952895 | Q12: 0 | R12: 0 | T12: 6.2324223e+08 | U12: 6.3622052e+08 | V12: 0 | W12: 0 | X12: 21002414 | Y12: 21002414 | Z12: 11002414 | AA12: 59119721 | AB12: 83070204 | AC12: 34952897 | AD12: 23843959 | AE12: 23843959 | AF12: 0 | AG12: 34952897 | AH12: 34952897 | AI12: 0 | AJ12: 0 | AL12: =B12-T12 -> 1.1811759e+08 | AM12: =C12-U12 -> 1.5217844e+08 | AN12: =D12-V12 -> 92177863 | AO12: =E12-W12 -> 1.2525551e+08 | AP12: =F12-X12 -> 1.511425e+08 | AQ12: =G12-Y12 -> 1.5114305e+08 | AR12: =H12-Z12 -> 1.5114216e+08 | AS12: =I12-AA12 -> 1.029306e+08 | ... AZ12: =P12-AH12 -> -1.650005 | BA12: =R12-AJ12 -> 0 | BB12: =R12-AJ12 -> 0 | BC12: 245000 | BD12: 4045457.6 | BE12: 499999 | BF12: 30.03 | BG12: 7486694.5 | BH12: 1.84 | BI12: 91799.11 | BJ12: 45904.6 | BK12: 1.8626451e-09 | BL12: 0 | BM12: 0 | BN12: 0.02 | BO12: -2 | BP12: 14.03 | BQ12: 0.020000003 | BR12: 0 | BS12: 0 | BU12: =IFERROR(BC12/AL12,0)*100 -> 0.20742042 | BV12: =IFERROR(BD12/AM12,0)*100 -> 2.6583644 | BW12: =IFERROR(BE12/AN12,0)*100 -> 0.5424285 | BX12: =IFERROR(BF12/AO12,0)*100 -> 2.3974994e-05 | BY12: =IFERROR(BG12/AP12,0)*100 -> 4.9534014 | BZ12: =IFERROR(BH12/AQ12,0)*100 -> 1.2173898e-06 | CA12: =IFERROR(BI12/AR12,0)*100 -> 0.060736933 | CB12: =IFERROR(BJ12/AS12,0)*100 -> 0.044597621 | ... CG12: =IFERROR(BO12/AX12,0)*100 -> -5.7219866e-06 | CH12: =IFERROR(IF(AY12<=10,0,BP12/AY12),0)*100 -> 0 | CI12: =IFERROR(BQ12/AZ12,0)*100 -> -1.2121177 | CJ12: =IFERROR(BQ12/AZ12,0)*100 -> -1.2121177 | CK12: =IFERROR(BS12/BB12,0)*100 -> 0
A13: Sub Total (A) | B13: =SUM(B3:B12) -> 2.4875969e+09 | C13: =SUM(C3:C12) -> 2.4968199e+09 | D13: =SUM(D3:D12) -> 1.7252383e+09 | E13: =SUM(E3:E12) -> 1.6894002e+09 | F13: =SUM(F3:F12) -> 1.6579839e+09 | G13: =SUM(G3:G12) -> 1.3715135e+09 | H13: =SUM(H3:H12) -> 1.3168392e+09 | I13: =SUM(I3:I12) -> 1.2696266e+09 | ... R13: =SUM(R3:R12) -> 5.7506549e+08 | T13: =SUM(T3:T12) -> 6.9056171e+08 | U13: =SUM(U3:U12) -> 7.3833313e+08 | V13: =SUM(V3:V12) -> 1.1237475e+08 | W13: =SUM(W3:W12) -> 1.2654034e+08 | X13: =SUM(X3:X12) -> 3.0519959e+08 | Y13: =SUM(Y3:Y12) -> 53063495 | Z13: =SUM(Z3:Z12) -> 17868987 | AA13: =SUM(AA3:AA12) -> 85613180 | ... AJ13: =SUM(AJ3:AJ12) -> 1.6171097e+08 | AL13: =SUM(AL3:AL12) -> 1.7970351e+09 | AM13: =SUM(AM3:AM12) -> 1.7584868e+09 | AN13: =SUM(AN3:AN12) -> 1.6128636e+09 | AO13: =SUM(AO3:AO12) -> 1.5628599e+09 | AP13: =SUM(AP3:AP12) -> 1.3527843e+09 | AQ13: =SUM(AQ3:AQ12) -> 1.31845e+09 | AR13: =SUM(AR3:AR12) -> 1.2989702e+09 | AS13: =SUM(AS3:AS12) -> 1.1842796e+09 | ... BS13: =SUM(BS3:BS12) -> 1415154.2 | BU13: =IFERROR(BC13/AL13,0)*100 -> 1.1608284 | BV13: =IFERROR(BD13/AM13,0)*100 -> 1.2125632 | BW13: =IFERROR(BE13/AN13,0)*100 -> 1.2876102 | BX13: =IFERROR(BF13/AO13,0)*100 -> 1.0161003 | BY13: =IFERROR(BG13/AP13,0)*100 -> 2.6366793 | BZ13: =IFERROR(BH13/AQ13,0)*100 -> 1.5239333 | CA13: =IFERROR(BI13/AR13,0)*100 -> 3.1523314 | CB13: =IFERROR(BJ13/AS13,0)*100 -> 3.2913917 | ... CI13: =IFERROR(BQ13/AZ13,0)*100 -> 3.4226697 | CJ13: =IFERROR(BQ13/AZ13,0)*100 -> 3.4226697 | CK13: =IFERROR(BR13/BA13,0)*100 -> 2.8168621
A14: Crest Grande | B14: 1.3272649e+09 | C14: 1.2863222e+09 | D14: 1.230071e+09 | E14: 1.1830549e+09 | F14: 1.1333527e+09 | G14: 1.1032552e+09 | H14: 1.081894e+09 | I14: 1.0632468e+09 | J14: 1.0407655e+09 | K14: 1.0224507e+09 | L14: 1.0065489e+09 | M14: 9.8156847e+08 | N14: 8.5400596e+08 | O14: 6.2551126e+08 | P14: 7.8683027e+08 | Q14: 6.1534871e+08 | R14: 6.0233064e+08 | T14: 0 | U14: 0 | V14: 77125254 | W14: 52917069 | X14: 26094846 | Y14: 17891236 | Z14: 13766223 | AA14: 11692933 | AB14: 4963225.1 | AC14: 249588.3 | AD14: 3.6227151e+08 | AE14: 3.3988986e+08 | AF14: 2.2493792e+08 | AG14: 0 | AH14: 0 | AI14: 0 | AJ14: 0 | AL14: =B14-T14 -> 1.3272649e+09 | AM14: =C14-U14 -> 1.2863222e+09 | AN14: =D14-V14 -> 1.1529457e+09 | AO14: =E14-W14 -> 1.1301378e+09 | AP14: =F14-X14 -> 1.1072578e+09 | AQ14: =G14-Y14 -> 1.085364e+09 | AR14: =H14-Z14 -> 1.0681278e+09 | AS14: =I14-AA14 -> 1.0515538e+09 | ... AZ14: =P14-AH14 -> 7.8683027e+08 | BA14: =R14-AJ14 -> 6.0233064e+08 | BB14: =R14-AJ14 -> 6.0233064e+08 | BC14: 5507995.7 | BD14: 6545044.1 | BE14: 7857989.5 | BF14: 8958714.1 | BG14: 12990345 | BH14: 9102905.2 | BI14: 12230211 | BJ14: 15870853 | BK14: 12979092 | BL14: 16597598 | BM14: 35853011 | BN14: 1.3617665e+08 | BO14: 26427012 | BP14: 17571550 | BQ14: 6379360.3 | BR14: 11994820 | BS14: 3438763.9 | BU14: =IFERROR(BC14/AL14,0)*100 -> 0.41498841 | BV14: =IFERROR(BD14/AM14,0)*100 -> 0.50881841 | BW14: =IFERROR(BE14/AN14,0)*100 -> 0.68155762 | BX14: =IFERROR(BF14/AO14,0)*100 -> 0.79270991 | BY14: =IFERROR(BG14/AP14,0)*100 -> 1.1731996 | BZ14: =IFERROR(BH14/AQ14,0)*100 -> 0.83869606 | CA14: =IFERROR(BI14/AR14,0)*100 -> 1.1450139 | CB14: =IFERROR(BJ14/AS14,0)*100 -> 1.5092763 | ... CI14: =IFERROR(BQ14/AZ14,0)*100 -> 0.81076702 | CJ14: =IFERROR(BQ14/AZ14,0)*100 -> 0.81076702 | CK14: =IFERROR(BS14/BB14,0)*100 -> 0.57090967
A15: Waves Opulence | B15: 4.3306412e+08 | C15: 4.2821892e+08 | D15: 4.2269888e+08 | E15: 4.1619477e+08 | F15: 3.8375542e+08 | G15: 3.4710855e+08 | H15: 3.3591324e+08 | I15: 3.2792665e+08 | J15: 3.628678e+08 | K15: 3.7473295e+08 | L15: 3.7875368e+08 | M15: 3.7138291e+08 | N15: 3.5945922e+08 | O15: 3.5082433e+08 | P15: 3.466104e+08 | Q15: 3.4147369e+08 | R15: 3.0746324e+08 | T15: 4006302.9 | U15: 5555489.1 | V15: 20197043 | W15: 56109684 | X15: 41020394 | Y15: 10530222 | Z15: 1980855.7 | AA15: 0 | AB15: 4598639 | AC15: 4596263 | AD15: 10774633 | AE15: 13243113 | AF15: 3196279.1 | AG15: 2082690 | AH15: 15116757 | AI15: 3.4265456e+08 | AJ15: 3.1201278e+08 | AL15: =B15-T15 -> 4.2905782e+08 | AM15: =C15-U15 -> 4.2266343e+08 | AN15: =D15-V15 -> 4.0250183e+08 | AO15: =E15-W15 -> 3.6008509e+08 | AP15: =F15-X15 -> 3.4273502e+08 | AQ15: =G15-Y15 -> 3.3657833e+08 | AR15: =H15-Z15 -> 3.3393238e+08 | AS15: =I15-AA15 -> 3.2792665e+08 | ... AZ15: =P15-AH15 -> 3.3149365e+08 | BA15: =MAX(0,R15-AJ15) -> 0 | BB15: =R15-AJ15 -> -4549547.5 | BC15: 1400706 | BD15: 2847461.8 | BE15: 5301625.1 | BF15: 5930178.8 | BG15: 3873652 | BH15: 2905377.1 | BI15: 6643414 | BJ15: 8367892.1 | BK15: 4823761 | BL15: 8179563.8 | BM15: 5852662.5 | BN15: 4587094.9 | BO15: 3369684.8 | BP15: 3526321.7 | BQ15: 2689323.7 | BR15: 18642326 | BS15: 3021552.8 | BU15: =IFERROR(BC15/AL15,0)*100 -> 0.32646091 | BV15: =IFERROR(BD15/AM15,0)*100 -> 0.67369485 | BW15: =IFERROR(BE15/AN15,0)*100 -> 1.3171679 | BX15: =IFERROR(BF15/AO15,0)*100 -> 1.6468826 | BY15: =IFERROR(BG15/AP15,0)*100 -> 1.1302177 | BZ15: =IFERROR(BH15/AQ15,0)*100 -> 0.86320979 | CA15: =IFERROR(BI15/AR15,0)*100 -> 1.9894489 | CB15: =IFERROR(BJ15/AS15,0)*100 -> 2.5517572 | ... CI15: =IFERROR(BQ15/AZ15,0)*100 -> 0.81127457 | CJ15: =IFERROR(BQ15/AZ15,0)*100 -> 0.81127457 | CK15: =IFERROR(BS15/BB15,0)*100 -> -66.41436
A16: Verde | B16: 1.0014335e+09 | C16: 9.7187029e+08 | D16: 9.520289e+08 | E16: 9.3438844e+08 | F16: 9.0406352e+08 | G16: 8.5549322e+08 | H16: 8.1203336e+08 | I16: 7.9151621e+08 | J16: 7.8101757e+08 | K16: 7.6415203e+08 | L16: 7.371511e+08 | M16: 7.0632793e+08 | N16: 6.7493966e+08 | O16: 6.5106726e+08 | P16: 6.3554538e+08 | Q16: 5.9716952e+08 | R16: 5.8179392e+08 | T16: 39359455 | U16: 24501119 | V16: 30270246 | W16: 69089265 | X16: 74637626 | Y16: 43489716 | Z16: 21582910 | AA16: 22827351 | AB16: 30358826 | AC16: 51179270 | AD16: 54234666 | AE16: 44152070 | AF16: 38596821 | AG16: 38398348 | AH16: 38159368 | AI16: 44637948 | AJ16: 51840659 | AL16: =B16-T16 -> 9.6207407e+08 | AM16: =C16-U16 -> 9.4736918e+08 | AN16: =D16-V16 -> 9.2175866e+08 | AO16: =E16-W16 -> 8.6529918e+08 | AP16: =F16-X16 -> 8.2942589e+08 | AQ16: =G16-Y16 -> 8.1200351e+08 | AR16: =H16-Z16 -> 7.9045045e+08 | AS16: =I16-AA16 -> 7.6868886e+08 | ... AZ16: =P16-AH16 -> 5.9738601e+08 | BA16: =R16-AJ16 -> 5.2995326e+08 | BB16: =R16-AJ16 -> 5.2995326e+08 | BC16: 4969264.1 | BD16: 5508837 | BE16: 7694222.6 | BF16: 4107466.9 | BG16: 3616566 | BH16: 8708154.3 | BI16: 9295854.7 | BJ16: 3381727.2 | BK16: 3859687.8 | BL16: 7559073.6 | BM16: 3959053.6 | BN16: 7716822.9 | BO16: 6316161.6 | BP16: 5503300.4 | BQ16: 5433487.5 | BR16: 5585103.6 | BS16: 779427.7 | BU16: =IFERROR(BC16/AL16,0)*100 -> 0.51651575 | BV16: =IFERROR(BD16/AM16,0)*100 -> 0.58148789 | BW16: =IFERROR(BE16/AN16,0)*100 -> 0.83473288 | BX16: =IFERROR(BF16/AO16,0)*100 -> 0.47468748 | BY16: =IFERROR(BG16/AP16,0)*100 -> 0.43603244 | BZ16: =IFERROR(BH16/AQ16,0)*100 -> 1.0724282 | CA16: =IFERROR(BI16/AR16,0)*100 -> 1.1760199 | CB16: =IFERROR(BJ16/AS16,0)*100 -> 0.43993447 | ... CI16: =IFERROR(BQ16/AZ16,0)*100 -> 0.90954382 | CJ16: =IFERROR(BQ16/AZ16,0)*100 -> 0.90954382 | CK16: =IFERROR(BS16/BB16,0)*100 -> 0.1470748
A17: Sobha Reserve Villas | B17: 1.9932269e+09 | C17: 1.9396717e+09 | D17: 1.8607582e+09 | E17: 1.7742161e+09 | F17: 1.672494e+09 | G17: 1.6194433e+09 | H17: 1.5074508e+09 | I17: 1.4204932e+09 | J17: 1.357422e+09 | K17: 1.3217237e+09 | L17: 1.2401025e+09 | M17: 1.1995817e+09 | N17: 1.1866988e+09 | O17: 1.1144315e+09 | P17: 1.0571052e+09 | Q17: 9.9633918e+08 | R17: 8.8753571e+08 | T17: 1.0957743e+08 | U17: 1.5675456e+08 | V17: 1.6368601e+08 | W17: 1.3091375e+08 | X17: 1.3146416e+08 | Y17: 1.7720925e+08 | Z17: 1.3524718e+08 | AA17: 97317728 | AB17: 1.0922809e+08 | AC17: 1.0330511e+08 | AD17: 70643100 | AE17: 68800736 | AF17: 74718598 | AG17: 92827857 | AH17: 74844503 | AI17: 90320076 | AJ17: 13594676 | AL17: =B17-T17 -> 1.8836494e+09 | AM17: =C17-U17 -> 1.7829172e+09 | AN17: =D17-V17 -> 1.6970722e+09 | AO17: =E17-W17 -> 1.6433024e+09 | AP17: =F17-X17 -> 1.5410299e+09 | AQ17: =G17-Y17 -> 1.4422341e+09 | AR17: =H17-Z17 -> 1.3722036e+09 | AS17: =I17-AA17 -> 1.3231755e+09 | ... AZ17: =P17-AH17 -> 9.8226071e+08 | BA17: =R17-AJ17 -> 8.7394103e+08 | BB17: =R17-AJ17 -> 8.7394103e+08 | BC17: 7380218.3 | BD17: 6704842.8 | BE17: 2491086 | BF17: 13454665 | BG17: 4130079.9 | BH17: 7977943.2 | BI17: 9602787.6 | BJ17: 7617035.9 | BK17: 7434546.1 | BL17: 13299321 | BM17: 6588351.3 | BN17: 6899691.1 | BO17: 41602443 | BP17: 17118175 | BQ17: 6461780 | BR17: 23215552 | BS17: 699409.82 | BU17: =IFERROR(BC17/AL17,0)*100 -> 0.39180424 | BV17: =IFERROR(BD17/AM17,0)*100 -> 0.37606025 | BW17: =IFERROR(BE17/AN17,0)*100 -> 0.14678727 | BX17: =IFERROR(BF17/AO17,0)*100 -> 0.81875771 | BY17: =IFERROR(BG17/AP17,0)*100 -> 0.26800777 | BZ17: =IFERROR(BH17/AQ17,0)*100 -> 0.55316562 | CA17: =IFERROR(BI17/AR17,0)*100 -> 0.69980779 | CB17: =IFERROR(BJ17/AS17,0)*100 -> 0.57566332 | ... CI17: =IFERROR(BQ17/AZ17,0)*100 -> 0.65784776 | CJ17: =IFERROR(BQ17/AZ17,0)*100 -> 0.65784776 | CK17: =IFERROR(BS17/BB17,0)*100 -> 0.080029406
A18: Hartland II Villas & Mansion | B18: 1.1330435e+09 | C18: 1.1691556e+09 | D18: 1.2571621e+09 | E18: 1.2395444e+09 | F18: 1.3877028e+09 | G18: 1.4609853e+09 | H18: 1.4818244e+09 | I18: 1.5007893e+09 | J18: 1.4255808e+09 | K18: 1.4225574e+09 | L18: 1.3558388e+09 | M18: 1.4017971e+09 | N18: 1.3086614e+09 | O18: 1.2564258e+09 | P18: 1.3168119e+09 | Q18: 1.1864451e+09 | R18: 1.1325715e+09 | T18: 1.0589649e+08 | U18: 86434489 | V18: 61595296 | W18: 71256996 | X18: 99587682 | Y18: 95872223 | Z18: 84025753 | AA18: 86906409 | AB18: 1.1980996e+08 | AC18: 96215610 | AD18: 5.0427754e+08 | AE18: 5.457786e+08 | AF18: 49175753 | AG18: 39410555 | AH18: 76291734 | AI18: 72975770 | AJ18: 2.2595199e+08 | AL18: =B18-T18 -> 1.027147e+09 | AM18: =C18-U18 -> 1.0827211e+09 | AN18: =D18-V18 -> 1.1955668e+09 | AO18: =E18-W18 -> 1.1682874e+09 | AP18: =F18-X18 -> 1.2881151e+09 | AQ18: =G18-Y18 -> 1.365113e+09 | AR18: =H18-Z18 -> 1.3977986e+09 | AS18: =I18-AA18 -> 1.4138829e+09 | ... AZ18: =P18-AH18 -> 1.2405202e+09 | BA18: =R18-AJ18 -> 9.0661947e+08 | BB18: =R18-AJ18 -> 9.0661947e+08 | BC18: 14259915 | BD18: 305674.26 | BE18: 9381514.7 | BF18: 2748869.1 | BG18: 10753098 | BH18: 69577667 | BI18: 15150622 | BJ18: 4319912.2 | BK18: 12150741 | BL18: 15094435 | BM18: 20115082 | BN18: 7117658.6 | BO18: 8351674.2 | BP18: 22444822 | BQ18: 47470551 | BR18: 15785953 | BS18: 2577558 | BU18: =IFERROR(BC18/AL18,0)*100 -> 1.3883032 | BV18: =IFERROR(BD18/AM18,0)*100 -> 0.02823204 | BW18: =IFERROR(BE18/AN18,0)*100 -> 0.78469181 | BX18: =IFERROR(BF18/AO18,0)*100 -> 0.2352905 | BY18: =IFERROR(BG18/AP18,0)*100 -> 0.83479328 | BZ18: =IFERROR(BH18/AQ18,0)*100 -> 5.0968429 | CA18: =IFERROR(BI18/AR18,0)*100 -> 1.0838916 | CB18: =IFERROR(BJ18/AS18,0)*100 -> 0.30553536 | ... CI18: =IFERROR(BQ18/AZ18,0)*100 -> 3.8266649 | CJ18: =IFERROR(BQ18/AZ18,0)*100 -> 3.8266649 | CK18: =IFERROR(BS18/BB18,0)*100 -> 0.28430428
A19: Riverside Crescent | B19: 5.6197945e+09 | C19: 5.7034535e+09 | D19: 5.69225e+09 | E19: 5.6646172e+09 | F19: 5.6295142e+09 | G19: 5.5747937e+09 | H19: 5.3960311e+09 | I19: 5.2749015e+09 | J19: 5.1572825e+09 | K19: 5.042462e+09 | L19: 4.9810645e+09 | M19: 4.9578749e+09 | N19: 4.8186546e+09 | O19: 4.654363e+09 | P19: 4.4833909e+09 | Q19: 4.3187205e+09 | R19: 4.1977912e+09 | T19: 2.272557e+08 | U19: 2.2083479e+08 | V19: 2.2019964e+08 | W19: 1.9644557e+08 | X19: 2.4713984e+08 | Y19: 3.1227937e+08 | Z19: 2.6022292e+08 | AA19: 2.3370273e+08 | AB19: 2.1471361e+08 | AC19: 1.4461288e+08 | AD19: 1.5202966e+08 | AE19: 2.9807974e+08 | AF19: 3.1268036e+08 | AG19: 2.7953084e+08 | AH19: 2.4914095e+08 | AI19: 1.5668338e+08 | AJ19: 1.5284401e+08 | AL19: =B19-T19 -> 5.3925388e+09 | AM19: =C19-U19 -> 5.4826187e+09 | AN19: =D19-V19 -> 5.4720503e+09 | AO19: =E19-W19 -> 5.4681716e+09 | AP19: =F19-X19 -> 5.3823744e+09 | AQ19: =G19-Y19 -> 5.2625143e+09 | AR19: =H19-Z19 -> 5.1358082e+09 | AS19: =I19-AA19 -> 5.0411988e+09 | ... AZ19: =P19-AH19 -> 4.2342499e+09 | BA19: =R19-AJ19 -> 4.0449472e+09 | BB19: =R19-AJ19 -> 4.0449472e+09 | BC19: 17716780 | BD19: 20534523 | BE19: 33252706 | BF19: 31014477 | BG19: 37676348 | BH19: 28120188 | BI19: 40057414 | BJ19: 41583131 | BK19: 27376326 | BL19: 41929608 | BM19: 43292517 | BN19: 47595421 | BO19: 31438243 | BP19: 24327955 | BQ19: 17809410 | BR19: 24468090 | BS19: 4807141.1 | BU19: =IFERROR(BC19/AL19,0)*100 -> 0.32854246 | BV19: =IFERROR(BD19/AM19,0)*100 -> 0.37453859 | BW19: =IFERROR(BE19/AN19,0)*100 -> 0.60768274 | BX19: =IFERROR(BF19/AO19,0)*100 -> 0.56718186 | BY19: =IFERROR(BG19/AP19,0)*100 -> 0.69999493 | BZ19: =IFERROR(BH19/AQ19,0)*100 -> 0.53434892 | CA19: =IFERROR(BI19/AR19,0)*100 -> 0.77996321 | CB19: =IFERROR(BJ19/AS19,0)*100 -> 0.82486592 | ... CI19: =IFERROR(BQ19/AZ19,0)*100 -> 0.42060365 | CJ19: =IFERROR(BQ19/AZ19,0)*100 -> 0.42060365 | CK19: =IFERROR(BS19/BB19,0)*100 -> 0.11884311
A20: Creek vista Heights | B20: 1.2355505e+09 | C20: 1.2064568e+09 | D20: 1.1630645e+09 | E20: 1.1047248e+09 | F20: 1.0382007e+09 | G20: 1.0129344e+09 | H20: 9.811522e+08 | I20: 9.5204431e+08 | J20: 9.375281e+08 | K20: 9.4045962e+08 | L20: 9.2791496e+08 | M20: 9.088817e+08 | N20: 8.9607187e+08 | O20: 8.7382716e+08 | P20: 8.4883331e+08 | Q20: 8.3209489e+08 | R20: 8.0855569e+08 | T20: 49289860 | U20: 83254096 | V20: 98595624 | W20: 70838537 | X20: 41250981 | Y20: 41672945 | Z20: 23702770 | AA20: 11566396 | AB20: 6360028 | AC20: 6788299.7 | AD20: 6742241 | AE20: 8341008.6 | AF20: 7758674.8 | AG20: 11921101 | AH20: 9023061.9 | AI20: 2185783.1 | AJ20: 1131297.6 | AL20: =B20-T20 -> 1.1862607e+09 | AM20: =C20-U20 -> 1.1232027e+09 | AN20: =D20-V20 -> 1.0644688e+09 | AO20: =E20-W20 -> 1.0338863e+09 | AP20: =F20-X20 -> 9.9694968e+08 | AQ20: =G20-Y20 -> 9.7126141e+08 | AR20: =H20-Z20 -> 9.5744943e+08 | AS20: =I20-AA20 -> 9.4047791e+08 | ... AZ20: =P20-AH20 -> 8.3981025e+08 | BA20: =R20-AJ20 -> 8.0742439e+08 | BB20: =R20-AJ20 -> 8.0742439e+08 | BC20: 9448629.2 | BD20: 11678771 | BE20: 7081811.9 | BF20: 9865521.3 | BG20: 7303352.8 | BH20: 5056211.8 | BI20: 12181329 | BJ20: 8985063 | BK20: 9010807.4 | BL20: 12094273 | BM20: 16603477 | BN20: 12496141 | BO20: 10901681 | BP20: 20055884 | BQ20: 5333286.3 | BR20: 24441802 | BS20: 2846134.6 | BU20: =IFERROR(BC20/AL20,0)*100 -> 0.79650531 | BV20: =IFERROR(BD20/AM20,0)*100 -> 1.0397742 | BW20: =IFERROR(BE20/AN20,0)*100 -> 0.66529068 | BX20: =IFERROR(BF20/AO20,0)*100 -> 0.95421723 | BY20: =IFERROR(BG20/AP20,0)*100 -> 0.73256985 | BZ20: =IFERROR(BH20/AQ20,0)*100 -> 0.52058197 | CA20: =IFERROR(BI20/AR20,0)*100 -> 1.2722686 | CB20: =IFERROR(BJ20/AS20,0)*100 -> 0.95537204 | ... CI20: =IFERROR(BQ20/AZ20,0)*100 -> 0.63505849 | CJ20: =IFERROR(BQ20/AZ20,0)*100 -> 0.63505849 | CK20: =IFERROR(BS20/BB20,0)*100 -> 0.3524955
A21: Sobha One | B21: 4.0798893e+09 | C21: 4.092543e+09 | D21: 4.3935359e+09 | E21: 4.4632369e+09 | F21: 3.9836316e+09 | G21: 3.8844961e+09 | H21: 3.744943e+09 | I21: 3.6307744e+09 | J21: 3.5156267e+09 | K21: 3.4802443e+09 | L21: 3.4051345e+09 | M21: 3.34323e+09 | N21: 3.2457954e+09 | O21: 3.141235e+09 | P21: 3.0552074e+09 | Q21: 2.9939908e+09 | R21: 2.9385897e+09 | T21: 2.0628276e+08 | U21: 1.5619016e+08 | V21: 1.2292495e+08 | W21: 1.6789708e+08 | X21: 2.164936e+08 | Y21: 2.4414672e+08 | Z21: 2.0308957e+08 | AA21: 1.5592929e+08 | AB21: 1.2567441e+08 | AC21: 98006637 | AD21: 1.058401e+08 | AE21: 1.4037664e+08 | AF21: 1.0783066e+08 | AG21: 1.0011065e+08 | AH21: 95894422 | AI21: 84202498 | AJ21: 81035334 | AL21: =B21-T21 -> 3.8736065e+09 | AM21: =C21-U21 -> 3.9363529e+09 | AN21: =D21-V21 -> 4.2706109e+09 | AO21: =E21-W21 -> 4.2953398e+09 | AP21: =F21-X21 -> 3.767138e+09 | AQ21: =G21-Y21 -> 3.6403494e+09 | AR21: =H21-Z21 -> 3.5418534e+09 | AS21: =I21-AA21 -> 3.4748451e+09 | ... AZ21: =P21-AH21 -> 2.9593129e+09 | BA21: =R21-AJ21 -> 2.8575544e+09 | BB21: =R21-AJ21 -> 2.8575544e+09 | BC21: 35055556 | BD21: 21934515 | BE21: 24338247 | BF21: 30870483 | BG21: 32479981 | BH21: 23846092 | BI21: 25764169 | BJ21: 34057477 | BK21: 23948930 | BL21: 39215486 | BM21: 24148806 | BN21: 25456361 | BO21: 35107615 | BP21: 24174311 | BQ21: 7873168 | BR21: 25877302 | BS21: 5919974.5 | BU21: =IFERROR(BC21/AL21,0)*100 -> 0.90498495 | BV21: =IFERROR(BD21/AM21,0)*100 -> 0.55722939 | BW21: =IFERROR(BE21/AN21,0)*100 -> 0.56990083 | BX21: =IFERROR(BF21/AO21,0)*100 -> 0.71869711 | BY21: =IFERROR(BG21/AP21,0)*100 -> 0.86219251 | BZ21: =IFERROR(BH21/AQ21,0)*100 -> 0.65504953 | CA21: =IFERROR(BI21/AR21,0)*100 -> 0.72742053 | CB21: =IFERROR(BJ21/AS21,0)*100 -> 0.98011497 | ... CI21: =IFERROR(BQ21/AZ21,0)*100 -> 0.26604716 | CJ21: =IFERROR(BQ21/AZ21,0)*100 -> 0.26604716 | CK21: =IFERROR(BS21/BB21,0)*100 -> 0.20716927
A22: Sub Total (B) | B22: =SUM(B14:B21) -> 1.6823267e+10 | C22: =SUM(C14:C21) -> 1.6797692e+10 | D22: =SUM(D14:D21) -> 1.6971569e+10 | E22: =SUM(E14:E21) -> 1.6779977e+10 | F22: =SUM(F14:F21) -> 1.6132715e+10 | G22: =SUM(G14:G21) -> 1.585851e+10 | H22: =SUM(H14:H21) -> 1.5341242e+10 | I22: =SUM(I14:I21) -> 1.4961692e+10 | ... R22: =SUM(R14:R21) -> 1.1456632e+10 | T22: =SUM(T14:T21) -> 7.41668e+08 | U22: =SUM(U14:U21) -> 7.335247e+08 | V22: =SUM(V14:V21) -> 7.9459406e+08 | W22: =SUM(W14:W21) -> 8.1546795e+08 | X22: =SUM(X14:X21) -> 8.7768912e+08 | Y22: =SUM(Y14:Y21) -> 9.4309169e+08 | Z22: =SUM(Z14:Z21) -> 7.4361818e+08 | AA22: =SUM(AA14:AA21) -> 6.1994283e+08 | ... AJ22: =SUM(AJ14:AJ21) -> 8.3841075e+08 | AL22: =SUM(AL14:AL21) -> 1.6081599e+10 | AM22: =SUM(AM14:AM21) -> 1.6064167e+10 | AN22: =SUM(AN14:AN21) -> 1.6176975e+10 | AO22: =SUM(AO14:AO21) -> 1.596451e+10 | AP22: =SUM(AP14:AP21) -> 1.5255026e+10 | AQ22: =SUM(AQ14:AQ21) -> 1.4915418e+10 | AR22: =SUM(AR14:AR21) -> 1.4597624e+10 | AS22: =SUM(AS14:AS21) -> 1.434175e+10 | ... BS22: =SUM(BS14:BS21) -> 24089962 | BU22: =IFERROR(BC22/AL22,0)*100 -> 0.59533298 | BV22: =IFERROR(BD22/AM22,0)*100 -> 0.47347408 | BW22: =IFERROR(BE22/AN22,0)*100 -> 0.60208537 | BX22: =IFERROR(BF22/AO22,0)*100 -> 0.66992585 | BY22: =IFERROR(BG22/AP22,0)*100 -> 0.73958199 | BZ22: =IFERROR(BH22/AQ22,0)*100 -> 1.0411679 | CA22: =IFERROR(BI22/AR22,0)*100 -> 0.89689803 | CB22: =IFERROR(BJ22/AS22,0)*100 -> 0.86588523 | ... CI22: =IFERROR(BQ22/AZ22,0)*100 -> 0.83070077 | CJ22: =IFERROR(BQ22/AZ22,0)*100 -> 0.83070077 | CK22: =IFERROR(BR22/BA22,0)*100 -> 1.4121641
A23: Sea Haven | B23: 2.6674799e+09 | C23: 2.6598566e+09 | D23: 2.6142375e+09 | E23: 2.5565129e+09 | F23: 2.4933529e+09 | G23: 2.459129e+09 | H23: 2.3927261e+09 | I23: 2.4488377e+09 | J23: 2.487575e+09 | K23: 2.4650629e+09 | L23: 2.3666747e+09 | M23: 2.3486498e+09 | N23: 2.2163138e+09 | O23: 2.1872151e+09 | P23: 2.2304305e+09 | Q23: 2.0441876e+09 | R23: 1.9811356e+09 | T23: 57236415 | U23: 1.2989854e+08 | V23: 1.896072e+08 | W23: 1.6960523e+08 | X23: 1.046149e+08 | Y23: 69697385 | Z23: 60471653 | AA23: 1.5873498e+08 | AB23: 2.1734371e+08 | AC23: 1.603828e+08 | AD23: 1.1735412e+08 | AE23: 99919483 | AF23: 69997830 | AG23: 1.7373759e+08 | AH23: 2.2388323e+08 | AI23: 1.3768266e+08 | AJ23: 1.1292905e+08 | AL23: =B23-T23 -> 2.6102435e+09 | AM23: =C23-U23 -> 2.529958e+09 | AN23: =D23-V23 -> 2.4246303e+09 | AO23: =E23-W23 -> 2.3869077e+09 | AP23: =F23-X23 -> 2.388738e+09 | AQ23: =G23-Y23 -> 2.3894316e+09 | AR23: =H23-Z23 -> 2.3322545e+09 | AS23: =I23-AA23 -> 2.2901027e+09 | ... AZ23: =P23-AH23 -> 2.0065473e+09 | BA23: =R23-AJ23 -> 1.8682066e+09 | BB23: =R23-AJ23 -> 1.8682066e+09 | BC23: 12080773 | BD23: 22874927 | BE23: 14049456 | BF23: 53495046 | BG23: 59735344 | BH23: 16953523 | BI23: 10086812 | BJ23: 20671593 | BK23: 31932832 | BL23: 9882528.6 | BM23: 15677152 | BN23: 17759524 | BO23: 13421921 | BP23: 19130854 | BQ23: 12830247 | BR23: 13025556 | BS23: 1164230.1 | BU23: =IFERROR(BC23/AL23,0)*100 -> 0.46282169 | BV23: =IFERROR(BD23/AM23,0)*100 -> 0.9041623 | BW23: =IFERROR(BE23/AN23,0)*100 -> 0.57944735 | BX23: =IFERROR(BF23/AO23,0)*100 -> 2.2411862 | BY23: =IFERROR(BG23/AP23,0)*100 -> 2.5007073 | BZ23: =IFERROR(BH23/AQ23,0)*100 -> 0.70952116 | CA23: =IFERROR(BI23/AR23,0)*100 -> 0.43249191 | CB23: =IFERROR(BJ23/AS23,0)*100 -> 0.9026492 | ... CI23: =IFERROR(BQ23/AZ23,0)*100 -> 0.63941913 | CJ23: =IFERROR(BQ23/AZ23,0)*100 -> 0.63941913 | CK23: =IFERROR(BS23/BB23,0)*100 -> 0.062318061
A24: Sobha Orbis | B24: 1.5740629e+09 | C24: 1.6660042e+09 | D24: 1.8119664e+09 | E24: 1.9259981e+09 | F24: 2.0079347e+09 | G24: 2.0793695e+09 | H24: 2.1577527e+09 | I24: 2.2381925e+09 | J24: 2.2453773e+09 | K24: 2.3598784e+09 | L24: 2.349072e+09 | M24: 2.3194768e+09 | N24: 2.2696503e+09 | O24: 2.2353918e+09 | P24: 2.1999816e+09 | Q24: 2.1208137e+09 | R24: 2.0731958e+09 | T24: 33303097 | U24: 82155023 | V24: 97719116 | W24: 83877977 | X24: 69633125 | Y24: 63803444 | Z24: 71043869 | AA24: 1.1916987e+08 | AB24: 1.3577139e+08 | AC24: 1.0941872e+08 | AD24: 95636041 | AE24: 92187899 | AF24: 64877509 | AG24: 1.0500584e+08 | AH24: 1.1703201e+08 | AI24: 90497149 | AJ24: 1.125859e+08 | AL24: =B24-T24 -> 1.5407598e+09 | AM24: =C24-U24 -> 1.5838492e+09 | AN24: =D24-V24 -> 1.7142473e+09 | AO24: =E24-W24 -> 1.8421201e+09 | AP24: =F24-X24 -> 1.9383016e+09 | AQ24: =G24-Y24 -> 2.0155661e+09 | AR24: =H24-Z24 -> 2.0867088e+09 | AS24: =I24-AA24 -> 2.1190226e+09 | ... AZ24: =P24-AH24 -> 2.0829496e+09 | BA24: =R24-AJ24 -> 1.96061e+09 | BB24: =R24-AJ24 -> 1.96061e+09 | BC24: 6104046.4 | BD24: 8264327.3 | BE24: 7290307.5 | BF24: 10158278 | BG24: 10498807 | BH24: 8364641.1 | BI24: 17638782 | BJ24: 13112016 | BK24: 10367708 | BL24: 17687753 | BM24: 8495520.2 | BN24: 7313350.7 | BO24: 9930678.2 | BP24: 9444547.5 | BQ24: 4768482.9 | BR24: 4635012.7 | BS24: 633861 | BU24: =IFERROR(BC24/AL24,0)*100 -> 0.39617119 | BV24: =IFERROR(BD24/AM24,0)*100 -> 0.52178751 | BW24: =IFERROR(BE24/AN24,0)*100 -> 0.42527747 | BX24: =IFERROR(BF24/AO24,0)*100 -> 0.55144496 | BY24: =IFERROR(BG24/AP24,0)*100 -> 0.54164982 | BZ24: =IFERROR(BH24/AQ24,0)*100 -> 0.41500208 | CA24: =IFERROR(BI24/AR24,0)*100 -> 0.84529195 | CB24: =IFERROR(BJ24/AS24,0)*100 -> 0.61877662 | ... CI24: =IFERROR(BQ24/AZ24,0)*100 -> 0.22892934 | CJ24: =IFERROR(BQ24/AZ24,0)*100 -> 0.22892934 | CK24: =IFERROR(BS24/BB24,0)*100 -> 0.032329786
A25: Sobha Sanctuary | B25: 0 | C25: 0 | D25: 0 | E25: 0 | F25: 0 | G25: 0 | H25: 0 | I25: 0 | J25: 0 | K25: 0 | L25: 0 | M25: 0 | N25: 0 | O25: 6.7912264e+08 | P25: 1.1680043e+09 | Q25: 1.2133303e+09 | R25: 1.3483491e+09 | T25: 0 | U25: 0 | V25: 0 | W25: 0 | X25: 0 | Y25: 0 | Z25: 0 | AA25: 0 | AB25: 0 | AC25: 0 | AD25: 0 | AE25: 0 | AF25: 0 | AG25: 5117888.6 | AH25: 48071535 | AI25: 56970185 | AJ25: 33946445 | AL25: =B25-T25 -> 0 | AM25: =C25-U25 -> 0 | AN25: =D25-V25 -> 0 | AO25: =E25-W25 -> 0 | AP25: =F25-X25 -> 0 | AQ25: =G25-Y25 -> 0 | AR25: =H25-Z25 -> 0 | AS25: =I25-AA25 -> 0 | ... AZ25: =P25-AH25 -> 1.1199328e+09 | BA25: =R25-AJ25 -> 1.3144027e+09 | BB25: =R25-AJ25 -> 1.3144027e+09 | BC25: 0 | BD25: 0 | BE25: 0 | BF25: 0 | BG25: 0 | BH25: 0 | BI25: 0 | BJ25: 0 | BK25: 0 | BL25: 0 | BM25: 0 | BN25: 0 | BO25: 94928.24 | BP25: 9011127.1 | BQ25: 9438805.7 | BR25: 3405172.2 | BS25: 1004035.6 | BU25: =IFERROR(BC25/AL25,0)*100 -> 0 | BV25: =IFERROR(BD25/AM25,0)*100 -> 0 | BW25: =IFERROR(BE25/AN25,0)*100 -> 0 | BX25: =IFERROR(BF25/AO25,0)*100 -> 0 | BY25: =IFERROR(BG25/AP25,0)*100 -> 0 | BZ25: =IFERROR(BH25/AQ25,0)*100 -> 0 | CA25: =IFERROR(BI25/AR25,0)*100 -> 0 | CB25: =IFERROR(BJ25/AS25,0)*100 -> 0 | ... CI25: =IFERROR(BQ25/AZ25,0)*100 -> 0.84280107 | CJ25: =IFERROR(BQ25/AZ25,0)*100 -> 0.84280107 | CK25: =IFERROR(BS25/BB25,0)*100 -> 0.076387218
A26: Skyscape | B26: 1.7271163e+09 | C26: 1.8113977e+09 | D26: 1.964049e+09 | E26: 2.0383115e+09 | F26: 2.0879896e+09 | G26: 2.0855537e+09 | H26: 2.1466796e+09 | I26: 2.2285707e+09 | J26: 2.2914499e+09 | K26: 2.3853987e+09 | L26: 2.4045525e+09 | M26: 2.5357942e+09 | N26: 2.5801414e+09 | O26: 2.6001601e+09 | P26: 2.6616766e+09 | Q26: 2.6572718e+09 | R26: 2.6439883e+09 | T26: 13969879 | U26: 13070767 | V26: 16147051 | W26: 46902151 | X26: 67624520 | Y26: 64964576 | Z26: 59535023 | AA26: 55905954 | AB26: 56302094 | AC26: 52079514 | AD26: 36100025 | AE26: 50714571 | AF26: 48932192 | AG26: 44588219 | AH26: 32704719 | AI26: 62035200 | AJ26: 84091369 | AL26: =B26-T26 -> 1.7131464e+09 | AM26: =C26-U26 -> 1.798327e+09 | AN26: =D26-V26 -> 1.9479019e+09 | AO26: =E26-W26 -> 1.9914094e+09 | AP26: =F26-X26 -> 2.0203651e+09 | AQ26: =G26-Y26 -> 2.0205891e+09 | AR26: =H26-Z26 -> 2.0871445e+09 | AS26: =I26-AA26 -> 2.1726648e+09 | ... AZ26: =P26-AH26 -> 2.6289718e+09 | BA26: =R26-AJ26 -> 2.559897e+09 | BB26: =R26-AJ26 -> 2.559897e+09 | BC26: 12682613 | BD26: 6248765.4 | BE26: 7103165.5 | BF26: 10054628 | BG26: 38103760 | BH26: 5635527.7 | BI26: 9359162.7 | BJ26: 15103736 | BK26: 5278884.9 | BL26: 10798154 | BM26: 8973868.2 | BN26: 6779344.1 | BO26: 9784176.8 | BP26: 15145021 | BQ26: 5205501.9 | BR26: 8976908.1 | BS26: 493227.96 | BU26: =IFERROR(BC26/AL26,0)*100 -> 0.74031106 | BV26: =IFERROR(BD26/AM26,0)*100 -> 0.3474766 | BW26: =IFERROR(BE26/AN26,0)*100 -> 0.36465724 | BX26: =IFERROR(BF26/AO26,0)*100 -> 0.5049001 | BY26: =IFERROR(BG26/AP26,0)*100 -> 1.8859839 | BZ26: =IFERROR(BH26/AQ26,0)*100 -> 0.27890518 | CA26: =IFERROR(BI26/AR26,0)*100 -> 0.44841948 | CB26: =IFERROR(BJ26/AS26,0)*100 -> 0.69517102 | ... CI26: =IFERROR(BQ26/AZ26,0)*100 -> 0.19800523 | CJ26: =IFERROR(BQ26/AZ26,0)*100 -> 0.19800523 | CK26: =IFERROR(BS26/BB26,0)*100 -> 0.019267493
A27: Sub Total (C) | B27: =SUM(B23:B26) -> 5.9686591e+09 | C27: =SUM(C23:C26) -> 6.1372586e+09 | D27: =SUM(D23:D26) -> 6.3902529e+09 | E27: =SUM(E23:E26) -> 6.5208225e+09 | F27: =SUM(F23:F26) -> 6.5892772e+09 | G27: =SUM(G23:G26) -> 6.6240522e+09 | H27: =SUM(H23:H26) -> 6.6971584e+09 | I27: =SUM(I23:I26) -> 6.9156009e+09 | ... R27: =SUM(R23:R26) -> 8.0466689e+09 | T27: =SUM(T23:T26) -> 1.0450939e+08 | U27: =SUM(U23:U26) -> 2.2512433e+08 | V27: =SUM(V23:V26) -> 3.0347336e+08 | W27: =SUM(W23:W26) -> 3.0038536e+08 | X27: =SUM(X23:X26) -> 2.4187254e+08 | Y27: =SUM(Y23:Y26) -> 1.984654e+08 | Z27: =SUM(Z23:Z26) -> 1.9105055e+08 | AA27: =SUM(AA23:AA26) -> 3.3381081e+08 | ... AJ27: =SUM(AJ23:AJ26) -> 3.4355276e+08 | AL27: =SUM(AL23:AL26) -> 5.8641497e+09 | AM27: =SUM(AM23:AM26) -> 5.9121342e+09 | AN27: =SUM(AN23:AN26) -> 6.0867795e+09 | AO27: =SUM(AO23:AO26) -> 6.2204371e+09 | AP27: =SUM(AP23:AP26) -> 6.3474047e+09 | AQ27: =SUM(AQ23:AQ26) -> 6.4255868e+09 | AR27: =SUM(AR23:AR26) -> 6.5061078e+09 | AS27: =SUM(AS23:AS26) -> 6.5817901e+09 | ... BS27: =SUM(BS23:BS26) -> 3295354.7 | BU27: =IFERROR(BC27/AL27,0)*100 -> 0.52637524 | BV27: =IFERROR(BD27/AM27,0)*100 -> 0.63239463 | BW27: =IFERROR(BE27/AN27,0)*100 -> 0.46729028 | BX27: =IFERROR(BF27/AO27,0)*100 -> 1.184932 | BY27: =IFERROR(BG27/AP27,0)*100 -> 1.7068064 | BZ27: =IFERROR(BH27/AQ27,0)*100 -> 0.48172552 | CA27: =IFERROR(BI27/AR27,0)*100 -> 0.5699991 | CB27: =IFERROR(BJ27/AS27,0)*100 -> 0.74276672 | ... CI27: =IFERROR(BQ27/AZ27,0)*100 -> 0.4113471 | CJ27: =IFERROR(BQ27/AZ27,0)*100 -> 0.4113471 | CK27: =IFERROR(BR27/BA27,0)*100 -> 0.39000643
A28: Elwood Villas | B28: 1.1247895e+09 | C28: 1.3139525e+09 | D28: 1.4076663e+09 | E28: 1.4780617e+09 | F28: 1.474949e+09 | G28: 1.4468021e+09 | H28: 1.4114387e+09 | I28: 1.4749101e+09 | J28: 1.4326799e+09 | K28: 1.3892248e+09 | L28: 1.3352572e+09 | M28: 1.300311e+09 | N28: 1.4795869e+09 | O28: 1.2249187e+09 | P28: 1.185841e+09 | Q28: 1.1507017e+09 | R28: 1.1260793e+09 | T28: 46911498 | U28: 42000971 | V28: 35317670 | W28: 50418002 | X28: 56711713 | Y28: 48612052 | Z28: 57386116 | AA28: 64842635 | AB28: 47827381 | AC28: 52316298 | AD28: 53841204 | AE28: 58531120 | AF28: 54358603 | AG28: 52147515 | AH28: 48934330 | AI28: 48051885 | AJ28: 48747113 | AL28: =B28-T28 -> 1.077878e+09 | AM28: =C28-U28 -> 1.2719515e+09 | AN28: =D28-V28 -> 1.3723487e+09 | AO28: =E28-W28 -> 1.4276437e+09 | AP28: =F28-X28 -> 1.4182373e+09 | AQ28: =G28-Y28 -> 1.3981901e+09 | AR28: =H28-Z28 -> 1.3540526e+09 | AS28: =I28-AA28 -> 1.4100675e+09 | ... AZ28: =P28-AH28 -> 1.1369067e+09 | BA28: =R28-AJ28 -> 1.0773322e+09 | BB28: =R28-AJ28 -> 1.0773322e+09 | BC28: 2784235.9 | BD28: 4437986.2 | BE28: 6447569.1 | BF28: 5259569.9 | BG28: 4278642.5 | BH28: 2989119.5 | BI28: 3543951.6 | BJ28: 6291390.3 | BK28: 5290530.4 | BL28: 30460355 | BM28: 8265397.1 | BN28: 7271217 | BO28: 13745905 | BP28: 15750874 | BQ28: 6848593.6 | BR28: 4210246.4 | BS28: 4226024 | BU28: =IFERROR(BC28/AL28,0)*100 -> 0.25830714 | BV28: =IFERROR(BD28/AM28,0)*100 -> 0.34891158 | BW28: =IFERROR(BE28/AN28,0)*100 -> 0.46982004 | BX28: =IFERROR(BF28/AO28,0)*100 -> 0.36840914 | BY28: =IFERROR(BG28/AP28,0)*100 -> 0.30168736 | BZ28: =IFERROR(BH28/AQ28,0)*100 -> 0.21378491 | CA28: =IFERROR(BI28/AR28,0)*100 -> 0.26172924 | CB28: =IFERROR(BJ28/AS28,0)*100 -> 0.44617655 | ... CI28: =IFERROR(BQ28/AZ28,0)*100 -> 0.60238836 | CJ28: =IFERROR(BQ28/AZ28,0)*100 -> 0.60238836 | CK28: =IFERROR(BS28/BB28,0)*100 -> 0.39226751
