Workbook
Name Ak: #REF!
Name l: 'consolidated - Offplan'!#REF!
Name l: 'consolidated tracker'!#REF!
Name NOB: #REF!
Name Source: #REF!
Name SRCE: #REF!
Name Style: #REF!
Name TOS: #REF!
Name Type: #REF!
Name VLOOKUP: #REF!

Sheet consolidated tracker
A1: 46143
J2: Consolidated collections tracker | N2: As on | O2: 46143
C3: S.No. | D3: Project details | E3: Project registration status | F3: Unit Count | G3: Sale value | H3: Milestone due | I3: Collected against due | J3: Collected against Advance | K3: % Collected vs Milestone | L3: Due to be collected | M3: Future collectibles | N3: 2026 | O3: 2027 | P3: 2028 | Q3: 2029 | R3: 2030 | S3: 2031 | T3: =+S3+1 -> 2032 | U3: =T3+1 -> 2033 | V3: =U3+1 -> 2034 | W3: =V3+1 -> 2035
C4: 1 | D4: Greens | E4: RERA | F4: =SUM(F5:F10) -> 1026 | G4: =SUM(G5:G10) -> 1.5600085e+09 | H4: =SUM(H5:H10) -> 1.5605552e+09 | I4: =SUM(I5:I10) -> 1.557024e+09 | J4: =SUM(J5:J10) -> 610608.84 | K4: =I4/H4 -> 0.99773718 | L4: =SUM(L5:L10) -> 3531253.2 | M4: =SUM(M5:M10) -> 2069265.9 | N4: =M4-SUM(O4:W4) -> 772553.76 | O4: =SUM(O5:O10) -> 558962.14 | P4: =SUM(P5:P10) -> 368875 | Q4: =SUM(Q5:Q10) -> 368875 | R4: =SUM(R5:R10) -> 0 | S4: =SUM(S5:S10) -> 0 | T4: =SUM(T5:T10) -> 0 | U4: =SUM(U5:U10) -> 0 | V4: =SUM(V5:V10) -> 0 | W4: =SUM(W5:W10) -> 0 | X4: =_xlfn.XLOOKUP(D4,'Overdue-1'!D:D,'Overdue-1'!E:E,0)-G4 -> 0 | Y4: =_xlfn.FORMULATEXT(H4) -> =SUM(H5:H10)
D5: Phase I - Building 1 | E5: RERA | F5: 90 | G5: 1.5765538e+08 | H5: 1.5832814e+08 | I5: 1.5742695e+08 | J5: 0 | K5: 1 | L5: 901192.1 | M5: =MAX(G5-(H5+J5),0) -> 0 | N5: 0 | O5: 0 | P5: 0 | Q5: 0 | R5: 0 | S5: 0 | T5: 0 | U5: 0 | V5: 0 | W5: 0 | X5: =_xlfn.XLOOKUP(D5,'Overdue-1'!D:D,'Overdue-1'!E:E,0)-G5 -> 0 | Y5: =_xlfn.FORMULATEXT(H5) -> #N/A | Z5: 0
D6: Phase I - Building 4 | E6: RERA | F6: 78 | G6: 1.9920509e+08 | H6: 1.992051e+08 | I6: 1.9920509e+08 | J6: 3.02 | K6: =I6/H6 -> 0.99999997 | L6: 6.38 | M6: =MAX(G6-(H6+J6),0) -> 0 | N6: 0 | O6: 0 | P6: 0 | Q6: 0 | R6: 0 | S6: 0 | T6: 0 | U6: 0 | V6: 0 | W6: 0 | X6: =_xlfn.XLOOKUP(D6,'Overdue-1'!D:D,'Overdue-1'!E:E,0)-G6 -> 0 | Y6: =_xlfn.FORMULATEXT(H6) -> #N/A | Z6: 0
D7: Phase II - Building 2 | E7: RERA | F7: 257 | G7: 3.9253397e+08 | H7: 3.9404335e+08 | I7: 3.9377025e+08 | J7: 1.15 | K7: =I7/H7 -> 0.99930694 | L7: 273096.54 | M7: =MAX(G7-(H7+J7),0) -> 0 | N7: 0 | O7: 0 | P7: 0 | Q7: 0 | R7: 0 | S7: 0 | T7: 0 | U7: 0 | V7: 0 | W7: 0 | X7: =_xlfn.XLOOKUP(D7,'Overdue-1'!D:D,'Overdue-1'!E:E,0)-G7 -> 0 | Y7: =_xlfn.FORMULATEXT(H7) -> #N/A | Z7: 0
D8: Phase II - Building 3 | E8: RERA | F8: 96 | G8: 1.6107603e+08 | H8: 1.6107103e+08 | I8: 1.6097633e+08 | J8: 5004.64 | K8: =I8/H8 -> 0.99941205 | L8: 94701.56 | M8: =MAX(G8-(H8+J8),0) -> 0.53999999 | N8: =M8-SUM(O8:W8) -> 0.53999999 | O8: 0 | P8: 0 | Q8: 0 | R8: 0 | S8: 0 | T8: 0 | U8: 0 | V8: 0 | W8: 0 | X8: =_xlfn.XLOOKUP(D8,'Overdue-1'!D:D,'Overdue-1'!E:E,0)-G8 -> 0 | Y8: =_xlfn.FORMULATEXT(H8) -> #N/A | Z8: 0
D9: Phase III - Building 5 | E9: RERA | F9: 198 | G9: 3.5831243e+08 | H9: 3.5687859e+08 | I9: 3.5528974e+08 | J9: 468638.21 | K9: =I9/H9 -> 0.99554793 | L9: 1588849.6 | M9: =SUM(N9:W9) -> 1786525.1 | N9: 489813 | O9: 558962.14 | P9: 368875 | Q9: 368875 | R9: 0 | S9: 0 | T9: 0 | U9: 0 | V9: 0 | W9: 0 | X9: =_xlfn.XLOOKUP(D9,'Overdue-1'!D:D,'Overdue-1'!E:E,0)-G9 -> 0 | Y9: =_xlfn.FORMULATEXT(H9) -> #N/A | Z9: 0
D10: Phase III - Building 6 | E10: RERA | F10: 307 | G10: 2.9122561e+08 | H10: 2.9102902e+08 | I10: 2.9035561e+08 | J10: 136961.82 | K10: =I10/H10 -> 0.99768612 | L10: 673406.98 | M10: =SUM(N10:W10) -> 282740.22 | N10: 282740.22 | O10: 0 | P10: 0 | Q10: 0 | R10: 0 | S10: 0 | T10: 0 | U10: 0 | V10: 0 | W10: 0 | X10: =_xlfn.XLOOKUP(D10,'Overdue-1'!D:D,'Overdue-1'!E:E,0)-G10 -> 0 | Y10: =_xlfn.FORMULATEXT(H10) -> #N/A | Z10: 0
C11: 2 | D11: Hartland 1 villas & townhouses | E11: RERA | F11: =SUM(F12:F16) -> 154 | G11: =SUM(G12:G16) -> 1.8752878e+09 | H11: =SUM(H12:H16) -> 1.8682947e+09 | I11: =SUM(I12:I16) -> 1.8637744e+09 | J11: =SUM(J12:J16) -> 837382.12 | K11: =I11/H11 -> 0.99758052 | L11: =SUM(L12:L16) -> 4520296.8 | M11: =SUM(M12:M16) -> 6155754.6 | N11: =SUM(N12:N16) -> 6155754.6 | O11: =SUM(O12:O16) -> 0 | P11: =SUM(P12:P16) -> 0 | Q11: =SUM(Q12:Q16) -> 0 | R11: =SUM(R12:R16) -> 0 | S11: =SUM(S12:S16) -> 0 | ... W11: =SUM(W12:W16) -> 0 | X11: =_xlfn.XLOOKUP(D11,'Overdue-1'!D:D,'Overdue-1'!E:E,0)-G11 -> 0 | Y11: =_xlfn.FORMULATEXT(H11) -> =SUM(H12:H16)
D12: Villas Phase I | E12: RERA | F12: 48 | G12: 6.3438082e+08 | H12: 6.3281446e+08 | I12: 6.3278905e+08 | J12: 6.66 | K12: =I12/H12 -> 0.99995984 | L12: 25411.39 | M12: =MAX(G12-(H12+J12),0) -> 1566348.5 | N12: =M12 -> 1566348.5 | O12: 0 | P12: 0 | Q12: 0 | R12: 0 | S12: 0 | T12: 0 | U12: 0 | V12: 0 | W12: 0 | X12: =_xlfn.XLOOKUP(D12,'Overdue-1'!D:D,'Overdue-1'!E:E,0)-G12 -> 0 | Y12: =_xlfn.FORMULATEXT(H12) -> #N/A | Z12: 0
D13: Villas Phase II | E13: RERA | F13: 24 | G13: 1.8368157e+08 | H13: 1.828444e+08 | I13: 1.827949e+08 | J13: 837172.01 | K13: =I13/H13 -> 0.99972926 | L13: 49503.62 | M13: =MAX(G13-(H13+J13),0) -> 0 | N13: 0 | O13: 0 | P13: 0 | Q13: 0 | R13: 0 | S13: 0 | T13: 0 | U13: 0 | V13: 0 | W13: 0 | X13: =_xlfn.XLOOKUP(D13,'Overdue-1'!D:D,'Overdue-1'!E:E,0)-G13 -> 0 | Y13: =_xlfn.FORMULATEXT(H13) -> #N/A | Z13: 0
D14: Villas Phase III | E14: RERA | F14: 55 | G14: 9.1301278e+08 | H14: 9.0842317e+08 | I14: 9.0397779e+08 | J14: 203.17 | K14: =I14/H14 -> 0.99510649 | L14: 4445375.3 | M14: =MAX(G14-(H14+J14),0) -> 4589406.1 | N14: =M14 -> 4589406.1 | O14: 0 | P14: 0 | Q14: 0 | R14: 0 | S14: 0 | T14: 0 | U14: 0 | V14: 0 | W14: 0 | X14: =_xlfn.XLOOKUP(D14,'Overdue-1'!D:D,'Overdue-1'!E:E,0)-G14 -> 0 | Y14: =_xlfn.FORMULATEXT(H14) -> #N/A | Z14: 0
D15: Villas Phase IV | E15: RERA | F15: 0 | G15: 0 | H15: 0 | I15: 0 | J15: 0 | K15: =IFERROR(I15/H15,"-") -> - | L15: 0 | M15: =MAX(G15-(H15+J15),0) -> 0 | N15: 0 | O15: 0 | P15: 0 | Q15: 0 | R15: 0 | S15: 0 | T15: 0 | U15: 0 | V15: 0 | W15: 0 | X15: =_xlfn.XLOOKUP(D15,'Overdue-1'!D:D,'Overdue-1'!E:E,0)-G15 -> 0 | Y15: =_xlfn.FORMULATEXT(H15) -> #N/A | Z15: 0
D16: Townhouse | E16: RERA | F16: 27 | G16: 1.4421265e+08 | H16: 1.4421265e+08 | I16: 1.4421264e+08 | J16: 0.28 | K16: =I16/H16 -> 0.99999995 | L16: 6.43 | M16: =MAX(G16-(H16+J16),0) -> 0 | N16: 0 | O16: 0 | P16: 0 | Q16: 0 | R16: 0 | S16: 0 | T16: 0 | U16: 0 | V16: 0 | W16: 0 | X16: =_xlfn.XLOOKUP(D16,'Overdue-1'!D:D,'Overdue-1'!E:E,0)-G16 -> 0 | Y16: =_xlfn.FORMULATEXT(H16) -> #N/A | Z16: 0
C17: 3 | D17: CV & CVR | E17: RERA | F17: =SUM(F18:F21) -> 1562 | G17: =SUM(G18:G21) -> 1.6376391e+09 | H17: =SUM(H18:H21) -> 1.6349928e+09 | I17: =SUM(I18:I21) -> 1.6324027e+09 | J17: =SUM(J18:J21) -> 373043.07 | K17: =I17/H17 -> 0.99841581 | L17: =SUM(L18:L21) -> 2590134.1 | M17: =SUM(M18:M21) -> 2427182.3 | N17: =M17-SUM(O17:W17) -> 1036547.5 | O17: =SUM(O18:O21) -> 1025238.8 | P17: =SUM(P18:P21) -> 365396 | Q17: =SUM(Q18:Q21) -> 0 | R17: =SUM(R18:R21) -> 0 | S17: =SUM(S18:S21) -> 0 | T17: =SUM(T18:T21) -> 0 | U17: =SUM(U18:U21) -> 0 | V17: =SUM(V18:V21) -> 0 | W17: =SUM(W18:W21) -> 0 | X17: =_xlfn.XLOOKUP(D17,'Overdue-1'!D:D,'Overdue-1'!E:E,0)-G17 -> 0 | Y17: =_xlfn.FORMULATEXT(H17) -> =SUM(H18:H21)
D18: Creek vista reserve Tower A | E18: RERA | F18: 452 | G18: 4.6795197e+08 | H18: 4.6658041e+08 | I18: 4.6506066e+08 | J18: 349884.97 | K18: =I18/H18 -> 0.9967428 | L18: 1519743.6 | M18: =MAX(G18-(H18+J18),0) -> 1021675.2 | N18: =M18-SUM(O18:W18) -> 315299.56 | O18: 340979.6 | P18: 365396 | Q18: 0 | R18: 0 | S18: 0 | T18: 0 | U18: 0 | V18: 0 | W18: 0 | X18: =_xlfn.XLOOKUP(D18,'Overdue-1'!D:D,'Overdue-1'!E:E,0)-G18 -> 0 | Y18: =_xlfn.FORMULATEXT(H18) -> #N/A | Z18: -8.9406967e-07
D19: Creek vista reserve Tower B | E19: RERA | F19: 330 | G19: 3.3507329e+08 | H19: 3.3462999e+08 | I19: 3.3427189e+08 | J19: 20608.7 | K19: =I19/H19 -> 0.99892986 | L19: 358102.37 | M19: =MAX(G19-(H19+J19),0) -> 422684.77 | N19: =M19-SUM(O19:W19) -> 422684.77 | O19: 0 | P19: 0 | Q19: 0 | R19: 0 | S19: 0 | T19: 0 | U19: 0 | V19: 0 | W19: 0 | X19: =_xlfn.XLOOKUP(D19,'Overdue-1'!D:D,'Overdue-1'!E:E,0)-G19 -> 0 | Y19: =_xlfn.FORMULATEXT(H19) -> #N/A | Z19: 0
D20: Creek Vista Tower A | E20: RERA | F20: 389 | G20: 4.0749757e+08 | H20: 4.0765148e+08 | I20: 4.0700525e+08 | J20: 3.22 | K20: =I20/H20 -> 0.99841476 | L20: 646226.25 | M20: =MAX(G20-(H20+J20),0) -> 0 | N20: =M20-SUM(O20:W20) -> 0 | O20: 0 | P20: 0 | Q20: 0 | R20: 0 | S20: 0 | T20: 0 | U20: 0 | V20: 0 | W20: 0 | X20: =_xlfn.XLOOKUP(D20,'Overdue-1'!D:D,'Overdue-1'!E:E,0)-G20 -> 0 | Y20: =_xlfn.FORMULATEXT(H20) -> #N/A | Z20: -8.9406967e-07
D21: Creek vista Tower B | E21: RERA | F21: 391 | G21: 4.271163e+08 | H21: 4.2613093e+08 | I21: 4.2606487e+08 | J21: 2546.18 | K21: =I21/H21 -> 0.99984497 | L21: 66061.92 | M21: =MAX(G21-(H21+J21),0) -> 982822.42 | N21: =M21-SUM(O21:W21) -> 298563.22 | O21: 684259.2 | P21: 0 | Q21: 0 | R21: 0 | S21: 0 | T21: 0 | U21: 0 | V21: 0 | W21: 0 | X21: =_xlfn.XLOOKUP(D21,'Overdue-1'!D:D,'Overdue-1'!E:E,0)-G21 -> 0 | Y21: =_xlfn.FORMULATEXT(H21) -> #N/A | Z21: 0
C22: 4 | D22: One Park Avenue Tower | E22: RERA | F22: 415 | G22: 7.7670286e+08 | H22: 7.7835533e+08 | I22: 7.7655347e+08 | J22: 401335.66 | K22: =I22/H22 -> 0.99768505 | L22: 1801856.4 | M22: =SUM(N22:W22) -> 260280.26 | N22: 84418.14 | O22: 175862.12 | P22: 0 | Q22: 0 | R22: 0 | S22: 0 | T22: 0 | U22: 0 | V22: 0 | W22: 0 | X22: =_xlfn.XLOOKUP(D22,'Overdue-1'!D:D,'Overdue-1'!E:E,0)-G22 -> 0 | Y22: =_xlfn.FORMULATEXT(H22) -> #N/A | Z22: 3.2186508e-06
C23: 5 | D23: Waves | E23: RERA | F23: =F229 -> 600 | G23: =G229 -> 7.9367352e+08 | H23: =H229 -> 7.9492305e+08 | I23: =I229 -> 7.9396492e+08 | J23: =J229 -> 0.22 | K23: =I23/H23 -> 0.99879469 | L23: 958128.31 | M23: =SUM(N23:W23) -> 0 | N23: 0 | O23: 0 | P23: 0 | Q23: 0 | R23: 0 | S23: 0 | T23: 0 | U23: 0 | V23: 0 | W23: 0 | X23: =_xlfn.XLOOKUP(D23,'Overdue-1'!D:D,'Overdue-1'!E:E,0)-G23 -> 0 | Y23: =_xlfn.FORMULATEXT(H23) -> =H229
C24: 6 | D24: Waves Grande | E24: RERA | F24: 438 | G24: 7.9798872e+08 | H24: 7.9874645e+08 | I24: 7.9769453e+08 | J24: 0.19 | K24: =IFERROR(I24/H24,0) -> 0.99868304 | L24: 1051915.9 | M24: =SUM(N24:W24) -> 1102958 | N24: 940818.9 | O24: 162139.07 | P24: 0 | Q24: 0 | R24: 0 | S24: 0 | T24: 0 | U24: 0 | V24: 0 | W24: 0 | X24: =_xlfn.XLOOKUP(D24,'Overdue-1'!D:D,'Overdue-1'!E:E,0)-G24 -> 0 | Y24: =_xlfn.FORMULATEXT(H24) -> #N/A | Z24: -1.1920929e-06
C25: 7 | D25: Creek Vistas Grande | E25: RERA | F25: 399 | G25: 8.0263509e+08 | H25: 6.7796074e+08 | I25: 6.667116e+08 | J25: 57228841 | K25: =IFERROR(I25/H25,0) -> 0.98340739 | L25: 11249139 | M25: =MAX(G25-(H25+J25),0) -> 67445510 | N25: =M25-SUM(O25:W25) -> 66338413 | O25: 1107096.9 | P25: 0 | Q25: 0 | R25: 0 | S25: 0 | T25: 0 | U25: 0 | V25: 0 | W25: 0 | X25: =_xlfn.XLOOKUP(D25,'Overdue-1'!D:D,'Overdue-1'!E:E,0)-G25 -> 0 | Y25: =_xlfn.FORMULATEXT(H25) -> #N/A | Z25: 3.2186508e-06
C26: 8 | D26: Crest Grande | E26: RERA | F26: =SUM(F27:F30) -> 976 | G26: =SUM(G27:G30) -> 2.5487419e+09 | H26: =SUM(H27:H30) -> 1.8604904e+09 | I26: =SUM(I27:I30) -> 1.7495576e+09 | J26: =SUM(J27:J30) -> 88303513 | K26: =I26/H26 -> 0.94037441 | L26: =SUM(L27:L30) -> 1.1093283e+08 | M26: =SUM(M27:M30) -> 6.0233064e+08 | N26: =M26-SUM(O26:W26) -> 1.3660304e+08 | O26: =SUM(O27:O30) -> 3.0805485e+08 | P26: =SUM(P27:P30) -> 1.5767275e+08 | Q26: =SUM(Q27:Q30) -> 0 | R26: =SUM(R27:R30) -> 0 | S26: =SUM(S27:S30) -> 0 | T26: =SUM(T27:T30) -> 0 | U26: =SUM(U27:U30) -> 0 | V26: =SUM(V27:V30) -> 0 | W26: =SUM(W27:W30) -> 0 | X26: =_xlfn.XLOOKUP(D26,'Overdue-1'!D:D,'Overdue-1'!E:E,0)-G26 -> 0 | Y26: =_xlfn.FORMULATEXT(H26) -> =SUM(H27:H30)
D27: Crest Grande - Tower A | E27: RERA | F27: 317 | G27: 8.6294444e+08 | H27: 6.3575967e+08 | I27: 5.9104664e+08 | J27: 23092172 | K27: =I27/H27 -> 0.92966992 | L27: 44713031 | M27: =MAX(G27-(H27+J27),0) -> 2.040926e+08 | N27: =M27-SUM(O27:W27) -> 47056546 | O27: 1.0387168e+08 | P27: 53164374 | Q27: 0 | R27: 0 | S27: 0 | T27: 0 | U27: 0 | V27: 0 | W27: 0 | X27: =_xlfn.XLOOKUP(D27,'Overdue-1'!D:D,'Overdue-1'!E:E,0)-G27 -> 0 | Y27: =_xlfn.FORMULATEXT(H27) -> #N/A | Z27: 2.1457672e-06
D28: Crest Grande - Tower B | E28: RERA | F28: 353 | G28: 7.6960777e+08 | H28: 5.1935997e+08 | I28: 4.9814988e+08 | J28: 47316206 | K28: =I28/H28 -> 0.95916111 | L28: 21210086 | M28: =MAX(G28-(H28+J28),0) -> 2.0293159e+08 | N28: =M28-SUM(O28:W28) -> 45806588 | O28: 1.0380475e+08 | P28: 53320250 | Q28: 0 | R28: 0 | S28: 0 | T28: 0 | U28: 0 | V28: 0 | W28: 0 | X28: =_xlfn.XLOOKUP(D28,'Overdue-1'!D:D,'Overdue-1'!E:E,0)-G28 -> 0 | Y28: =_xlfn.FORMULATEXT(H28) -> #N/A | Z28: 3.2186508e-06
D29: Crest Grande - Tower C | E29: RERA | F29: 286 | G29: 8.68536e+08 | H29: 6.5830706e+08 | I29: 6.142898e+08 | J29: 17875390 | K29: =I29/H29 -> 0.93313566 | L29: 44017265 | M29: =MAX(G29-(H29+J29),0) -> 1.9235354e+08 | N29: =M29-SUM(O29:W29) -> 43016489 | O29: 98892087 | P29: 50444968 | Q29: 0 | R29: 0 | S29: 0 | T29: 0 | U29: 0 | V29: 0 | W29: 0 | X29: =_xlfn.XLOOKUP(D29,'Overdue-1'!D:D,'Overdue-1'!E:E,0)-G29 -> 0 | Y29: =_xlfn.FORMULATEXT(H29) -> #N/A | Z29: -2177912.5
D30: Crest Grande - Retail | E30: RERA | F30: 20 | G30: 47653647 | H30: 47063681 | I30: 46071235 | J30: 19745.29 | K30: =I30/H30 -> 0.97891271 | L30: 992445.62 | M30: =MAX(1.05*G30-(H30+J30),0) -> 2952902.8 | N30: =M30-SUM(O30:W30) -> 723416.73 | O30: 1486324.1 | P30: 743162.04 | Q30: 0 | R30: 0 | S30: 0 | T30: 0 | U30: 0 | V30: 0 | W30: 0 | X30: =_xlfn.XLOOKUP(D30,'Overdue-1'!D:D,'Overdue-1'!E:E,0)-G30 -> 0 | Y30: =_xlfn.FORMULATEXT(H30) -> #N/A | Z30: 0
C31: 9 | D31: Waves Opulence | E31: RERA | F31: 357 | G31: 1.0073601e+09 | H31: 5.9813452e+08 | I31: 5.8810201e+08 | J31: 1.0176234e+08 | K31: =I31/H31 -> 0.983227 | L31: 10032511 | M31: =MAX(G31-(H31+J31),0) -> 3.0746324e+08 | N31: =M31 -> 3.0746324e+08 | O31: 0 | P31: 0 | Q31: 0 | R31: 0 | S31: 0 | T31: 0 | U31: 0 | V31: 0 | W31: 0 | X31: =_xlfn.XLOOKUP(D31,'Overdue-1'!D:D,'Overdue-1'!E:E,0)-G31 -> 0 | Y31: =_xlfn.FORMULATEXT(H31) -> #N/A | Z31: 0
C32: 10 | D32: Creek Vista Heights | E32: RERA | F32: =SUM(F33:F35) -> 1324 | G32: =SUM(G33:G35) -> 2.5411988e+09 | H32: =SUM(H33:H35) -> 1.5483509e+09 | I32: =SUM(I33:I35) -> 1.5273238e+09 | J32: =SUM(J33:J35) -> 1.8429219e+08 | K32: =I32/H32 -> 0.98641966 | L32: =SUM(L33:L35) -> 20972071 | M32: =MAX(G32-(H32+J32),0) -> 8.0855569e+08 | N32: =M32 -> 8.0855569e+08 | O32: 0 | P32: 0 | Q32: 0 | R32: 0 | S32: 0 | T32: 0 | U32: 0 | V32: 0 | W32: 0 | X32: =_xlfn.XLOOKUP(D32,'Overdue-1'!D:D,'Overdue-1'!E:E,0)-G32 -> 0 | Y32: =_xlfn.FORMULATEXT(H32) -> =SUM(H33:H35)
D33: Creek vista heights tower A | E33: RERA | F33: 631 | G33: 1.01787e+09 | H33: 6.2624529e+08 | I33: 6.1799097e+08 | J33: 67154177 | K33: =I33/H33 -> 0.98681936 | L33: 8254316.5 | M33: =MAX(G33-(H33+J33),0) -> 3.2447049e+08 | N33: =M33-SUM(O33:W33) -> 3.2406294e+08 | O33: 407554.18 | P33: 0 | Q33: 0 | R33: 0 | S33: 0 | T33: 0 | U33: 0 | V33: 0 | W33: 0 | X33: =_xlfn.XLOOKUP(D33,'Overdue-1'!D:D,'Overdue-1'!E:E,0)-G33 -> 0 | Y33: =_xlfn.FORMULATEXT(H33) -> #N/A | Z33: 2.1457672e-06
D34: Creek vista heights tower B | E34: RERA | F34: 681 | G34: 1.4709835e+09 | H34: 8.8972357e+08 | I34: 8.7732214e+08 | J34: 1.0895002e+08 | K34: =I34/H34 -> 0.98606149 | L34: 12401425 | M34: =MAX(G34-(H34+J34),0) -> 4.723099e+08 | N34: =M34 -> 4.723099e+08 | O34: 0 | P34: 0 | Q34: 0 | R34: 0 | S34: 0 | T34: 0 | U34: 0 | V34: 0 | W34: 0 | X34: =_xlfn.XLOOKUP(D34,'Overdue-1'!D:D,'Overdue-1'!E:E,0)-G34 -> 0 | Y34: =_xlfn.FORMULATEXT(H34) -> #N/A | Z34: 1.0371208e-05
D35: Creek vista heights retail | E35: RERA | F35: 12 | G35: 52345357 | H35: 32382061 | I35: 32010669 | J35: 8187994 | K35: =I35/H35 -> 0.98853095 | L35: 316330 | M35: =MAX(G35-(H35+J35),0) -> 11775303 | N35: =M35 -> 11775303 | O35: 0 | P35: 0 | Q35: 0 | R35: 0 | S35: 0 | T35: 0 | U35: 0 | V35: 0 | W35: 0 | X35: =_xlfn.XLOOKUP(D35,'Overdue-1'!D:D,'Overdue-1'!E:E,0)-G35 -> 0 | Y35: =_xlfn.FORMULATEXT(H35) -> #N/A | Z35: 0
C36: 11 | D36: Sea Haven | E36: RERA | F36: =SUM(F37:F39) -> 680 | G36: =SUM(G37:G39) -> 5.3019632e+09 | H36: =SUM(H37:H39) -> 3.0618523e+09 | I36: =SUM(I37:I39) -> 2.8612734e+09 | J36: =SUM(J37:J39) -> 2.5897524e+08 | K36: =I36/H36 -> 0.93449097 | L36: =SUM(L37:L39) -> 2.0057897e+08 | M36: =MAX(G36-(H36+J36),0) -> 1.9811356e+09 | N36: =M36-SUM(O36:W36) -> 9.6545294e+08 | O36: =SUM(O37:O39) -> 1.0156827e+09 | P36: =SUM(P37:P39) -> 0 | Q36: =SUM(Q37:Q39) -> 0 | R36: =SUM(R37:R39) -> 0 | S36: =SUM(S37:S39) -> 0 | T36: =SUM(T37:T39) -> 0 | U36: =SUM(U37:U39) -> 0 | V36: =SUM(V37:V39) -> 0 | W36: =SUM(W37:W39) -> 0 | X36: =_xlfn.XLOOKUP(D36,'Overdue-1'!D:D,'Overdue-1'!E:E,0)-G36 -> -5.3019632e+09 | Y36: =_xlfn.FORMULATEXT(H36) -> =SUM(H37:H39)
D37: Sea Haven Tower A | E37: RERA | F37: 315 | G37: 2.6154909e+09 | H37: 1.736494e+09 | I37: 1.6042163e+09 | J37: 1.4571977e+08 | K37: =I37/H37 -> 0.92382487 | L37: 1.3227765e+08 | M37: =MAX(G37-(H37+J37),0) -> 7.3327714e+08 | N37: =M37 -> 7.3327714e+08 | O37: 0 | P37: 0 | Q37: 0 | R37: 0 | S37: 0 | T37: 0 | U37: 0 | V37: 0 | W37: 0 | X37: =_xlfn.XLOOKUP(D37,'Overdue-1'!D:D,'Overdue-1'!E:E,0)-G37 -> 0 | Y37: =_xlfn.FORMULATEXT(H37) -> #N/A | Z37: 1592974.8
D38: Sea Haven Tower B | E38: RERA | F38: 223 | G38: 1.5122856e+09 | H38: 7.9933232e+08 | I38: 7.6172395e+08 | J38: 33855061 | K38: =I38/H38 -> 0.95295027 | L38: 37608372 | M38: =MAX(G38-(H38+J38),0) -> 6.7909826e+08 | N38: =M38-SUM(O38:W38) -> 1.3857051e+08 | O38: 5.4052775e+08 | P38: 0 | Q38: 0 | R38: 0 | S38: 0 | T38: 0 | U38: 0 | V38: 0 | W38: 0 | X38: =_xlfn.XLOOKUP(D38,'Overdue-1'!D:D,'Overdue-1'!E:E,0)-G38 -> 0 | Y38: =_xlfn.FORMULATEXT(H38) -> #N/A | Z38: 1527856.8
D39: Sea Haven Tower C | E39: RERA | F39: 142 | G39: 1.1741867e+09 | H39: 5.2602603e+08 | I39: 4.9533309e+08 | J39: 79400407 | K39: =I39/H39 -> 0.94165128 | L39: 30692945 | M39: =MAX(G39-(H39+J39),0) -> 5.6876024e+08 | N39: =M39-SUM(O39:W39) -> 93605285 | O39: 4.7515495e+08 | P39: 0 | Q39: 0 | R39: 0 | S39: 0 | T39: 0 | U39: 0 | V39: 0 | W39: 0 | X39: =_xlfn.XLOOKUP(D39,'Overdue-1'!D:D,'Overdue-1'!E:E,0)-G39 -> 0 | Y39: =_xlfn.FORMULATEXT(H39) -> #N/A | Z39: 0
C40: 12 | D40: Verde | E40: RERA | F40: 606 | G40: 1.5355297e+09 | H40: 8.9106197e+08 | I40: 8.6332707e+08 | J40: 62673788 | K40: =I40/H40 -> 0.96887433 | L40: 27734901 | M40: =MAX(G40-(H40+J40),0) -> 5.8179392e+08 | N40: =M40-SUM(O40:W40) -> 5.8179392e+08 | O40: 0 | P40: 0 | Q40: 0 | R40: 0 | S40: 0 | T40: 0 | U40: 0 | V40: 0 | W40: 0 | X40: =_xlfn.XLOOKUP(D40,'Overdue-1'!D:D,'Overdue-1'!E:E,0)-G40 -> 0 | Y40: =_xlfn.FORMULATEXT(H40) -> #N/A | Z40: 376077.2
C41: 13 | D41: Hartland II Villas & Mansion | E41: RERA | F41: =SUM(F42:F45) -> 104 | G41: =SUM(G42:G45) -> 2.9660575e+09 | H41: =SUM(H42:H45) -> 1.6191306e+09 | I41: =SUM(I42:I45) -> 1.5053489e+09 | J41: =SUM(J42:J45) -> 2.1435543e+08 | K41: =I41/H41 -> 0.92972664 | L41: =SUM(L42:L45) -> 1.1378175e+08 | M41: =MAX(G41-(H41+J41),0) -> 1.1325715e+09 | N41: =SUM(N42:N45) -> 6.1935862e+08 | O41: =SUM(O42:O45) -> 5.1321284e+08 | P41: =SUM(P42:P45) -> 0 | Q41: =SUM(Q42:Q45) -> 0 | R41: =SUM(R42:R45) -> 0 | S41: =SUM(S42:S45) -> 0 | T41: =SUM(T42:T45) -> 0 | U41: =SUM(U42:U45) -> 0 | ... W41: =SUM(W42:W45) -> 0 | X41: =_xlfn.XLOOKUP(D41,'Overdue-1'!D:D,'Overdue-1'!E:E,0)-G41 -> 0 | Y41: =_xlfn.FORMULATEXT(H41) -> =SUM(H42:H45)
A42: Sobha Hartland II Villas-Sobha Hartland II Villas | D42: Hartland II Villas | E42: RERA | F42: 54 | G42: 1.5048054e+09 | H42: 1.063549e+09 | I42: 1.0353335e+09 | J42: 73147087 | K42: =I42/H42 -> 0.97347042 | L42: 28215504 | M42: =MAX(G42-(H42+J42),0) -> 3.681093e+08 | N42: =M42-SUM(O42:W42) -> 3.681093e+08 | O42: 0 | P42: 0 | Q42: 0 | R42: 0 | S42: 0 | T42: 0 | U42: 0 | V42: 0 | W42: 0 | X42: =_xlfn.XLOOKUP(D42,'Overdue-1'!D:D,'Overdue-1'!E:E,0)-G42 -> 0 | Y42: =_xlfn.FORMULATEXT(H42) -> #N/A | Z42: 0
A43: Sobha Hartland II Mansion-Sobha Hartland II Mansion | D43: Hartland II Mansion | E43: RERA | F43: 1 | G43: 130000000 | H43: 78000000 | I43: 78000000 | J43: 0 | K43: =I43/H43 -> 1 | L43: 0 | M43: =MAX(G43-(H43+J43),0) -> 52000000 | N43: 52000000 | O43: 0 | P43: 0 | Q43: 0 | R43: 0 | S43: 0 | T43: 0 | U43: 0 | V43: 0 | W43: 0 | X43: =_xlfn.XLOOKUP(D43,'Overdue-1'!D:D,'Overdue-1'!E:E,0)-G43 -> 0 | Y43: =_xlfn.FORMULATEXT(H43) -> #N/A | Z43: 0
A44: Sobha Hartland II Villas-Phase II | D44: Hartland II Villas-Phase II | E44: RERA | F44: 48 | G44: 1266411551 | H44: 4.7109756e+08 | I44: 3.8553132e+08 | J44: 85186086 | K44: =I44/H44 -> 0.81836831 | L44: 85566244 | M44: =MAX(G44-(H44+J44),0) -> 7.1012791e+08 | N44: =M44-SUM(O44:W44) -> 1.9691507e+08 | O44: 5.1321284e+08 | P44: 0 | Q44: 0 | R44: 0 | S44: 0 | T44: 0 | U44: 0 | V44: 0 | W44: 0 | X44: =_xlfn.XLOOKUP(D44,'Overdue-1'!D:D,'Overdue-1'!E:E,0)-G44 -> 0 | Y44: =_xlfn.FORMULATEXT(H44) -> #N/A | Z44: 0
A45: Sobha Hartland II Villas-Sobha Hartland II Villas (6BR) | D45: Hartland II Villas 6BR | E45: RERA | F45: 1 | G45: 64840575 | H45: 6484057.5 | I45: 6484057.5 | J45: 56022258 | K45: =IFERROR(I45/H45,0) -> 1 | L45: 0 | M45: =MAX(G45-(H45+J45),0) -> 2334260 | N45: =M45 -> 2334260 | O45: 0 | P45: 0 | Q45: 0 | R45: 0 | S45: 0 | T45: 0 | U45: 0 | V45: 0 | W45: 0 | X45: =_xlfn.XLOOKUP(D45,'Overdue-1'!D:D,'Overdue-1'!E:E,0)-G45 -> 0 | Y45: =_xlfn.FORMULATEXT(H45) -> #N/A | Z45: 0
C46: 14 | D46: Sobha Reserve Villas | E46: RERA | F46: 345 | G46: 3.1842319e+09 | H46: 2.1189632e+09 | I46: 2.004563e+09 | J46: 1.12388e+08 | K46: =I46/H46 -> 0.94601126 | L46: 1.1440014e+08 | M46: =MAX(G46-(H46+J46),0) -> 9.528807e+08 | N46: =M46-SUM(O46:W46) -> 5.2005271e+08 | O46: 4.2889717e+08 | P46: 750000 | Q46: 750000 | R46: 1000000 | S46: 1430823 | T46: 0 | U46: 0 | V46: 0 | W46: 0 | X46: =_xlfn.XLOOKUP(D46,'Overdue-1'!D:D,'Overdue-1'!E:E,0)-G46 -> 0 | Y46: =_xlfn.FORMULATEXT(H46) -> #N/A | Z46: 1.0251999e-05
C47: 15 | D47: Sobha One | E47: RERA | F47: =SUM(F48:F54) -> 2957 | G47: =SUM(G48:G54) -> 6.9877767e+09 | H47: =SUM(H48:H54) -> 3.7360142e+09 | I47: =SUM(I48:I54) -> 3.5900023e+09 | J47: =SUM(J48:J54) -> 3.1317277e+08 | K47: =I47/H47 -> 0.96091772 | L47: =SUM(L48:L54) -> 1.4601195e+08 | M47: =MAX(G47-(H47+J47),0) -> 2.9385897e+09 | N47: =M47-SUM(O47:W47) -> 2.9364198e+09 | O47: =SUM(O48:O54) -> 2169916.8 | P47: =SUM(P48:P54) -> 0 | Q47: =SUM(Q48:Q54) -> 0 | R47: =SUM(R48:R54) -> 0 | S47: =SUM(S48:S54) -> 0 | T47: =SUM(T48:T54) -> 0 | U47: =SUM(U48:U54) -> 0 | V47: =SUM(V48:V54) -> 0 | W47: =SUM(W48:W54) -> 0 | X47: =_xlfn.XLOOKUP(D47,'Overdue-1'!D:D,'Overdue-1'!E:E,0)-G47 -> 0 | Y47: =_xlfn.FORMULATEXT(H47) -> =SUM(H48:H54)
D48: Sobha One Tower A | E48: RERA | F48: 596 | G48: 1.437789e+09 | H48: 7.9624029e+08 | I48: 7.6298001e+08 | J48: 58937694 | K48: =I48/H48 -> 0.95822833 | L48: 33260288 | M48: =MAX(G48-(H48+J48),0) -> 5.8261102e+08 | N48: =M48-SUM(O48:W48) -> 5.8261102e+08 | O48: 0 | P48: 0 | Q48: 0 | R48: 0 | S48: 0 | T48: 0 | U48: 0 | V48: 0 | W48: 0 | X48: =_xlfn.XLOOKUP(D48,'Overdue-1'!D:D,'Overdue-1'!E:E,0)-G48 -> 0 | Y48: =_xlfn.FORMULATEXT(H48) -> #N/A | Z48: -2.3841858e-06
D49: Sobha One Tower B | E49: RERA | F49: 860 | G49: 1.6496439e+09 | H49: 8.9362671e+08 | I49: 8.7130182e+08 | J49: 71956849 | K49: =I49/H49 -> 0.97501765 | L49: 22324893 | M49: =MAX(G49-(H49+J49),0) -> 6.8406031e+08 | N49: =M49-SUM(O49:W49) -> 6.8406031e+08 | O49: 0 | P49: 0 | Q49: 0 | R49: 0 | S49: 0 | T49: 0 | U49: 0 | V49: 0 | W49: 0 | X49: =_xlfn.XLOOKUP(D49,'Overdue-1'!D:D,'Overdue-1'!E:E,0)-G49 -> 0 | Y49: =_xlfn.FORMULATEXT(H49) -> #N/A | Z49: 169514.49
D50: Sobha One Tower C | E50: RERA | F50: 390 | G50: 1.0204753e+09 | H50: 5.4504497e+08 | I50: 5.1869173e+08 | J50: 47445506 | K50: =I50/H50 -> 0.95164942 | L50: 26353241 | M50: =MAX(G50-(H50+J50),0) -> 4.279848e+08 | N50: =M50-SUM(O50:W50) -> 4.262339e+08 | O50: 1750901.8 | P50: 0 | Q50: 0 | R50: 0 | S50: 0 | T50: 0 | U50: 0 | V50: 0 | W50: 0 | X50: =_xlfn.XLOOKUP(D50,'Overdue-1'!D:D,'Overdue-1'!E:E,0)-G50 -> 0 | Y50: =_xlfn.FORMULATEXT(H50) -> #N/A | Z50: 1.5497208e-06
D51: Sobha One Tower D | E51: RERA | F51: 519 | G51: 1.0662871e+09 | H51: 5.8050427e+08 | I51: 5.6311206e+08 | J51: 40491993 | K51: =I51/H51 -> 0.97003948 | L51: 17392210 | M51: =MAX(G51-(H51+J51),0) -> 4.4529083e+08 | N51: =M51 -> 4.4529083e+08 | O51: 0 | P51: 0 | Q51: 0 | R51: 0 | S51: 0 | T51: 0 | U51: 0 | V51: 0 | W51: 0 | X51: =_xlfn.XLOOKUP(D51,'Overdue-1'!D:D,'Overdue-1'!E:E,0)-G51 -> 0 | Y51: =_xlfn.FORMULATEXT(H51) -> #N/A | Z51: 3.2186508e-06
D52: Sobha One Tower E | E52: RERA | F52: 466 | G52: 1.1651558e+09 | H52: 6.2495174e+08 | I52: 5.9597659e+08 | J52: 58976268 | K52: =I52/H52 -> 0.95363619 | L52: 28975145 | M52: =MAX(G52-(H52+J52),0) -> 4.8122777e+08 | N52: =M52-SUM(O52:W52) -> 4.8080875e+08 | O52: 419015 | P52: 0 | Q52: 0 | R52: 0 | S52: 0 | T52: 0 | U52: 0 | V52: 0 | W52: 0 | X52: =_xlfn.XLOOKUP(D52,'Overdue-1'!D:D,'Overdue-1'!E:E,0)-G52 -> 0 | Y52: =_xlfn.FORMULATEXT(H52) -> #N/A | Z52: -500256.96
D53: Sobha One - Podium | E53: RERA | F53: 114 | G53: 5.6222672e+08 | H53: 2.433375e+08 | I53: 2.3201344e+08 | J53: 34702401 | K53: =I53/H53 -> 0.95346354 | L53: 11324066 | M53: =MAX(G53-(H53+J53),0) -> 2.8418681e+08 | N53: =M53 -> 2.8418681e+08 | O53: 0 | P53: 0 | Q53: 0 | R53: 0 | S53: 0 | T53: 0 | U53: 0 | V53: 0 | W53: 0 | X53: =_xlfn.XLOOKUP(D53,'Overdue-1'!D:D,'Overdue-1'!E:E,0)-G53 -> 0 | Y53: =_xlfn.FORMULATEXT(H53) -> #N/A | Z53: -174553
D54: Sobha One Retail Tower | E54: RERA | F54: 12 | G54: 86198928 | H54: 52308726 | I54: 45926622 | J54: 662058.02 | K54: =I54/H54 -> 0.8779916 | L54: 6382104 | M54: =MAX(G54-(H54+J54),0) -> 33228144 | N54: =M54 -> 33228144 | O54: 0 | P54: 0 | Q54: 0 | R54: 0 | S54: 0 | T54: 0 | U54: 0 | V54: 0 | W54: 0 | X54: =_xlfn.XLOOKUP(D54,'Overdue-1'!D:D,'Overdue-1'!E:E,0)-G54 -> 0 | Y54: =_xlfn.FORMULATEXT(H54) -> #N/A | Z54: 0
C55: 16 | D55: Riverside Crescent | E55: RERA | F55: =SUM(F56:F61) -> 4608 | G55: =SUM(G56:G61) -> 9.3908453e+09 | H55: =SUM(H56:H61) -> 4.9053762e+09 | I55: =SUM(I56:I61) -> 4.6590498e+09 | J55: =SUM(J56:J61) -> 2.8767789e+08 | K55: =I55/H55 -> 0.94978439 | L55: =SUM(L56:L61) -> 2.4632648e+08 | M55: =MAX(G55-(H55+J55),0) -> 4.1977912e+09 | N55: =SUM(N56:N61) -> 8.588392e+08 | O55: =SUM(O56:O61) -> 3.338952e+09 | P55: =SUM(P56:P61) -> 0 | Q55: =SUM(Q56:Q61) -> 0 | R55: =SUM(R56:R61) -> 0 | S55: =SUM(S56:S61) -> 0 | T55: =SUM(T56:T61) -> 0 | U55: =SUM(U56:U61) -> 0 | ... W55: =SUM(W56:W61) -> 0 | X55: =_xlfn.XLOOKUP(D55,'Overdue-1'!D:D,'Overdue-1'!E:E,0)-G55 -> 0 | Y55: =_xlfn.FORMULATEXT(H55) -> =SUM(H56:H61)
D56: 320 Riverside Crescent | E56: RERA | F56: 621 | G56: 1.5403544e+09 | H56: 8.2421791e+08 | I56: 7.8469754e+08 | J56: 46412770 | K56: =I56/H56 -> 0.95205108 | L56: 39520362 | M56: =MAX(G56-(H56+J56),0) -> 6.6972373e+08 | N56: =M56-SUM(O56:W56) -> 1.478185e+08 | O56: 5.2190523e+08 | P56: 0 | Q56: 0 | R56: 0 | S56: 0 | T56: 0 | U56: 0 | V56: 0 | W56: 0 | X56: =_xlfn.XLOOKUP(D56,'Overdue-1'!D:D,'Overdue-1'!E:E,0)-G56 -> 0 | Y56: =_xlfn.FORMULATEXT(H56) -> #N/A | Z56: 1487861.2
D57: 330 Riverside Crescent | E57: RERA | F57: 755 | G57: 1.3670894e+09 | H57: 8.485883e+08 | I57: 8.0800136e+08 | J57: 33761593 | K57: =I57/H57 -> 0.95217122 | L57: 40586942 | M57: =MAX(G57-(H57+J57),0) -> 4.8473954e+08 | N57: =M57-SUM(O57:W57) -> 1.2756849e+08 | O57: 3.5717105e+08 | P57: 0 | Q57: 0 | R57: 0 | S57: 0 | T57: 0 | U57: 0 | V57: 0 | W57: 0 | X57: =_xlfn.XLOOKUP(D57,'Overdue-1'!D:D,'Overdue-1'!E:E,0)-G57 -> 0 | Y57: =_xlfn.FORMULATEXT(H57) -> #N/A | Z57: 200366.15
D58: 340 Riverside Crescent | E58: RERA | F58: 759 | G58: 1.4081359e+09 | H58: 7.4366005e+08 | I58: 7.1282449e+08 | J58: 32793623 | K58: =I58/H58 -> 0.95853541 | L58: 30835555 | M58: =MAX(G58-(H58+J58),0) -> 6.3168218e+08 | N58: =M58-SUM(O58:W58) -> 1.697332e+08 | O58: 4.6194898e+08 | P58: 0 | Q58: 0 | R58: 0 | S58: 0 | T58: 0 | U58: 0 | V58: 0 | W58: 0 | X58: =_xlfn.XLOOKUP(D58,'Overdue-1'!D:D,'Overdue-1'!E:E,0)-G58 -> 0 | Y58: =_xlfn.FORMULATEXT(H58) -> #N/A | Z58: 1.6689301e-06
D59: 360 Riverside Crescent | E59: RERA | F59: 874 | G59: 1.7928315e+09 | H59: 8.8695199e+08 | I59: 8.3035939e+08 | J59: 65494441 | K59: =I59/H59 -> 0.93619429 | L59: 56592606 | M59: =MAX(G59-(H59+J59),0) -> 8.4038511e+08 | N59: =M59-SUM(O59:W59) -> 1.504772e+08 | O59: 6.8990791e+08 | P59: 0 | Q59: 0 | R59: 0 | S59: 0 | T59: 0 | U59: 0 | V59: 0 | W59: 0 | X59: =_xlfn.XLOOKUP(D59,'Overdue-1'!D:D,'Overdue-1'!E:E,0)-G59 -> 0 | Y59: =_xlfn.FORMULATEXT(H59) -> #N/A | Z59: 390211.87
D60: 350 Riverside Crescent | E60: RERA | F60: 723 | G60: 1.4686064e+09 | H60: 7.5989519e+08 | I60: 7.3289692e+08 | J60: 57351811 | K60: =I60/H60 -> 0.96447106 | L60: 26998270 | M60: =MAX(G60-(H60+J60),0) -> 6.5135944e+08 | N60: =M60-SUM(O60:W60) -> 1.2912697e+08 | O60: 5.2223248e+08 | P60: 0 | Q60: 0 | R60: 0 | S60: 0 | T60: 0 | U60: 0 | V60: 0 | W60: 0 | X60: =_xlfn.XLOOKUP(D60,'Overdue-1'!D:D,'Overdue-1'!E:E,0)-G60 -> 0 | Y60: =_xlfn.FORMULATEXT(H60) -> #N/A | Z60: 340530.58
D61: 310 Riverside Crescent | E61: RERA | F61: 876 | G61: 1.8138277e+09 | H61: 8.4206281e+08 | I61: 7.9027006e+08 | J61: 51863651 | K61: =I61/H61 -> 0.93849301 | L61: 51792747 | M61: =MAX(G61-(H61+J61),0) -> 9.1990122e+08 | N61: =M61-SUM(O61:W61) -> 1.3411485e+08 | O61: 7.8578637e+08 | P61: 0 | Q61: 0 | R61: 0 | S61: 0 | T61: 0 | U61: 0 | V61: 0 | W61: 0 | X61: =_xlfn.XLOOKUP(D61,'Overdue-1'!D:D,'Overdue-1'!E:E,0)-G61 -> 0 | Y61: =_xlfn.FORMULATEXT(H61) -> #N/A | Z61: 203232.7
C62: 17 | D62: Hartland 1 plots | E62: Plots | F62: =SUM(F63:F65) -> 200 | G62: =SUM(G63:G65) -> 1.0826917e+09 | H62: =SUM(H63:H65) -> 1.0826917e+09 | I62: =SUM(I63:I65) -> 1.0826889e+09 | J62: =SUM(J63:J65) -> 0.38 | K62: =I62/H62 -> 0.99999737 | L62: =SUM(L63:L65) -> 2851.1 | M62: =MAX(G62-(H62+J62),0) -> 0 | N62: =SUM(N63:N65) -> 0 | O62: =SUM(O63:O65) -> 0 | P62: =SUM(P63:P65) -> 0 | Q62: =SUM(Q63:Q65) -> 0 | R62: =SUM(R63:R65) -> 0 | S62: =SUM(S63:S65) -> 0 | T62: =SUM(T63:T65) -> 0 | U62: =SUM(U63:U65) -> 0 | ... W62: =SUM(W63:W65) -> 0 | X62: =_xlfn.XLOOKUP(D62,'Overdue-1'!D:D,'Overdue-1'!E:E,0)-G62 -> 0 | Y62: =_xlfn.FORMULATEXT(H62) -> =SUM(H63:H65)
D63: Sobha Tranquility | E63: Plots | F63: 103 | G63: 4.690511e+08 | H63: 4.6905115e+08 | I63: 4.6904898e+08 | J63: 0.2 | K63: =IFERROR(I63/H63,"-") -> 0.99999536 | L63: 2176.24 | M63: =MAX(G63-(H63+J63),0) -> 0 | N63: 0 | O63: 0 | P63: 0 | Q63: 0 | R63: 0 | S63: 0 | T63: 0 | U63: 0 | V63: 0 | W63: 0 | X63: =_xlfn.XLOOKUP(D63,'Overdue-1'!D:D,'Overdue-1'!E:E,0)-G63 -> 0 | Y63: =_xlfn.FORMULATEXT(H63) -> #N/A | Z63: 0
D64: Hartland Extension | E64: Plots | F64: 71 | G64: 3.2415074e+08 | H64: 3.2415074e+08 | I64: 3.2415059e+08 | J64: 0.18 | K64: =I64/H64 -> 0.99999956 | L64: 143.38 | M64: =MAX(G64-(H64+J64),0) -> 0 | N64: 0 | O64: 0 | P64: 0 | Q64: 0 | R64: 0 | S64: 0 | T64: 0 | U64: 0 | V64: 0 | W64: 0 | X64: =_xlfn.XLOOKUP(D64,'Overdue-1'!D:D,'Overdue-1'!E:E,0)-G64 -> 0 | Y64: =_xlfn.FORMULATEXT(H64) -> #N/A | Z64: 0
D65: Waterside Plots | E65: Plots | F65: 26 | G65: 2.8948982e+08 | H65: 2.8948982e+08 | I65: 2.8948929e+08 | J65: 0 | K65: =I65/H65 -> 0.99999816 | L65: 531.48 | M65: =MAX(G65-(H65+J65),0) -> 5.9604645e-08 | N65: 0 | O65: 0 | P65: 0 | Q65: 0 | R65: 0 | S65: 0 | T65: 0 | U65: 0 | V65: 0 | W65: 0 | X65: =_xlfn.XLOOKUP(D65,'Overdue-1'!D:D,'Overdue-1'!E:E,0)-G65 -> 0 | Y65: =_xlfn.FORMULATEXT(H65) -> #N/A | Z65: 0
C66: 18 | D66: Sobha Orbis | E66: RERA | F66: =SUM(F67:F74) -> 2906 | G66: =SUM(G67:G74) -> 3.7385183e+09 | H66: =SUM(H67:H74) -> 1.5823241e+09 | I66: =SUM(I67:I74) -> 1.5077011e+09 | J66: =SUM(J67:J74) -> 82998339 | K66: =IFERROR(I66/H66,0) -> 0.95283965 | L66: =SUM(L67:L74) -> 74622960 | M66: =MAX(G66-(H66+J66),0) -> 2.0731958e+09 | N66: =SUM(N67:N74) -> 3.6412252e+08 | O66: =SUM(O67:O74) -> 1.7087163e+09 | P66: =SUM(P67:P74) -> 357051.93 | Q66: =SUM(Q67:Q74) -> 0 | R66: =SUM(R67:R74) -> 0 | S66: =SUM(S67:S74) -> 0 | T66: =SUM(T67:T74) -> 0 | U66: =SUM(U67:U74) -> 0 | ... W66: =SUM(W67:W74) -> 0 | X66: =_xlfn.XLOOKUP(D66,'Overdue-1'!D:D,'Overdue-1'!E:E,0)-G66 -> 0 | Y66: =_xlfn.FORMULATEXT(H66) -> =SUM(H67:H74)
D67: Sobha Orbis Tower A | E67: RERA | F67: 621 | G67: 7.322427e+08 | H67: 3.7908856e+08 | I67: 3.5797279e+08 | J67: 12986704 | K67: =IFERROR(I67/H67,0) -> 0.94429857 | L67: 21115774 | M67: =MAX(G67-(H67+J67),0) -> 3.4016744e+08 | N67: =M67-SUM(O67:W67) -> 68396093 | O67: 2.7177134e+08 | P67: 0 | Q67: 0 | R67: 0 | S67: 0 | T67: 0 | U67: 0 | V67: 0 | W67: 0 | X67: =_xlfn.XLOOKUP(D67,'Overdue-1'!D:D,'Overdue-1'!E:E,0)-G67 -> 0 | Y67: =_xlfn.FORMULATEXT(H67) -> #N/A | Z67: -3.9339066e-06
D68: Sobha Orbis Tower B | E68: RERA | F68: 632 | G68: 7.5097931e+08 | H68: 3.3018252e+08 | I68: 3.1382504e+08 | J68: 17075733 | K68: =IFERROR(I68/H68,0) -> 0.95045928 | L68: 16357478 | M68: =MAX(G68-(H68+J68),0) -> 4.0372105e+08 | N68: =M68-SUM(O68:W68) -> 69930459 | O68: 3.3379059e+08 | P68: 0 | Q68: 0 | R68: 0 | S68: 0 | T68: 0 | U68: 0 | V68: 0 | W68: 0 | X68: =_xlfn.XLOOKUP(D68,'Overdue-1'!D:D,'Overdue-1'!E:E,0)-G68 -> 0 | Y68: =_xlfn.FORMULATEXT(H68) -> #N/A | Z68: 102476.92
D69: Sobha Orbis Tower C | E69: RERA | F69: 184 | G69: 2.6634283e+08 | H69: 83851843 | I69: 80472264 | J69: 7763700.1 | K69: =IFERROR(I69/H69,0) -> 0.95969582 | L69: 3379579.7 | M69: =MAX(G69-(H69+J69),0) -> 1.7472729e+08 | N69: =M69-SUM(O69:W69) -> 28830394 | O69: 1.458969e+08 | P69: 0 | Q69: 0 | R69: 0 | S69: 0 | T69: 0 | U69: 0 | V69: 0 | W69: 0 | X69: =_xlfn.XLOOKUP(D69,'Overdue-1'!D:D,'Overdue-1'!E:E,0)-G69 -> 0 | Y69: =_xlfn.FORMULATEXT(H69) -> #N/A | Z69: 198123.09
D70: Sobha Orbis Tower D | E70: RERA | F70: 237 | G70: 3.3184872e+08 | H70: 1.0125398e+08 | I70: 98350674 | J70: 7843520 | K70: =IFERROR(I70/H70,0) -> 0.97132648 | L70: 2903307.8 | M70: =MAX(G70-(H70+J70),0) -> 2.2275122e+08 | N70: =M70-SUM(O70:W70) -> 32712002 | O70: 1.9003922e+08 | P70: 0 | Q70: 0 | R70: 0 | S70: 0 | T70: 0 | U70: 0 | V70: 0 | W70: 0 | X70: =_xlfn.XLOOKUP(D70,'Overdue-1'!D:D,'Overdue-1'!E:E,0)-G70 -> 0 | Y70: =_xlfn.FORMULATEXT(H70) -> #N/A | Z70: 0
D71: Sobha Orbis Tower E | E71: RERA | F71: 761 | G71: 9.1347866e+08 | H71: 4.3788466e+08 | I71: 4.1515403e+08 | J71: 16644973 | K71: =IFERROR(I71/H71,0) -> 0.94808992 | L71: 22730628 | M71: =MAX(G71-(H71+J71),0) -> 4.5894902e+08 | N71: =M71-SUM(O71:W71) -> 85525725 | O71: 3.7306624e+08 | P71: 357051.93 | Q71: 0 | R71: 0 | S71: 0 | T71: 0 | U71: 0 | V71: 0 | W71: 0 | X71: =_xlfn.XLOOKUP(D71,'Overdue-1'!D:D,'Overdue-1'!E:E,0)-G71 -> 0 | Y71: =_xlfn.FORMULATEXT(H71) -> #N/A | Z71: 426573.07
D72: Sobha Orbis Tower F | E72: RERA | F72: 238 | G72: 3.3590406e+08 | H72: 1.1444691e+08 | I72: 1.0987209e+08 | J72: 11871682 | K72: =IFERROR(I72/H72,0) -> 0.9600267 | L72: 4574820.4 | M72: =MAX(G72-(H72+J72),0) -> 2.0958547e+08 | N72: =M72-SUM(O72:W72) -> 33984647 | O72: 1.7560082e+08 | P72: 0 | Q72: 0 | R72: 0 | S72: 0 | T72: 0 | U72: 0 | V72: 0 | W72: 0 | X72: =_xlfn.XLOOKUP(D72,'Overdue-1'!D:D,'Overdue-1'!E:E,0)-G72 -> 0 | Y72: =_xlfn.FORMULATEXT(H72) -> #N/A | Z72: 395997.5
D73: Sobha Orbis Tower G | E73: RERA | F73: 221 | G73: 3.0314199e+08 | H73: 1.100196e+08 | I73: 1.0674914e+08 | J73: 8213276.4 | K73: =IFERROR(I73/H73,0) -> 0.97027378 | L73: 3270466.4 | M73: =MAX(G73-(H73+J73),0) -> 1.8490911e+08 | N73: =M73-SUM(O73:W73) -> 28955449 | O73: 1.5595366e+08 | P73: 0 | Q73: 0 | R73: 0 | S73: 0 | T73: 0 | U73: 0 | V73: 0 | W73: 0 | X73: =_xlfn.XLOOKUP(D73,'Overdue-1'!D:D,'Overdue-1'!E:E,0)-G73 -> 0 | Y73: =_xlfn.FORMULATEXT(H73) -> #N/A | Z73: 0
D74: Sobha Orbis Tower Plaza | E74: RERA | F74: 12 | G74: 104580000 | H74: 25595997 | I74: 25305092 | J74: 598750.26 | K74: =IFERROR(I74/H74,0) -> 0.98863474 | L74: 290905.1 | M74: =MAX(G74-(H74+J74),0) -> 78385253 | N74: =M74-SUM(O74:W74) -> 15787749 | O74: 62597504 | P74: 0 | Q74: 0 | R74: 0 | S74: 0 | T74: 0 | U74: 0 | V74: 0 | W74: 0 | X74: =_xlfn.XLOOKUP(D74,'Overdue-1'!D:D,'Overdue-1'!E:E,0)-G74 -> 0 | Y74: =_xlfn.FORMULATEXT(H74) -> #N/A | Z74: 0
C75: 19 | D75: Skyscape | E75: RERA | F75: =SUM(F76:F78) -> 1445 | G75: =SUM(G76:G78) -> 3.8398863e+09 | H75: =SUM(H76:H78) -> 1.0455886e+09 | I75: =SUM(I76:I78) -> 1.0054094e+09 | J75: =SUM(J76:J78) -> 1.5030939e+08 | K75: =I75/H75 -> 0.96157266 | L75: =SUM(L76:L78) -> 40179190 | M75: =MAX(G75-(H75+J75),0) -> 2.6439883e+09 | N75: =M75-SUM(O75:W75) -> 3.3159243e+08 | O75: =SUM(O76:O78) -> 5.5255936e+08 | P75: =SUM(P76:P78) -> 1.7598365e+09 | Q75: =SUM(Q76:Q78) -> 0 | R75: =SUM(R76:R78) -> 0 | S75: =SUM(S76:S78) -> 0 | T75: =SUM(T76:T78) -> 0 | U75: =SUM(U76:U78) -> 0 | V75: =SUM(V76:V78) -> 0 | W75: =SUM(W76:W78) -> 0 | X75: =_xlfn.XLOOKUP(D75,'Overdue-1'!D:D,'Overdue-1'!E:E,0)-G75 -> 0 | Y75: =_xlfn.FORMULATEXT(H75) -> =SUM(H76:H78)
D76: Skyscape Avenue | E76: RERA | F76: 478 | G76: 1.2045687e+09 | H76: 3.242483e+08 | I76: 3.1330249e+08 | J76: 67276427 | K76: =IFERROR(I76/H76,0) -> 0.9662425 | L76: 10945812 | M76: =MAX(G76-(H76+J76),0) -> 8.1304394e+08 | N76: =M76-SUM(O76:W76) -> 1.2291319e+08 | O76: 1.5097236e+08 | P76: 5.3915839e+08 | Q76: 0 | R76: 0 | S76: 0 | T76: 0 | U76: 0 | V76: 0 | W76: 0 | X76: =_xlfn.XLOOKUP(D76,'Overdue-1'!D:D,'Overdue-1'!E:E,0)-G76 -> 0 | Y76: =_xlfn.FORMULATEXT(H76) -> #N/A | Z76: 0
D77: Skyscape Aura | E77: RERA | F77: 373 | G77: 9.3442939e+08 | H77: 2.5536779e+08 | I77: 2.4832838e+08 | J77: 36450226 | K77: =IFERROR(I77/H77,0) -> 0.97243424 | L77: 7039407.4 | M77: =MAX(G77-(H77+J77),0) -> 6.4261138e+08 | N77: =M77-SUM(O77:W77) -> 76218885 | O77: 1.3348574e+08 | P77: 4.3290675e+08 | Q77: 0 | R77: 0 | S77: 0 | T77: 0 | U77: 0 | V77: 0 | W77: 0 | X77: =_xlfn.XLOOKUP(D77,'Overdue-1'!D:D,'Overdue-1'!E:E,0)-G77 -> 0 | Y77: =_xlfn.FORMULATEXT(H77) -> #N/A | Z77: 0
D78: Skyscape Altius | E78: RERA | F78: 594 | G78: 1.7008883e+09 | H78: 4.6597252e+08 | I78: 4.4377854e+08 | J78: 46582741 | K78: =IFERROR(I78/H78,0) -> 0.95237064 | L78: 22193971 | M78: =MAX(G78-(H78+J78),0) -> 1.188333e+09 | N78: =M78-SUM(O78:W78) -> 1.3246035e+08 | O78: 2.6810125e+08 | P78: 7.877714e+08 | Q78: 0 | R78: 0 | S78: 0 | T78: 0 | U78: 0 | V78: 0 | W78: 0 | X78: =_xlfn.XLOOKUP(D78,'Overdue-1'!D:D,'Overdue-1'!E:E,0)-G78 -> 0 | Y78: =_xlfn.FORMULATEXT(H78) -> #N/A | Z78: 665924.75
C79: 20 | D79: Siniya Island-Villas & Mansion | E79: RERA | F79: =SUM(F80:F83) -> 175 | G79: =SUM(G80:G83) -> 2.5766022e+09 | H79: =SUM(H80:H83) -> 7.5639522e+08 | I79: =SUM(I80:I83) -> 6.8196058e+08 | J79: =SUM(J80:J83) -> 49385303 | K79: =IFERROR(I79/H79,0) -> 0.90159293 | L79: =SUM(L80:L83) -> 74434640 | M79: =MAX(G79-(H79+J79),0) -> 1.7708217e+09 | N79: =M79-SUM(O79:W79) -> 2.6501404e+08 | O79: =SUM(O80:O83) -> 6.3210937e+08 | P79: =SUM(P80:P83) -> 8.6677849e+08 | Q79: =SUM(Q80:Q83) -> 6919756.8 | R79: =SUM(R80:R83) -> 0 | S79: =SUM(S80:S83) -> 0 | T79: =SUM(T80:T83) -> 0 | U79: =SUM(U80:U83) -> 0 | V79: =SUM(V80:V83) -> 0 | W79: =SUM(W80:W83) -> 0 | X79: =_xlfn.XLOOKUP(D79,'Overdue-1'!D:D,'Overdue-1'!E:E,0)-G79 -> 0 | Y79: =_xlfn.FORMULATEXT(H79) -> =SUM(H80:H83)
D80: Siniya Island | E80: RERA | F80: 137 | G80: 1.8497008e+09 | H80: 5.5717556e+08 | I80: 5.0454532e+08 | J80: 25258580 | K80: =IFERROR(I80/H80,0) -> 0.90554101 | L80: 52630240 | M80: =MAX(G80-(H80+J80),0) -> 1.2672666e+09 | N80: =M80-SUM(O80:W80) -> 1.9099376e+08 | O80: 5.4037019e+08 | P80: 5.2898292e+08 | Q80: 6919756.8 | R80: 0 | S80: 0 | T80: 0 | U80: 0 | V80: 0 | W80: 0 | X80: =_xlfn.XLOOKUP(D80,'Overdue-1'!D:D,'Overdue-1'!E:E,0)-G80 -> 0 | Y80: =_xlfn.FORMULATEXT(H80) -> #N/A | Z80: 1.3113022e-06
D81: Siniya Island-Villas Phase II | E81: RERA | F81: 23 | G81: 4.0856086e+08 | H81: 1.0530164e+08 | I81: 92337580 | J81: 11313255 | K81: =IFERROR(I81/H81,0) -> 0.87688647 | L81: 12964057 | M81: =MAX(G81-(H81+J81),0) -> 2.9194597e+08 | N81: =M81-SUM(O81:W81) -> 44150327 | O81: 48947931 | P81: 1.9884771e+08 | Q81: 0 | R81: 0 | S81: 0 | T81: 0 | U81: 0 | V81: 0 | W81: 0 | X81: =_xlfn.XLOOKUP(D81,'Overdue-1'!D:D,'Overdue-1'!E:E,0)-G81 -> 0 | Y81: =_xlfn.FORMULATEXT(H81) -> #N/A | Z81: 0
D82: Siniya Island-Villas Phase II B | E82: RERA | F82: 15 | G82: 3.1834055e+08 | H82: 93918014 | I82: 85077671 | J82: 12813468 | K82: =IFERROR(I82/H82,0) -> 0.9058717 | L82: 8840343.1 | M82: =MAX(G82-(H82+J82),0) -> 2.1160907e+08 | N82: =M82-SUM(O82:W82) -> 29869954 | O82: 42791255 | P82: 1.3894786e+08 | Q82: 0 | R82: 0 | S82: 0 | T82: 0 | U82: 0 | V82: 0 | W82: 0 | X82: =_xlfn.XLOOKUP(D82,'Overdue-1'!D:D,'Overdue-1'!E:E,0)-G82 -> 0 | Y82: =_xlfn.FORMULATEXT(H82) -> #N/A | Z82: 0
D83: Sobha Siniya Island Mansions | E83: RERA | F83: 0 | G83: 0 | H83: 0 | I83: 0 | J83: 0 | K83: =IFERROR(I83/H83,0) -> 0 | L83: 0 | M83: =MAX(G83-(H83+J83),0) -> 0 | N83: 0 | O83: 0 | P83: 0 | Q83: 0 | R83: 0 | S83: 0 | T83: 0 | U83: 0 | V83: 0 | W83: 0 | X83: =_xlfn.XLOOKUP(D83,'Overdue-1'!D:D,'Overdue-1'!E:E,0)-G83 -> 0 | Y83: =_xlfn.FORMULATEXT(H83) -> #N/A | Z83: 0
C84: 1 | D84: Elwood Villas | E84: RERA | F84: 221 | G84: 1.9543124e+09 | H84: 7.6845708e+08 | I84: 7.0187788e+08 | J84: 59776026 | K84: =IFERROR(I84/H84,0) -> 0.9133599 | L84: 66579197 | M84: =MAX(G84-(H84+J84),0) -> 1.1260793e+09 | N84: =M84-SUM(O84:W84) -> 2.2794565e+08 | O84: 8.9813362e+08 | P84: 0 | Q84: 0 | R84: 0 | S84: 0 | T84: 0 | U84: 0 | V84: 0 | W84: 0 | X84: =_xlfn.XLOOKUP(D84,'Overdue-1'!D:D,'Overdue-1'!E:E,0)-G84 -> 0 | Y84: =_xlfn.FORMULATEXT(H84) -> #N/A | Z84: 0
C85: 21 | D85: Elwood Villas 1 | E85: RERA | F85: 27 | G85: 294914060 | H85: 57991284 | I85: 50210980 | J85: 9851943.7 | K85: =IFERROR(I85/H85,0) -> 0.86583667 | L85: 7780304 | M85: =MAX(G85-(H85+J85),0) -> 2.2707083e+08 | N85: =M85-SUM(O85:W85) -> 41969800 | O85: 64002877 | P85: 121098156 | Q85: 0 | R85: 0 | S85: 0 | T85: 0 | U85: 0 | V85: 0 | W85: 0 | X85: =_xlfn.XLOOKUP(D85,'Overdue-1'!D:D,'Overdue-1'!E:E,0)-G85 -> 0 | Y85: =_xlfn.FORMULATEXT(H85) -> #N/A | Z85: 0
C86: 22 | D86: Sobha Solis | E86: RERA | F86: =SUM(F87:F90) -> 2128 | G86: =SUM(G87:G90) -> 2.6559135e+09 | H86: =SUM(H87:H90) -> 8.4340073e+08 | I86: =SUM(I87:I90) -> 8.028242e+08 | J86: =SUM(J87:J90) -> 52176492 | K86: =IFERROR(I86/H86,0) -> 0.95188938 | L86: =SUM(L87:L90) -> 40576528 | M86: =MAX(G86-(H86+J86),0) -> 1.7603363e+09 | N86: =M86 -> 1.7603363e+09 | O86: 0 | P86: 0 | Q86: 0 | R86: 0 | S86: 0 | T86: 0 | U86: 0 | V86: 0 | W86: 0 | X86: =_xlfn.XLOOKUP(D86,'Overdue-1'!D:D,'Overdue-1'!E:E,0)-G86 -> 0 | Y86: =_xlfn.FORMULATEXT(H86) -> =SUM(H87:H90)
D87: Sobha Solis Tower A | E87: RERA | F87: 727 | G87: 8.7284782e+08 | H87: 3.0673641e+08 | I87: 2.9204703e+08 | J87: 18155469 | K87: =IFERROR(I87/H87,0) -> 0.95211073 | L87: 14689383 | M87: =MAX(G87-(H87+J87),0) -> 5.4795594e+08 | N87: =M87-SUM(O87:W87) -> 94128158 | O87: 4.5382778e+08 | P87: 0 | Q87: 0 | R87: 0 | S87: 0 | T87: 0 | U87: 0 | V87: 0 | W87: 0 | X87: =_xlfn.XLOOKUP(D87,'Overdue-1'!D:D,'Overdue-1'!E:E,0)-G87 -> 0 | Y87: =_xlfn.FORMULATEXT(H87) -> #N/A | Z87: 230093.85
D88: Sobha Solis Tower B | E88: RERA | F88: 604 | G88: 7.5215792e+08 | H88: 2.2739945e+08 | I88: 2.1791282e+08 | J88: 16447481 | K88: =IFERROR(I88/H88,0) -> 0.95828212 | L88: 9486622 | M88: =MAX(G88-(H88+J88),0) -> 5.0831099e+08 | N88: =M88-SUM(O88:W88) -> 74470540 | O88: 4.3384045e+08 | P88: 0 | Q88: 0 | R88: 0 | S88: 0 | T88: 0 | U88: 0 | V88: 0 | W88: 0 | X88: =_xlfn.XLOOKUP(D88,'Overdue-1'!D:D,'Overdue-1'!E:E,0)-G88 -> 0 | Y88: =_xlfn.FORMULATEXT(H88) -> #N/A | Z88: 117678.67
D89: Sobha Solis Tower C | E89: RERA | F89: 491 | G89: 5.8827356e+08 | H89: 1.7372831e+08 | I89: 1.6683548e+08 | J89: 7709442.9 | K89: =IFERROR(I89/H89,0) -> 0.9603241 | L89: 6892826.9 | M89: =MAX(G89-(H89+J89),0) -> 4.0683581e+08 | N89: =M89-SUM(O89:W89) -> 57813039 | O89: 3.4902277e+08 | P89: 0 | Q89: 0 | R89: 0 | S89: 0 | T89: 0 | U89: 0 | V89: 0 | W89: 0 | X89: =_xlfn.XLOOKUP(D89,'Overdue-1'!D:D,'Overdue-1'!E:E,0)-G89 -> 0 | Y89: =_xlfn.FORMULATEXT(H89) -> #N/A | Z89: 555014.78
D90: Sobha Solis Tower D | E90: RERA | F90: 306 | G90: 4.4263423e+08 | H90: 1.3553657e+08 | I90: 1.2602887e+08 | J90: 9864098.9 | K90: =IFERROR(I90/H90,0) -> 0.92985143 | L90: 9507696.4 | M90: =MAX(G90-(H90+J90),0) -> 2.9723357e+08 | N90: =M90-SUM(O90:W90) -> 45342049 | O90: 2.5189152e+08 | P90: 0 | Q90: 0 | R90: 0 | S90: 0 | T90: 0 | U90: 0 | V90: 0 | W90: 0 | X90: =_xlfn.XLOOKUP(D90,'Overdue-1'!D:D,'Overdue-1'!E:E,0)-G90 -> 0 | Y90: =_xlfn.FORMULATEXT(H90) -> #N/A | Z90: 3.2782555e-07
C91: 23 | D91: The Element at Sobha One | E91: RERA | F91: 258 | G91: 9.4816614e+08 | H91: 2.4274487e+08 | I91: 2.235991e+08 | J91: 19307987 | K91: =I91/H91 -> 0.921128 | L91: 19145773 | M91: =MAX(G91-(H91+J91),0) -> 6.8611328e+08 | N91: =M91-SUM(O91:W91) -> 81920611 | O91: 1.5736594e+08 | P91: 4.448959e+08 | Q91: 1930826 | R91: 0 | S91: 0 | T91: 0 | U91: 0 | V91: 0 | W91: 0 | X91: =_xlfn.XLOOKUP(D91,'Overdue-1'!D:D,'Overdue-1'!E:E,0)-G91 -> 0 | Y91: =_xlfn.FORMULATEXT(H91) -> #N/A | Z91: -5.0663948e-07
C92: 24 | D92: Skyvue | E92: RERA | F92: =SUM(F93:F96) -> 2068 | G92: =SUM(G93:G96) -> 4.7071045e+09 | H92: =SUM(H93:H96) -> 1.2015038e+09 | I92: =SUM(I93:I96) -> 1.1103906e+09 | J92: =SUM(J93:J96) -> 85541920 | K92: =IFERROR(I92/H92,0) -> 0.92416739 | L92: =SUM(L93:L96) -> 91113169 | M92: =MAX(G92-(H92+J92),0) -> 3.4200588e+09 | N92: =SUM(N93:N96) -> 2.2561502e+08 | O92: =SUM(O93:O96) -> 4.499632e+08 | P92: =SUM(P93:P96) -> 6.9905912e+08 | Q92: =SUM(Q93:Q96) -> 1.6644651e+09 | R92: =SUM(R93:R96) -> 3.8095641e+08 | S92: =SUM(S93:S96) -> 0 | T92: =SUM(T93:T96) -> 0 | U92: =SUM(U93:U96) -> 0 | ... W92: =SUM(W93:W96) -> 0 | X92: =_xlfn.XLOOKUP(D92,'Overdue-1'!D:D,'Overdue-1'!E:E,0)-G92 -> 0 | Y92: =_xlfn.FORMULATEXT(H92) -> =SUM(H93:H96)
D93: Skyvue Solair | E93: RERA | F93: 653 | G93: 1.3684135e+09 | H93: 3.9848595e+08 | I93: 3.8113619e+08 | J93: 25459825 | K93: =IFERROR(I93/H93,0) -> 0.95646081 | L93: 17349755 | M93: =MAX(G93-(H93+J93),0) -> 9.4446776e+08 | N93: =M93-SUM(O93:W93) -> 77748723 | O93: 1.3249628e+08 | P93: 1.8488962e+08 | Q93: 5.4933314e+08 | R93: 0 | S93: 0 | T93: 0 | U93: 0 | V93: 0 | W93: 0 | X93: =_xlfn.XLOOKUP(D93,'Overdue-1'!D:D,'Overdue-1'!E:E,0)-G93 -> 0 | Y93: =_xlfn.FORMULATEXT(H93) -> #N/A | Z93: 589402.05
D94: Skyvue Spectra | E94: RERA | F94: 446 | G94: 9.4383667e+08 | H94: 2.5847143e+08 | I94: 2.3830368e+08 | J94: 29859692 | K94: =IFERROR(I94/H94,0) -> 0.921973 | L94: 20167749 | M94: =MAX(G94-(H94+J94),0) -> 6.5550555e+08 | N94: =M94-SUM(O94:W94) -> 18846877 | O94: 86011782 | P94: 1.7577453e+08 | Q94: 3.7487236e+08 | R94: 0 | S94: 0 | T94: 0 | U94: 0 | V94: 0 | W94: 0 | X94: =_xlfn.XLOOKUP(D94,'Overdue-1'!D:D,'Overdue-1'!E:E,0)-G94 -> 0 | Y94: =_xlfn.FORMULATEXT(H94) -> #N/A | Z94: 3.5762787e-07
D95: Skyvue Stellar | E95: RERA | F95: 560 | G95: 1.4862711e+09 | H95: 3.7667888e+08 | I95: 3.3509243e+08 | J95: 23472938 | K95: =IFERROR(I95/H95,0) -> 0.88959707 | L95: 41586452 | M95: =MAX(G95-(H95+J95),0) -> 1.0861193e+09 | N95: =M95-SUM(O95:W95) -> 63750006 | O95: 1.3690292e+08 | P95: 2.4696468e+08 | Q95: 6.3850166e+08 | R95: 0 | S95: 0 | T95: 0 | U95: 0 | V95: 0 | W95: 0 | X95: =_xlfn.XLOOKUP(D95,'Overdue-1'!D:D,'Overdue-1'!E:E,0)-G95 -> 0 | Y95: =_xlfn.FORMULATEXT(H95) -> #N/A | Z95: 1605393.9
D96: Skyvue Altier | E96: RERA | F96: 409 | G96: 9.0858327e+08 | H96: 1.6786756e+08 | I96: 1.5585835e+08 | J96: 6749464.5 | K96: =IFERROR(I96/H96,0) -> 0.92846019 | L96: 12009214 | M96: =MAX(G96-(H96+J96),0) -> 7.3396624e+08 | N96: =M96-SUM(O96:W96) -> 65269416 | O96: 94552224 | P96: 91430285 | Q96: 1.0175791e+08 | R96: 3.8095641e+08 | S96: 0 | T96: 0 | U96: 0 | V96: 0 | W96: 0 | X96: =_xlfn.XLOOKUP(D96,'Overdue-1'!D:D,'Overdue-1'!E:E,0)-G96 -> 0 | Y96: =_xlfn.FORMULATEXT(H96) -> #N/A | Z96: 0
C97: 25 | D97: Sobha Aquamont | E97: RERA | F97: =SUM(F98:F100) -> 708 | G97: =SUM(G98:G100) -> 1.0002369e+09 | H97: =SUM(H98:H100) -> 2.7891605e+08 | I97: =SUM(I98:I100) -> 2.6291034e+08 | J97: =SUM(J98:J100) -> 28797548 | K97: =IFERROR(I97/H97,0) -> 0.94261461 | L97: =SUM(L98:L100) -> 16005707 | M97: =MAX(G97-(H97+J97),0) -> 6.9252331e+08 | N97: =M97-SUM(O97:W97) -> 1.2974848e+08 | O97: =SUM(O98:O100) -> 1.3631873e+08 | P97: =SUM(P98:P100) -> 4.264561e+08 | Q97: =SUM(Q98:Q100) -> 0 | R97: =SUM(R98:R100) -> 0 | S97: =SUM(S98:S100) -> 0 | T97: =SUM(T98:T100) -> 0 | U97: =SUM(U98:U100) -> 0 | V97: =SUM(V98:V100) -> 0 | W97: =SUM(W98:W100) -> 0 | X97: =_xlfn.XLOOKUP(D97,'Overdue-1'!D:D,'Overdue-1'!E:E,0)-G97 -> -1.0002369e+09 | Y97: =_xlfn.FORMULATEXT(H97) -> =SUM(H98:H100)
D98: Sobha Aquamont Tower A | E98: RERA | F98: 305 | G98: 4.3249561e+08 | H98: 1.1773882e+08 | I98: 1.1146071e+08 | J98: 17410617 | K98: =IFERROR(I98/H98,0) -> 0.94667764 | L98: 6278111.7 | M98: =MAX(G98-(H98+J98),0) -> 2.9734618e+08 | N98: =M98-SUM(O98:W98) -> 53733960 | O98: 58853132 | P98: 1.8475908e+08 | Q98: 0 | R98: 0 | S98: 0 | T98: 0 | U98: 0 | V98: 0 | W98: 0 | X98: =_xlfn.XLOOKUP(D98,'Overdue-1'!D:D,'Overdue-1'!E:E,0)-G98 -> 0 | Y98: =_xlfn.FORMULATEXT(H98) -> #N/A | Z98: 835700.21
D99: Sobha Aquamont Tower B | E99: RERA | F99: 216 | G99: 3.0162992e+08 | H99: 82270210 | I99: 78228180 | J99: 6266361.2 | K99: =IFERROR(I99/H99,0) -> 0.95086885 | L99: 4042030.3 | M99: =MAX(G99-(H99+J99),0) -> 2.1309335e+08 | N99: =M99-SUM(O99:W99) -> 39185502 | O99: 43208142 | P99: 1.306997e+08 | Q99: 0 | R99: 0 | S99: 0 | T99: 0 | U99: 0 | V99: 0 | W99: 0 | X99: =_xlfn.XLOOKUP(D99,'Overdue-1'!D:D,'Overdue-1'!E:E,0)-G99 -> 0 | Y99: =_xlfn.FORMULATEXT(H99) -> #N/A | Z99: 1030280.8
D100: Sobha Aquamont Tower C | E100: RERA | F100: 187 | G100: 2.6611138e+08 | H100: 78907025 | I100: 73221460 | J100: 5120569.7 | K100: =IFERROR(I100/H100,0) -> 0.92794602 | L100: 5685565.3 | M100: =MAX(G100-(H100+J100),0) -> 1.8208379e+08 | N100: =M100-SUM(O100:W100) -> 36829015 | O100: 34257458 | P100: 1.1099731e+08 | Q100: 0 | R100: 0 | S100: 0 | T100: 0 | U100: 0 | V100: 0 | W100: 0 | X100: =_xlfn.XLOOKUP(D100,'Overdue-1'!D:D,'Overdue-1'!E:E,0)-G100 -> 0 | Y100: =_xlfn.FORMULATEXT(H100) -> #N/A | Z100: 1394259.3
...

Sheet consolidated - Offplan
A1: 46143
K2: Consolidated collections tracker - Offplan projects | O2: As on | P2: 46143
C3: S.No. | D3: Project details | E3: Project registration status | F3: ACD (Anticipated Completion Date) | G3: Unit Count | H3: Sale value | I3: Milestone due | J3: Collected against due | K3: Collected against Advance | L3: % Collected vs Milestone | M3: Due to be collected | N3: Future collectibles | O3: 2026 | P3: 2027 | Q3: 2028 | R3: 2029 | S3: 2030 | T3: =S3+1 -> 2031 | U3: =T3+1 -> 2032 | V3: =U3+1 -> 2033 | W3: =V3+1 -> 2034 | X3: =W3+1 -> 2035
C4: 1 | D4: Waves Opulence | E4: =_xlfn.XLOOKUP(D4,'consolidated tracker'!D:D,'consolidated tracker'!E:E) -> RERA | F4: 46203 | G4: =_xlfn.XLOOKUP(D4,'consolidated tracker'!D:D,'consolidated tracker'!F:F) -> 357 | H4: =_xlfn.XLOOKUP(D4,'consolidated tracker'!D:D,'consolidated tracker'!G:G) -> 1.0073601e+09 | I4: =_xlfn.XLOOKUP(D4,'consolidated tracker'!D:D,'consolidated tracker'!H:H) -> 5.9813452e+08 | J4: =_xlfn.XLOOKUP(D4,'consolidated tracker'!D:D,'consolidated tracker'!I:I) -> 5.8810201e+08 | K4: =_xlfn.XLOOKUP(D4,'consolidated tracker'!D:D,'consolidated tracker'!J:J) -> 1.0176234e+08 | L4: =_xlfn.XLOOKUP(D4,'consolidated tracker'!D:D,'consolidated tracker'!K:K) -> 0.983227 | M4: =_xlfn.XLOOKUP('consolidated - Offplan'!D4,'consolidated tracker'!D:D,'consolidated tracker'!L:L) -> 10032511 | N4: =_xlfn.XLOOKUP($D4,'consolidated tracker'!$D:$D,'consolidated tracker'!M:M) -> 3.0746324e+08 | O4: =_xlfn.XLOOKUP($D4,'consolidated tracker'!$D:$D,'consolidated tracker'!N:N) -> 3.0746324e+08 | P4: =_xlfn.XLOOKUP($D4,'consolidated tracker'!$D:$D,'consolidated tracker'!O:O) -> 0 | Q4: =_xlfn.XLOOKUP($D4,'consolidated tracker'!$D:$D,'consolidated tracker'!P:P) -> 0 | R4: =_xlfn.XLOOKUP($D4,'consolidated tracker'!$D:$D,'consolidated tracker'!Q:Q) -> 0 | S4: =_xlfn.XLOOKUP($D4,'consolidated tracker'!$D:$D,'consolidated tracker'!R:R) -> 0 | T4: =_xlfn.XLOOKUP($D4,'consolidated tracker'!$D:$D,'consolidated tracker'!S:S) -> 0 | U4: =_xlfn.XLOOKUP($D4,'consolidated tracker'!$D:$D,'consolidated tracker'!T:T) -> 0 | V4: =_xlfn.XLOOKUP($D4,'consolidated tracker'!$D:$D,'consolidated tracker'!U:U) -> 0 | W4: =_xlfn.XLOOKUP($D4,'consolidated tracker'!$D:$D,'consolidated tracker'!V:V) -> 0 | X4: =_xlfn.XLOOKUP($D4,'consolidated tracker'!$D:$D,'consolidated tracker'!W:W) -> 0
C5: =+C4+1 -> 2 | D5: Creek Vista Heights | E5: =_xlfn.XLOOKUP(D5,'consolidated tracker'!D:D,'consolidated tracker'!E:E) -> RERA | F5: - | G5: =_xlfn.XLOOKUP(D5,'consolidated tracker'!D:D,'consolidated tracker'!F:F) -> 1324 | H5: =_xlfn.XLOOKUP(D5,'consolidated tracker'!D:D,'consolidated tracker'!G:G) -> 2.5411988e+09 | I5: =_xlfn.XLOOKUP(D5,'consolidated tracker'!D:D,'consolidated tracker'!H:H) -> 1.5483509e+09 | J5: =_xlfn.XLOOKUP(D5,'consolidated tracker'!D:D,'consolidated tracker'!I:I) -> 1.5273238e+09 | K5: =_xlfn.XLOOKUP(D5,'consolidated tracker'!D:D,'consolidated tracker'!J:J) -> 1.8429219e+08 | L5: =_xlfn.XLOOKUP(D5,'consolidated tracker'!D:D,'consolidated tracker'!K:K) -> 0.98641966 | M5: =_xlfn.XLOOKUP('consolidated - Offplan'!D5,'consolidated tracker'!D:D,'consolidated tracker'!L:L) -> 20972071 | N5: =_xlfn.XLOOKUP($D5,'consolidated tracker'!$D:$D,'consolidated tracker'!M:M) -> 8.0855569e+08 | O5: =_xlfn.XLOOKUP($D5,'consolidated tracker'!$D:$D,'consolidated tracker'!N:N) -> 8.0855569e+08 | P5: =_xlfn.XLOOKUP($D5,'consolidated tracker'!$D:$D,'consolidated tracker'!O:O) -> 0 | Q5: =_xlfn.XLOOKUP($D5,'consolidated tracker'!$D:$D,'consolidated tracker'!P:P) -> 0 | R5: =_xlfn.XLOOKUP($D5,'consolidated tracker'!$D:$D,'consolidated tracker'!Q:Q) -> 0 | S5: =_xlfn.XLOOKUP($D5,'consolidated tracker'!$D:$D,'consolidated tracker'!R:R) -> 0 | T5: =_xlfn.XLOOKUP($D5,'consolidated tracker'!$D:$D,'consolidated tracker'!S:S) -> 0 | U5: =_xlfn.XLOOKUP($D5,'consolidated tracker'!$D:$D,'consolidated tracker'!T:T) -> 0 | V5: =_xlfn.XLOOKUP($D5,'consolidated tracker'!$D:$D,'consolidated tracker'!U:U) -> 0 | W5: =_xlfn.XLOOKUP($D5,'consolidated tracker'!$D:$D,'consolidated tracker'!V:V) -> 0 | X5: =_xlfn.XLOOKUP($D5,'consolidated tracker'!$D:$D,'consolidated tracker'!W:W) -> 0
D6: Creek vista heights tower A | E6: =_xlfn.XLOOKUP(D6,'consolidated tracker'!D:D,'consolidated tracker'!E:E) -> RERA | F6: 46265 | G6: =_xlfn.XLOOKUP(D6,'consolidated tracker'!D:D,'consolidated tracker'!F:F) -> 631 | H6: =_xlfn.XLOOKUP(D6,'consolidated tracker'!D:D,'consolidated tracker'!G:G) -> 1.01787e+09 | I6: =_xlfn.XLOOKUP(D6,'consolidated tracker'!D:D,'consolidated tracker'!H:H) -> 6.2624529e+08 | J6: =_xlfn.XLOOKUP(D6,'consolidated tracker'!D:D,'consolidated tracker'!I:I) -> 6.1799097e+08 | K6: =_xlfn.XLOOKUP(D6,'consolidated tracker'!D:D,'consolidated tracker'!J:J) -> 67154177 | L6: =_xlfn.XLOOKUP(D6,'consolidated tracker'!D:D,'consolidated tracker'!K:K) -> 0.98681936 | M6: =_xlfn.XLOOKUP('consolidated - Offplan'!D6,'consolidated tracker'!D:D,'consolidated tracker'!L:L) -> 8254316.5 | N6: =_xlfn.XLOOKUP($D6,'consolidated tracker'!$D:$D,'consolidated tracker'!M:M) -> 3.2447049e+08 | O6: =_xlfn.XLOOKUP($D6,'consolidated tracker'!$D:$D,'consolidated tracker'!N:N) -> 3.2406294e+08 | P6: =_xlfn.XLOOKUP($D6,'consolidated tracker'!$D:$D,'consolidated tracker'!O:O) -> 407554.18 | Q6: =_xlfn.XLOOKUP($D6,'consolidated tracker'!$D:$D,'consolidated tracker'!P:P) -> 0 | R6: =_xlfn.XLOOKUP($D6,'consolidated tracker'!$D:$D,'consolidated tracker'!Q:Q) -> 0 | S6: =_xlfn.XLOOKUP($D6,'consolidated tracker'!$D:$D,'consolidated tracker'!R:R) -> 0 | T6: =_xlfn.XLOOKUP($D6,'consolidated tracker'!$D:$D,'consolidated tracker'!S:S) -> 0 | U6: =_xlfn.XLOOKUP($D6,'consolidated tracker'!$D:$D,'consolidated tracker'!T:T) -> 0 | V6: =_xlfn.XLOOKUP($D6,'consolidated tracker'!$D:$D,'consolidated tracker'!U:U) -> 0 | W6: =_xlfn.XLOOKUP($D6,'consolidated tracker'!$D:$D,'consolidated tracker'!V:V) -> 0 | X6: =_xlfn.XLOOKUP($D6,'consolidated tracker'!$D:$D,'consolidated tracker'!W:W) -> 0
D7: Creek vista heights tower B | E7: =_xlfn.XLOOKUP(D7,'consolidated tracker'!D:D,'consolidated tracker'!E:E) -> RERA | F7: 46265 | G7: =_xlfn.XLOOKUP(D7,'consolidated tracker'!D:D,'consolidated tracker'!F:F) -> 681 | H7: =_xlfn.XLOOKUP(D7,'consolidated tracker'!D:D,'consolidated tracker'!G:G) -> 1.4709835e+09 | I7: =_xlfn.XLOOKUP(D7,'consolidated tracker'!D:D,'consolidated tracker'!H:H) -> 8.8972357e+08 | J7: =_xlfn.XLOOKUP(D7,'consolidated tracker'!D:D,'consolidated tracker'!I:I) -> 8.7732214e+08 | K7: =_xlfn.XLOOKUP(D7,'consolidated tracker'!D:D,'consolidated tracker'!J:J) -> 1.0895002e+08 | L7: =_xlfn.XLOOKUP(D7,'consolidated tracker'!D:D,'consolidated tracker'!K:K) -> 0.98606149 | M7: =_xlfn.XLOOKUP('consolidated - Offplan'!D7,'consolidated tracker'!D:D,'consolidated tracker'!L:L) -> 12401425 | N7: =_xlfn.XLOOKUP($D7,'consolidated tracker'!$D:$D,'consolidated tracker'!M:M) -> 4.723099e+08 | O7: =_xlfn.XLOOKUP($D7,'consolidated tracker'!$D:$D,'consolidated tracker'!N:N) -> 4.723099e+08 | P7: =_xlfn.XLOOKUP($D7,'consolidated tracker'!$D:$D,'consolidated tracker'!O:O) -> 0 | Q7: =_xlfn.XLOOKUP($D7,'consolidated tracker'!$D:$D,'consolidated tracker'!P:P) -> 0 | R7: =_xlfn.XLOOKUP($D7,'consolidated tracker'!$D:$D,'consolidated tracker'!Q:Q) -> 0 | S7: =_xlfn.XLOOKUP($D7,'consolidated tracker'!$D:$D,'consolidated tracker'!R:R) -> 0 | T7: =_xlfn.XLOOKUP($D7,'consolidated tracker'!$D:$D,'consolidated tracker'!S:S) -> 0 | U7: =_xlfn.XLOOKUP($D7,'consolidated tracker'!$D:$D,'consolidated tracker'!T:T) -> 0 | V7: =_xlfn.XLOOKUP($D7,'consolidated tracker'!$D:$D,'consolidated tracker'!U:U) -> 0 | W7: =_xlfn.XLOOKUP($D7,'consolidated tracker'!$D:$D,'consolidated tracker'!V:V) -> 0 | X7: =_xlfn.XLOOKUP($D7,'consolidated tracker'!$D:$D,'consolidated tracker'!W:W) -> 0
D8: Creek vista heights retail | E8: =_xlfn.XLOOKUP(D8,'consolidated tracker'!D:D,'consolidated tracker'!E:E) -> RERA | F8: 46203 | G8: =_xlfn.XLOOKUP(D8,'consolidated tracker'!D:D,'consolidated tracker'!F:F) -> 12 | H8: =_xlfn.XLOOKUP(D8,'consolidated tracker'!D:D,'consolidated tracker'!G:G) -> 52345357 | I8: =_xlfn.XLOOKUP(D8,'consolidated tracker'!D:D,'consolidated tracker'!H:H) -> 32382061 | J8: =_xlfn.XLOOKUP(D8,'consolidated tracker'!D:D,'consolidated tracker'!I:I) -> 32010669 | K8: =_xlfn.XLOOKUP(D8,'consolidated tracker'!D:D,'consolidated tracker'!J:J) -> 8187994 | L8: =_xlfn.XLOOKUP(D8,'consolidated tracker'!D:D,'consolidated tracker'!K:K) -> 0.98853095 | M8: =_xlfn.XLOOKUP('consolidated - Offplan'!D8,'consolidated tracker'!D:D,'consolidated tracker'!L:L) -> 316330 | N8: =_xlfn.XLOOKUP($D8,'consolidated tracker'!$D:$D,'consolidated tracker'!M:M) -> 11775303 | O8: =_xlfn.XLOOKUP($D8,'consolidated tracker'!$D:$D,'consolidated tracker'!N:N) -> 11775303 | P8: =_xlfn.XLOOKUP($D8,'consolidated tracker'!$D:$D,'consolidated tracker'!O:O) -> 0 | Q8: =_xlfn.XLOOKUP($D8,'consolidated tracker'!$D:$D,'consolidated tracker'!P:P) -> 0 | R8: =_xlfn.XLOOKUP($D8,'consolidated tracker'!$D:$D,'consolidated tracker'!Q:Q) -> 0 | S8: =_xlfn.XLOOKUP($D8,'consolidated tracker'!$D:$D,'consolidated tracker'!R:R) -> 0 | T8: =_xlfn.XLOOKUP($D8,'consolidated tracker'!$D:$D,'consolidated tracker'!S:S) -> 0 | U8: =_xlfn.XLOOKUP($D8,'consolidated tracker'!$D:$D,'consolidated tracker'!T:T) -> 0 | V8: =_xlfn.XLOOKUP($D8,'consolidated tracker'!$D:$D,'consolidated tracker'!U:U) -> 0 | W8: =_xlfn.XLOOKUP($D8,'consolidated tracker'!$D:$D,'consolidated tracker'!V:V) -> 0 | X8: =_xlfn.XLOOKUP($D8,'consolidated tracker'!$D:$D,'consolidated tracker'!W:W) -> 0
C9: =+C5+1 -> 3 | D9: Sea Haven | E9: =_xlfn.XLOOKUP(D9,'consolidated tracker'!D:D,'consolidated tracker'!E:E) -> RERA | F9: - | G9: =_xlfn.XLOOKUP(D9,'consolidated tracker'!D:D,'consolidated tracker'!F:F) -> 680 | H9: =_xlfn.XLOOKUP(D9,'consolidated tracker'!D:D,'consolidated tracker'!G:G) -> 5.3019632e+09 | I9: =_xlfn.XLOOKUP(D9,'consolidated tracker'!D:D,'consolidated tracker'!H:H) -> 3.0618523e+09 | J9: =_xlfn.XLOOKUP(D9,'consolidated tracker'!D:D,'consolidated tracker'!I:I) -> 2.8612734e+09 | K9: =_xlfn.XLOOKUP(D9,'consolidated tracker'!D:D,'consolidated tracker'!J:J) -> 2.5897524e+08 | L9: =_xlfn.XLOOKUP(D9,'consolidated tracker'!D:D,'consolidated tracker'!K:K) -> 0.93449097 | M9: =_xlfn.XLOOKUP('consolidated - Offplan'!D9,'consolidated tracker'!D:D,'consolidated tracker'!L:L) -> 2.0057897e+08 | N9: =_xlfn.XLOOKUP($D9,'consolidated tracker'!$D:$D,'consolidated tracker'!M:M) -> 1.9811356e+09 | O9: =_xlfn.XLOOKUP($D9,'consolidated tracker'!$D:$D,'consolidated tracker'!N:N) -> 9.6545294e+08 | P9: =_xlfn.XLOOKUP($D9,'consolidated tracker'!$D:$D,'consolidated tracker'!O:O) -> 1.0156827e+09 | Q9: =_xlfn.XLOOKUP($D9,'consolidated tracker'!$D:$D,'consolidated tracker'!P:P) -> 0 | R9: =_xlfn.XLOOKUP($D9,'consolidated tracker'!$D:$D,'consolidated tracker'!Q:Q) -> 0 | S9: =_xlfn.XLOOKUP($D9,'consolidated tracker'!$D:$D,'consolidated tracker'!R:R) -> 0 | T9: =_xlfn.XLOOKUP($D9,'consolidated tracker'!$D:$D,'consolidated tracker'!S:S) -> 0 | U9: =_xlfn.XLOOKUP($D9,'consolidated tracker'!$D:$D,'consolidated tracker'!T:T) -> 0 | V9: =_xlfn.XLOOKUP($D9,'consolidated tracker'!$D:$D,'consolidated tracker'!U:U) -> 0 | W9: =_xlfn.XLOOKUP($D9,'consolidated tracker'!$D:$D,'consolidated tracker'!V:V) -> 0 | X9: =_xlfn.XLOOKUP($D9,'consolidated tracker'!$D:$D,'consolidated tracker'!W:W) -> 0
D10: Sea Haven Tower A | E10: =_xlfn.XLOOKUP(D10,'consolidated tracker'!D:D,'consolidated tracker'!E:E) -> RERA | F10: 46387 | G10: =_xlfn.XLOOKUP(D10,'consolidated tracker'!D:D,'consolidated tracker'!F:F) -> 315 | H10: =_xlfn.XLOOKUP(D10,'consolidated tracker'!D:D,'consolidated tracker'!G:G) -> 2.6154909e+09 | I10: =_xlfn.XLOOKUP(D10,'consolidated tracker'!D:D,'consolidated tracker'!H:H) -> 1.736494e+09 | J10: =_xlfn.XLOOKUP(D10,'consolidated tracker'!D:D,'consolidated tracker'!I:I) -> 1.6042163e+09 | K10: =_xlfn.XLOOKUP(D10,'consolidated tracker'!D:D,'consolidated tracker'!J:J) -> 1.4571977e+08 | L10: =_xlfn.XLOOKUP(D10,'consolidated tracker'!D:D,'consolidated tracker'!K:K) -> 0.92382487 | M10: =_xlfn.XLOOKUP('consolidated - Offplan'!D10,'consolidated tracker'!D:D,'consolidated tracker'!L:L) -> 1.3227765e+08 | N10: =_xlfn.XLOOKUP($D10,'consolidated tracker'!$D:$D,'consolidated tracker'!M:M) -> 7.3327714e+08 | O10: =_xlfn.XLOOKUP($D10,'consolidated tracker'!$D:$D,'consolidated tracker'!N:N) -> 7.3327714e+08 | P10: =_xlfn.XLOOKUP($D10,'consolidated tracker'!$D:$D,'consolidated tracker'!O:O) -> 0 | Q10: =_xlfn.XLOOKUP($D10,'consolidated tracker'!$D:$D,'consolidated tracker'!P:P) -> 0 | R10: =_xlfn.XLOOKUP($D10,'consolidated tracker'!$D:$D,'consolidated tracker'!Q:Q) -> 0 | S10: =_xlfn.XLOOKUP($D10,'consolidated tracker'!$D:$D,'consolidated tracker'!R:R) -> 0 | T10: =_xlfn.XLOOKUP($D10,'consolidated tracker'!$D:$D,'consolidated tracker'!S:S) -> 0 | U10: =_xlfn.XLOOKUP($D10,'consolidated tracker'!$D:$D,'consolidated tracker'!T:T) -> 0 | V10: =_xlfn.XLOOKUP($D10,'consolidated tracker'!$D:$D,'consolidated tracker'!U:U) -> 0 | W10: =_xlfn.XLOOKUP($D10,'consolidated tracker'!$D:$D,'consolidated tracker'!V:V) -> 0 | X10: =_xlfn.XLOOKUP($D10,'consolidated tracker'!$D:$D,'consolidated tracker'!W:W) -> 0
D11: Sea Haven Tower B | E11: =_xlfn.XLOOKUP(D11,'consolidated tracker'!D:D,'consolidated tracker'!E:E) -> RERA | F11: 46630 | G11: =_xlfn.XLOOKUP(D11,'consolidated tracker'!D:D,'consolidated tracker'!F:F) -> 223 | H11: =_xlfn.XLOOKUP(D11,'consolidated tracker'!D:D,'consolidated tracker'!G:G) -> 1.5122856e+09 | I11: =_xlfn.XLOOKUP(D11,'consolidated tracker'!D:D,'consolidated tracker'!H:H) -> 7.9933232e+08 | J11: =_xlfn.XLOOKUP(D11,'consolidated tracker'!D:D,'consolidated tracker'!I:I) -> 7.6172395e+08 | K11: =_xlfn.XLOOKUP(D11,'consolidated tracker'!D:D,'consolidated tracker'!J:J) -> 33855061 | L11: =_xlfn.XLOOKUP(D11,'consolidated tracker'!D:D,'consolidated tracker'!K:K) -> 0.95295027 | M11: =_xlfn.XLOOKUP('consolidated - Offplan'!D11,'consolidated tracker'!D:D,'consolidated tracker'!L:L) -> 37608372 | N11: =_xlfn.XLOOKUP($D11,'consolidated tracker'!$D:$D,'consolidated tracker'!M:M) -> 6.7909826e+08 | O11: =_xlfn.XLOOKUP($D11,'consolidated tracker'!$D:$D,'consolidated tracker'!N:N) -> 1.3857051e+08 | P11: =_xlfn.XLOOKUP($D11,'consolidated tracker'!$D:$D,'consolidated tracker'!O:O) -> 5.4052775e+08 | Q11: =_xlfn.XLOOKUP($D11,'consolidated tracker'!$D:$D,'consolidated tracker'!P:P) -> 0 | R11: =_xlfn.XLOOKUP($D11,'consolidated tracker'!$D:$D,'consolidated tracker'!Q:Q) -> 0 | S11: =_xlfn.XLOOKUP($D11,'consolidated tracker'!$D:$D,'consolidated tracker'!R:R) -> 0 | T11: =_xlfn.XLOOKUP($D11,'consolidated tracker'!$D:$D,'consolidated tracker'!S:S) -> 0 | U11: =_xlfn.XLOOKUP($D11,'consolidated tracker'!$D:$D,'consolidated tracker'!T:T) -> 0 | V11: =_xlfn.XLOOKUP($D11,'consolidated tracker'!$D:$D,'consolidated tracker'!U:U) -> 0 | W11: =_xlfn.XLOOKUP($D11,'consolidated tracker'!$D:$D,'consolidated tracker'!V:V) -> 0 | X11: =_xlfn.XLOOKUP($D11,'consolidated tracker'!$D:$D,'consolidated tracker'!W:W) -> 0
D12: Sea Haven Tower C | E12: =_xlfn.XLOOKUP(D12,'consolidated tracker'!D:D,'consolidated tracker'!E:E) -> RERA | F12: 46630 | G12: =_xlfn.XLOOKUP(D12,'consolidated tracker'!D:D,'consolidated tracker'!F:F) -> 142 | H12: =_xlfn.XLOOKUP(D12,'consolidated tracker'!D:D,'consolidated tracker'!G:G) -> 1.1741867e+09 | I12: =_xlfn.XLOOKUP(D12,'consolidated tracker'!D:D,'consolidated tracker'!H:H) -> 5.2602603e+08 | J12: =_xlfn.XLOOKUP(D12,'consolidated tracker'!D:D,'consolidated tracker'!I:I) -> 4.9533309e+08 | K12: =_xlfn.XLOOKUP(D12,'consolidated tracker'!D:D,'consolidated tracker'!J:J) -> 79400407 | L12: =_xlfn.XLOOKUP(D12,'consolidated tracker'!D:D,'consolidated tracker'!K:K) -> 0.94165128 | M12: =_xlfn.XLOOKUP('consolidated - Offplan'!D12,'consolidated tracker'!D:D,'consolidated tracker'!L:L) -> 30692945 | N12: =_xlfn.XLOOKUP($D12,'consolidated tracker'!$D:$D,'consolidated tracker'!M:M) -> 5.6876024e+08 | O12: =_xlfn.XLOOKUP($D12,'consolidated tracker'!$D:$D,'consolidated tracker'!N:N) -> 93605285 | P12: =_xlfn.XLOOKUP($D12,'consolidated tracker'!$D:$D,'consolidated tracker'!O:O) -> 4.7515495e+08 | Q12: =_xlfn.XLOOKUP($D12,'consolidated tracker'!$D:$D,'consolidated tracker'!P:P) -> 0 | R12: =_xlfn.XLOOKUP($D12,'consolidated tracker'!$D:$D,'consolidated tracker'!Q:Q) -> 0 | S12: =_xlfn.XLOOKUP($D12,'consolidated tracker'!$D:$D,'consolidated tracker'!R:R) -> 0 | T12: =_xlfn.XLOOKUP($D12,'consolidated tracker'!$D:$D,'consolidated tracker'!S:S) -> 0 | U12: =_xlfn.XLOOKUP($D12,'consolidated tracker'!$D:$D,'consolidated tracker'!T:T) -> 0 | V12: =_xlfn.XLOOKUP($D12,'consolidated tracker'!$D:$D,'consolidated tracker'!U:U) -> 0 | W12: =_xlfn.XLOOKUP($D12,'consolidated tracker'!$D:$D,'consolidated tracker'!V:V) -> 0 | X12: =_xlfn.XLOOKUP($D12,'consolidated tracker'!$D:$D,'consolidated tracker'!W:W) -> 0
C13: 4 | D13: Verde | E13: =_xlfn.XLOOKUP(D13,'consolidated tracker'!D:D,'consolidated tracker'!E:E) -> RERA | F13: 46326 | G13: =_xlfn.XLOOKUP(D13,'consolidated tracker'!D:D,'consolidated tracker'!F:F) -> 606 | H13: =_xlfn.XLOOKUP(D13,'consolidated tracker'!D:D,'consolidated tracker'!G:G) -> 1.5355297e+09 | I13: =_xlfn.XLOOKUP(D13,'consolidated tracker'!D:D,'consolidated tracker'!H:H) -> 8.9106197e+08 | J13: =_xlfn.XLOOKUP(D13,'consolidated tracker'!D:D,'consolidated tracker'!I:I) -> 8.6332707e+08 | K13: =_xlfn.XLOOKUP(D13,'consolidated tracker'!D:D,'consolidated tracker'!J:J) -> 62673788 | L13: =_xlfn.XLOOKUP(D13,'consolidated tracker'!D:D,'consolidated tracker'!K:K) -> 0.96887433 | M13: =_xlfn.XLOOKUP('consolidated - Offplan'!D13,'consolidated tracker'!D:D,'consolidated tracker'!L:L) -> 27734901 | N13: =_xlfn.XLOOKUP($D13,'consolidated tracker'!$D:$D,'consolidated tracker'!M:M) -> 5.8179392e+08 | O13: =_xlfn.XLOOKUP($D13,'consolidated tracker'!$D:$D,'consolidated tracker'!N:N) -> 5.8179392e+08 | P13: =_xlfn.XLOOKUP($D13,'consolidated tracker'!$D:$D,'consolidated tracker'!O:O) -> 0 | Q13: =_xlfn.XLOOKUP($D13,'consolidated tracker'!$D:$D,'consolidated tracker'!P:P) -> 0 | R13: =_xlfn.XLOOKUP($D13,'consolidated tracker'!$D:$D,'consolidated tracker'!Q:Q) -> 0 | S13: =_xlfn.XLOOKUP($D13,'consolidated tracker'!$D:$D,'consolidated tracker'!R:R) -> 0 | T13: =_xlfn.XLOOKUP($D13,'consolidated tracker'!$D:$D,'consolidated tracker'!S:S) -> 0 | U13: =_xlfn.XLOOKUP($D13,'consolidated tracker'!$D:$D,'consolidated tracker'!T:T) -> 0 | V13: =_xlfn.XLOOKUP($D13,'consolidated tracker'!$D:$D,'consolidated tracker'!U:U) -> 0 | W13: =_xlfn.XLOOKUP($D13,'consolidated tracker'!$D:$D,'consolidated tracker'!V:V) -> 0 | X13: =_xlfn.XLOOKUP($D13,'consolidated tracker'!$D:$D,'consolidated tracker'!W:W) -> 0
C14: 5 | D14: Hartland II Villas & Mansion | E14: =_xlfn.XLOOKUP(D14,'consolidated tracker'!D:D,'consolidated tracker'!E:E) -> RERA | F14: 46387 | G14: =_xlfn.XLOOKUP(D14,'consolidated tracker'!D:D,'consolidated tracker'!F:F) -> 104 | H14: =_xlfn.XLOOKUP(D14,'consolidated tracker'!D:D,'consolidated tracker'!G:G) -> 2.9660575e+09 | I14: =_xlfn.XLOOKUP(D14,'consolidated tracker'!D:D,'consolidated tracker'!H:H) -> 1.6191306e+09 | J14: =_xlfn.XLOOKUP(D14,'consolidated tracker'!D:D,'consolidated tracker'!I:I) -> 1.5053489e+09 | K14: =_xlfn.XLOOKUP(D14,'consolidated tracker'!D:D,'consolidated tracker'!J:J) -> 2.1435543e+08 | L14: =_xlfn.XLOOKUP(D14,'consolidated tracker'!D:D,'consolidated tracker'!K:K) -> 0.92972664 | M14: =_xlfn.XLOOKUP('consolidated - Offplan'!D14,'consolidated tracker'!D:D,'consolidated tracker'!L:L) -> 1.1378175e+08 | N14: =_xlfn.XLOOKUP($D14,'consolidated tracker'!$D:$D,'consolidated tracker'!M:M) -> 1.1325715e+09 | O14: =_xlfn.XLOOKUP($D14,'consolidated tracker'!$D:$D,'consolidated tracker'!N:N) -> 6.1935862e+08 | P14: =_xlfn.XLOOKUP($D14,'consolidated tracker'!$D:$D,'consolidated tracker'!O:O) -> 5.1321284e+08 | Q14: =_xlfn.XLOOKUP($D14,'consolidated tracker'!$D:$D,'consolidated tracker'!P:P) -> 0 | R14: =_xlfn.XLOOKUP($D14,'consolidated tracker'!$D:$D,'consolidated tracker'!Q:Q) -> 0 | S14: =_xlfn.XLOOKUP($D14,'consolidated tracker'!$D:$D,'consolidated tracker'!R:R) -> 0 | T14: =_xlfn.XLOOKUP($D14,'consolidated tracker'!$D:$D,'consolidated tracker'!S:S) -> 0 | U14: =_xlfn.XLOOKUP($D14,'consolidated tracker'!$D:$D,'consolidated tracker'!T:T) -> 0 | V14: =_xlfn.XLOOKUP($D14,'consolidated tracker'!$D:$D,'consolidated tracker'!U:U) -> 0 | W14: =_xlfn.XLOOKUP($D14,'consolidated tracker'!$D:$D,'consolidated tracker'!V:V) -> 0 | X14: =_xlfn.XLOOKUP($D14,'consolidated tracker'!$D:$D,'consolidated tracker'!W:W) -> 0
D15: Hartland II Villas | E15: =_xlfn.XLOOKUP(D15,'consolidated tracker'!D:D,'consolidated tracker'!E:E) -> RERA | F15: 46203 | G15: =_xlfn.XLOOKUP(D15,'consolidated tracker'!D:D,'consolidated tracker'!F:F) -> 54 | H15: =_xlfn.XLOOKUP(D15,'consolidated tracker'!D:D,'consolidated tracker'!G:G) -> 1.5048054e+09 | I15: =_xlfn.XLOOKUP(D15,'consolidated tracker'!D:D,'consolidated tracker'!H:H) -> 1.063549e+09 | J15: =_xlfn.XLOOKUP(D15,'consolidated tracker'!D:D,'consolidated tracker'!I:I) -> 1.0353335e+09 | K15: =_xlfn.XLOOKUP(D15,'consolidated tracker'!D:D,'consolidated tracker'!J:J) -> 73147087 | L15: =_xlfn.XLOOKUP(D15,'consolidated tracker'!D:D,'consolidated tracker'!K:K) -> 0.97347042 | M15: =_xlfn.XLOOKUP('consolidated - Offplan'!D15,'consolidated tracker'!D:D,'consolidated tracker'!L:L) -> 28215504 | N15: =_xlfn.XLOOKUP($D15,'consolidated tracker'!$D:$D,'consolidated tracker'!M:M) -> 3.681093e+08 | O15: =_xlfn.XLOOKUP($D15,'consolidated tracker'!$D:$D,'consolidated tracker'!N:N) -> 3.681093e+08 | P15: =_xlfn.XLOOKUP($D15,'consolidated tracker'!$D:$D,'consolidated tracker'!O:O) -> 0 | Q15: =_xlfn.XLOOKUP($D15,'consolidated tracker'!$D:$D,'consolidated tracker'!P:P) -> 0 | R15: =_xlfn.XLOOKUP($D15,'consolidated tracker'!$D:$D,'consolidated tracker'!Q:Q) -> 0 | S15: =_xlfn.XLOOKUP($D15,'consolidated tracker'!$D:$D,'consolidated tracker'!R:R) -> 0 | T15: =_xlfn.XLOOKUP($D15,'consolidated tracker'!$D:$D,'consolidated tracker'!S:S) -> 0 | U15: =_xlfn.XLOOKUP($D15,'consolidated tracker'!$D:$D,'consolidated tracker'!T:T) -> 0 | V15: =_xlfn.XLOOKUP($D15,'consolidated tracker'!$D:$D,'consolidated tracker'!U:U) -> 0 | W15: =_xlfn.XLOOKUP($D15,'consolidated tracker'!$D:$D,'consolidated tracker'!V:V) -> 0 | X15: =_xlfn.XLOOKUP($D15,'consolidated tracker'!$D:$D,'consolidated tracker'!W:W) -> 0
D16: Hartland II Mansion | E16: =_xlfn.XLOOKUP(D16,'consolidated tracker'!D:D,'consolidated tracker'!E:E) -> RERA | F16: 46387 | G16: =_xlfn.XLOOKUP(D16,'consolidated tracker'!D:D,'consolidated tracker'!F:F) -> 1 | H16: =_xlfn.XLOOKUP(D16,'consolidated tracker'!D:D,'consolidated tracker'!G:G) -> 130000000 | I16: =_xlfn.XLOOKUP(D16,'consolidated tracker'!D:D,'consolidated tracker'!H:H) -> 78000000 | J16: =_xlfn.XLOOKUP(D16,'consolidated tracker'!D:D,'consolidated tracker'!I:I) -> 78000000 | K16: =_xlfn.XLOOKUP(D16,'consolidated tracker'!D:D,'consolidated tracker'!J:J) -> 0 | L16: =_xlfn.XLOOKUP(D16,'consolidated tracker'!D:D,'consolidated tracker'!K:K) -> 1 | M16: =_xlfn.XLOOKUP('consolidated - Offplan'!D16,'consolidated tracker'!D:D,'consolidated tracker'!L:L) -> 0 | N16: =_xlfn.XLOOKUP($D16,'consolidated tracker'!$D:$D,'consolidated tracker'!M:M) -> 52000000 | O16: =_xlfn.XLOOKUP($D16,'consolidated tracker'!$D:$D,'consolidated tracker'!N:N) -> 52000000 | P16: =_xlfn.XLOOKUP($D16,'consolidated tracker'!$D:$D,'consolidated tracker'!O:O) -> 0 | Q16: =_xlfn.XLOOKUP($D16,'consolidated tracker'!$D:$D,'consolidated tracker'!P:P) -> 0 | R16: =_xlfn.XLOOKUP($D16,'consolidated tracker'!$D:$D,'consolidated tracker'!Q:Q) -> 0 | S16: =_xlfn.XLOOKUP($D16,'consolidated tracker'!$D:$D,'consolidated tracker'!R:R) -> 0 | T16: =_xlfn.XLOOKUP($D16,'consolidated tracker'!$D:$D,'consolidated tracker'!S:S) -> 0 | U16: =_xlfn.XLOOKUP($D16,'consolidated tracker'!$D:$D,'consolidated tracker'!T:T) -> 0 | V16: =_xlfn.XLOOKUP($D16,'consolidated tracker'!$D:$D,'consolidated tracker'!U:U) -> 0 | W16: =_xlfn.XLOOKUP($D16,'consolidated tracker'!$D:$D,'consolidated tracker'!V:V) -> 0 | X16: =_xlfn.XLOOKUP($D16,'consolidated tracker'!$D:$D,'consolidated tracker'!W:W) -> 0
D17: Hartland II Villas-Phase II | E17: =_xlfn.XLOOKUP(D17,'consolidated tracker'!D:D,'consolidated tracker'!E:E) -> RERA | F17: 46387 | G17: =_xlfn.XLOOKUP(D17,'consolidated tracker'!D:D,'consolidated tracker'!F:F) -> 48 | H17: =_xlfn.XLOOKUP(D17,'consolidated tracker'!D:D,'consolidated tracker'!G:G) -> 1266411551 | I17: =_xlfn.XLOOKUP(D17,'consolidated tracker'!D:D,'consolidated tracker'!H:H) -> 4.7109756e+08 | J17: =_xlfn.XLOOKUP(D17,'consolidated tracker'!D:D,'consolidated tracker'!I:I) -> 3.8553132e+08 | K17: =_xlfn.XLOOKUP(D17,'consolidated tracker'!D:D,'consolidated tracker'!J:J) -> 85186086 | L17: =_xlfn.XLOOKUP(D17,'consolidated tracker'!D:D,'consolidated tracker'!K:K) -> 0.81836831 | M17: =_xlfn.XLOOKUP('consolidated - Offplan'!D17,'consolidated tracker'!D:D,'consolidated tracker'!L:L) -> 85566244 | N17: =_xlfn.XLOOKUP($D17,'consolidated tracker'!$D:$D,'consolidated tracker'!M:M) -> 7.1012791e+08 | O17: =_xlfn.XLOOKUP($D17,'consolidated tracker'!$D:$D,'consolidated tracker'!N:N) -> 1.9691507e+08 | P17: =_xlfn.XLOOKUP($D17,'consolidated tracker'!$D:$D,'consolidated tracker'!O:O) -> 5.1321284e+08 | Q17: =_xlfn.XLOOKUP($D17,'consolidated tracker'!$D:$D,'consolidated tracker'!P:P) -> 0 | R17: =_xlfn.XLOOKUP($D17,'consolidated tracker'!$D:$D,'consolidated tracker'!Q:Q) -> 0 | S17: =_xlfn.XLOOKUP($D17,'consolidated tracker'!$D:$D,'consolidated tracker'!R:R) -> 0 | T17: =_xlfn.XLOOKUP($D17,'consolidated tracker'!$D:$D,'consolidated tracker'!S:S) -> 0 | U17: =_xlfn.XLOOKUP($D17,'consolidated tracker'!$D:$D,'consolidated tracker'!T:T) -> 0 | V17: =_xlfn.XLOOKUP($D17,'consolidated tracker'!$D:$D,'consolidated tracker'!U:U) -> 0 | W17: =_xlfn.XLOOKUP($D17,'consolidated tracker'!$D:$D,'consolidated tracker'!V:V) -> 0 | X17: =_xlfn.XLOOKUP($D17,'consolidated tracker'!$D:$D,'consolidated tracker'!W:W) -> 0
D18: Hartland II Villas 6BR | E18: =_xlfn.XLOOKUP(D18,'consolidated tracker'!D:D,'consolidated tracker'!E:E) -> RERA | F18: - | G18: =_xlfn.XLOOKUP(D18,'consolidated tracker'!D:D,'consolidated tracker'!F:F) -> 1 | H18: =_xlfn.XLOOKUP(D18,'consolidated tracker'!D:D,'consolidated tracker'!G:G) -> 64840575 | I18: =_xlfn.XLOOKUP(D18,'consolidated tracker'!D:D,'consolidated tracker'!H:H) -> 6484057.5 | J18: =_xlfn.XLOOKUP(D18,'consolidated tracker'!D:D,'consolidated tracker'!I:I) -> 6484057.5 | K18: =_xlfn.XLOOKUP(D18,'consolidated tracker'!D:D,'consolidated tracker'!J:J) -> 56022258 | L18: =_xlfn.XLOOKUP(D18,'consolidated tracker'!D:D,'consolidated tracker'!K:K) -> 1 | M18: =_xlfn.XLOOKUP('consolidated - Offplan'!D18,'consolidated tracker'!D:D,'consolidated tracker'!L:L) -> 0 | N18: =_xlfn.XLOOKUP($D18,'consolidated tracker'!$D:$D,'consolidated tracker'!M:M) -> 2334260 | O18: =_xlfn.XLOOKUP($D18,'consolidated tracker'!$D:$D,'consolidated tracker'!N:N) -> 2334260 | P18: =_xlfn.XLOOKUP($D18,'consolidated tracker'!$D:$D,'consolidated tracker'!O:O) -> 0 | Q18: =_xlfn.XLOOKUP($D18,'consolidated tracker'!$D:$D,'consolidated tracker'!P:P) -> 0 | R18: =_xlfn.XLOOKUP($D18,'consolidated tracker'!$D:$D,'consolidated tracker'!Q:Q) -> 0 | S18: =_xlfn.XLOOKUP($D18,'consolidated tracker'!$D:$D,'consolidated tracker'!R:R) -> 0 | T18: =_xlfn.XLOOKUP($D18,'consolidated tracker'!$D:$D,'consolidated tracker'!S:S) -> 0 | U18: =_xlfn.XLOOKUP($D18,'consolidated tracker'!$D:$D,'consolidated tracker'!T:T) -> 0 | V18: =_xlfn.XLOOKUP($D18,'consolidated tracker'!$D:$D,'consolidated tracker'!U:U) -> 0 | W18: =_xlfn.XLOOKUP($D18,'consolidated tracker'!$D:$D,'consolidated tracker'!V:V) -> 0 | X18: =_xlfn.XLOOKUP($D18,'consolidated tracker'!$D:$D,'consolidated tracker'!W:W) -> 0
C19: 6 | D19: Sobha Reserve Villas | E19: =_xlfn.XLOOKUP(D19,'consolidated tracker'!D:D,'consolidated tracker'!E:E) -> RERA | F19: 46203 | G19: =_xlfn.XLOOKUP(D19,'consolidated tracker'!D:D,'consolidated tracker'!F:F) -> 345 | H19: =_xlfn.XLOOKUP(D19,'consolidated tracker'!D:D,'consolidated tracker'!G:G) -> 3.1842319e+09 | I19: =_xlfn.XLOOKUP(D19,'consolidated tracker'!D:D,'consolidated tracker'!H:H) -> 2.1189632e+09 | J19: =_xlfn.XLOOKUP(D19,'consolidated tracker'!D:D,'consolidated tracker'!I:I) -> 2.004563e+09 | K19: =_xlfn.XLOOKUP(D19,'consolidated tracker'!D:D,'consolidated tracker'!J:J) -> 1.12388e+08 | L19: =_xlfn.XLOOKUP(D19,'consolidated tracker'!D:D,'consolidated tracker'!K:K) -> 0.94601126 | M19: =_xlfn.XLOOKUP('consolidated - Offplan'!D19,'consolidated tracker'!D:D,'consolidated tracker'!L:L) -> 1.1440014e+08 | N19: =_xlfn.XLOOKUP($D19,'consolidated tracker'!$D:$D,'consolidated tracker'!M:M) -> 9.528807e+08 | O19: =_xlfn.XLOOKUP($D19,'consolidated tracker'!$D:$D,'consolidated tracker'!N:N) -> 5.2005271e+08 | P19: =_xlfn.XLOOKUP($D19,'consolidated tracker'!$D:$D,'consolidated tracker'!O:O) -> 4.2889717e+08 | Q19: =_xlfn.XLOOKUP($D19,'consolidated tracker'!$D:$D,'consolidated tracker'!P:P) -> 750000 | R19: =_xlfn.XLOOKUP($D19,'consolidated tracker'!$D:$D,'consolidated tracker'!Q:Q) -> 750000 | S19: =_xlfn.XLOOKUP($D19,'consolidated tracker'!$D:$D,'consolidated tracker'!R:R) -> 1000000 | T19: =_xlfn.XLOOKUP($D19,'consolidated tracker'!$D:$D,'consolidated tracker'!S:S) -> 1430823 | U19: =_xlfn.XLOOKUP($D19,'consolidated tracker'!$D:$D,'consolidated tracker'!T:T) -> 0 | V19: =_xlfn.XLOOKUP($D19,'consolidated tracker'!$D:$D,'consolidated tracker'!U:U) -> 0 | W19: =_xlfn.XLOOKUP($D19,'consolidated tracker'!$D:$D,'consolidated tracker'!V:V) -> 0 | X19: =_xlfn.XLOOKUP($D19,'consolidated tracker'!$D:$D,'consolidated tracker'!W:W) -> 0
C20: 7 | D20: Sobha One | E20: =_xlfn.XLOOKUP(D20,'consolidated tracker'!D:D,'consolidated tracker'!E:E) -> RERA | F20: - | G20: =_xlfn.XLOOKUP(D20,'consolidated tracker'!D:D,'consolidated tracker'!F:F) -> 2957 | H20: =_xlfn.XLOOKUP(D20,'consolidated tracker'!D:D,'consolidated tracker'!G:G) -> 6.9877767e+09 | I20: =_xlfn.XLOOKUP(D20,'consolidated tracker'!D:D,'consolidated tracker'!H:H) -> 3.7360142e+09 | J20: =_xlfn.XLOOKUP(D20,'consolidated tracker'!D:D,'consolidated tracker'!I:I) -> 3.5900023e+09 | K20: =_xlfn.XLOOKUP(D20,'consolidated tracker'!D:D,'consolidated tracker'!J:J) -> 3.1317277e+08 | L20: =_xlfn.XLOOKUP(D20,'consolidated tracker'!D:D,'consolidated tracker'!K:K) -> 0.96091772 | M20: =_xlfn.XLOOKUP('consolidated - Offplan'!D20,'consolidated tracker'!D:D,'consolidated tracker'!L:L) -> 1.4601195e+08 | N20: =_xlfn.XLOOKUP($D20,'consolidated tracker'!$D:$D,'consolidated tracker'!M:M) -> 2.9385897e+09 | O20: =_xlfn.XLOOKUP($D20,'consolidated tracker'!$D:$D,'consolidated tracker'!N:N) -> 2.9364198e+09 | P20: =_xlfn.XLOOKUP($D20,'consolidated tracker'!$D:$D,'consolidated tracker'!O:O) -> 2169916.8 | Q20: =_xlfn.XLOOKUP($D20,'consolidated tracker'!$D:$D,'consolidated tracker'!P:P) -> 0 | R20: =_xlfn.XLOOKUP($D20,'consolidated tracker'!$D:$D,'consolidated tracker'!Q:Q) -> 0 | S20: =_xlfn.XLOOKUP($D20,'consolidated tracker'!$D:$D,'consolidated tracker'!R:R) -> 0 | T20: =_xlfn.XLOOKUP($D20,'consolidated tracker'!$D:$D,'consolidated tracker'!S:S) -> 0 | U20: =_xlfn.XLOOKUP($D20,'consolidated tracker'!$D:$D,'consolidated tracker'!T:T) -> 0 | V20: =_xlfn.XLOOKUP($D20,'consolidated tracker'!$D:$D,'consolidated tracker'!U:U) -> 0 | W20: =_xlfn.XLOOKUP($D20,'consolidated tracker'!$D:$D,'consolidated tracker'!V:V) -> 0 | X20: =_xlfn.XLOOKUP($D20,'consolidated tracker'!$D:$D,'consolidated tracker'!W:W) -> 0
D21: Sobha One Tower A | E21: =_xlfn.XLOOKUP(D21,'consolidated tracker'!D:D,'consolidated tracker'!E:E) -> RERA | F21: 46387 | G21: =_xlfn.XLOOKUP(D21,'consolidated tracker'!D:D,'consolidated tracker'!F:F) -> 596 | H21: =_xlfn.XLOOKUP(D21,'consolidated tracker'!D:D,'consolidated tracker'!G:G) -> 1.437789e+09 | I21: =_xlfn.XLOOKUP(D21,'consolidated tracker'!D:D,'consolidated tracker'!H:H) -> 7.9624029e+08 | J21: =_xlfn.XLOOKUP(D21,'consolidated tracker'!D:D,'consolidated tracker'!I:I) -> 7.6298001e+08 | K21: =_xlfn.XLOOKUP(D21,'consolidated tracker'!D:D,'consolidated tracker'!J:J) -> 58937694 | L21: =_xlfn.XLOOKUP(D21,'consolidated tracker'!D:D,'consolidated tracker'!K:K) -> 0.95822833 | M21: =_xlfn.XLOOKUP('consolidated - Offplan'!D21,'consolidated tracker'!D:D,'consolidated tracker'!L:L) -> 33260288 | N21: =_xlfn.XLOOKUP($D21,'consolidated tracker'!$D:$D,'consolidated tracker'!M:M) -> 5.8261102e+08 | O21: =_xlfn.XLOOKUP($D21,'consolidated tracker'!$D:$D,'consolidated tracker'!N:N) -> 5.8261102e+08 | P21: =_xlfn.XLOOKUP($D21,'consolidated tracker'!$D:$D,'consolidated tracker'!O:O) -> 0 | Q21: =_xlfn.XLOOKUP($D21,'consolidated tracker'!$D:$D,'consolidated tracker'!P:P) -> 0 | R21: =_xlfn.XLOOKUP($D21,'consolidated tracker'!$D:$D,'consolidated tracker'!Q:Q) -> 0 | S21: =_xlfn.XLOOKUP($D21,'consolidated tracker'!$D:$D,'consolidated tracker'!R:R) -> 0 | T21: =_xlfn.XLOOKUP($D21,'consolidated tracker'!$D:$D,'consolidated tracker'!S:S) -> 0 | U21: =_xlfn.XLOOKUP($D21,'consolidated tracker'!$D:$D,'consolidated tracker'!T:T) -> 0 | V21: =_xlfn.XLOOKUP($D21,'consolidated tracker'!$D:$D,'consolidated tracker'!U:U) -> 0 | W21: =_xlfn.XLOOKUP($D21,'consolidated tracker'!$D:$D,'consolidated tracker'!V:V) -> 0 | X21: =_xlfn.XLOOKUP($D21,'consolidated tracker'!$D:$D,'consolidated tracker'!W:W) -> 0
D22: Sobha One Tower B | E22: =_xlfn.XLOOKUP(D22,'consolidated tracker'!D:D,'consolidated tracker'!E:E) -> RERA | F22: 46387 | G22: =_xlfn.XLOOKUP(D22,'consolidated tracker'!D:D,'consolidated tracker'!F:F) -> 860 | H22: =_xlfn.XLOOKUP(D22,'consolidated tracker'!D:D,'consolidated tracker'!G:G) -> 1.6496439e+09 | I22: =_xlfn.XLOOKUP(D22,'consolidated tracker'!D:D,'consolidated tracker'!H:H) -> 8.9362671e+08 | J22: =_xlfn.XLOOKUP(D22,'consolidated tracker'!D:D,'consolidated tracker'!I:I) -> 8.7130182e+08 | K22: =_xlfn.XLOOKUP(D22,'consolidated tracker'!D:D,'consolidated tracker'!J:J) -> 71956849 | L22: =_xlfn.XLOOKUP(D22,'consolidated tracker'!D:D,'consolidated tracker'!K:K) -> 0.97501765 | M22: =_xlfn.XLOOKUP('consolidated - Offplan'!D22,'consolidated tracker'!D:D,'consolidated tracker'!L:L) -> 22324893 | N22: =_xlfn.XLOOKUP($D22,'consolidated tracker'!$D:$D,'consolidated tracker'!M:M) -> 6.8406031e+08 | O22: =_xlfn.XLOOKUP($D22,'consolidated tracker'!$D:$D,'consolidated tracker'!N:N) -> 6.8406031e+08 | P22: =_xlfn.XLOOKUP($D22,'consolidated tracker'!$D:$D,'consolidated tracker'!O:O) -> 0 | Q22: =_xlfn.XLOOKUP($D22,'consolidated tracker'!$D:$D,'consolidated tracker'!P:P) -> 0 | R22: =_xlfn.XLOOKUP($D22,'consolidated tracker'!$D:$D,'consolidated tracker'!Q:Q) -> 0 | S22: =_xlfn.XLOOKUP($D22,'consolidated tracker'!$D:$D,'consolidated tracker'!R:R) -> 0 | T22: =_xlfn.XLOOKUP($D22,'consolidated tracker'!$D:$D,'consolidated tracker'!S:S) -> 0 | U22: =_xlfn.XLOOKUP($D22,'consolidated tracker'!$D:$D,'consolidated tracker'!T:T) -> 0 | V22: =_xlfn.XLOOKUP($D22,'consolidated tracker'!$D:$D,'consolidated tracker'!U:U) -> 0 | W22: =_xlfn.XLOOKUP($D22,'consolidated tracker'!$D:$D,'consolidated tracker'!V:V) -> 0 | X22: =_xlfn.XLOOKUP($D22,'consolidated tracker'!$D:$D,'consolidated tracker'!W:W) -> 0
D23: Sobha One Tower C | E23: =_xlfn.XLOOKUP(D23,'consolidated tracker'!D:D,'consolidated tracker'!E:E) -> RERA | F23: 46387 | G23: =_xlfn.XLOOKUP(D23,'consolidated tracker'!D:D,'consolidated tracker'!F:F) -> 390 | H23: =_xlfn.XLOOKUP(D23,'consolidated tracker'!D:D,'consolidated tracker'!G:G) -> 1.0204753e+09 | I23: =_xlfn.XLOOKUP(D23,'consolidated tracker'!D:D,'consolidated tracker'!H:H) -> 5.4504497e+08 | J23: =_xlfn.XLOOKUP(D23,'consolidated tracker'!D:D,'consolidated tracker'!I:I) -> 5.1869173e+08 | K23: =_xlfn.XLOOKUP(D23,'consolidated tracker'!D:D,'consolidated tracker'!J:J) -> 47445506 | L23: =_xlfn.XLOOKUP(D23,'consolidated tracker'!D:D,'consolidated tracker'!K:K) -> 0.95164942 | M23: =_xlfn.XLOOKUP('consolidated - Offplan'!D23,'consolidated tracker'!D:D,'consolidated tracker'!L:L) -> 26353241 | N23: =_xlfn.XLOOKUP($D23,'consolidated tracker'!$D:$D,'consolidated tracker'!M:M) -> 4.279848e+08 | O23: =_xlfn.XLOOKUP($D23,'consolidated tracker'!$D:$D,'consolidated tracker'!N:N) -> 4.262339e+08 | P23: =_xlfn.XLOOKUP($D23,'consolidated tracker'!$D:$D,'consolidated tracker'!O:O) -> 1750901.8 | Q23: =_xlfn.XLOOKUP($D23,'consolidated tracker'!$D:$D,'consolidated tracker'!P:P) -> 0 | R23: =_xlfn.XLOOKUP($D23,'consolidated tracker'!$D:$D,'consolidated tracker'!Q:Q) -> 0 | S23: =_xlfn.XLOOKUP($D23,'consolidated tracker'!$D:$D,'consolidated tracker'!R:R) -> 0 | T23: =_xlfn.XLOOKUP($D23,'consolidated tracker'!$D:$D,'consolidated tracker'!S:S) -> 0 | U23: =_xlfn.XLOOKUP($D23,'consolidated tracker'!$D:$D,'consolidated tracker'!T:T) -> 0 | V23: =_xlfn.XLOOKUP($D23,'consolidated tracker'!$D:$D,'consolidated tracker'!U:U) -> 0 | W23: =_xlfn.XLOOKUP($D23,'consolidated tracker'!$D:$D,'consolidated tracker'!V:V) -> 0 | X23: =_xlfn.XLOOKUP($D23,'consolidated tracker'!$D:$D,'consolidated tracker'!W:W) -> 0
D24: Sobha One Tower D | E24: =_xlfn.XLOOKUP(D24,'consolidated tracker'!D:D,'consolidated tracker'!E:E) -> RERA | F24: 46387 | G24: =_xlfn.XLOOKUP(D24,'consolidated tracker'!D:D,'consolidated tracker'!F:F) -> 519 | H24: =_xlfn.XLOOKUP(D24,'consolidated tracker'!D:D,'consolidated tracker'!G:G) -> 1.0662871e+09 | I24: =_xlfn.XLOOKUP(D24,'consolidated tracker'!D:D,'consolidated tracker'!H:H) -> 5.8050427e+08 | J24: =_xlfn.XLOOKUP(D24,'consolidated tracker'!D:D,'consolidated tracker'!I:I) -> 5.6311206e+08 | K24: =_xlfn.XLOOKUP(D24,'consolidated tracker'!D:D,'consolidated tracker'!J:J) -> 40491993 | L24: =_xlfn.XLOOKUP(D24,'consolidated tracker'!D:D,'consolidated tracker'!K:K) -> 0.97003948 | M24: =_xlfn.XLOOKUP('consolidated - Offplan'!D24,'consolidated tracker'!D:D,'consolidated tracker'!L:L) -> 17392210 | N24: =_xlfn.XLOOKUP($D24,'consolidated tracker'!$D:$D,'consolidated tracker'!M:M) -> 4.4529083e+08 | O24: =_xlfn.XLOOKUP($D24,'consolidated tracker'!$D:$D,'consolidated tracker'!N:N) -> 4.4529083e+08 | P24: =_xlfn.XLOOKUP($D24,'consolidated tracker'!$D:$D,'consolidated tracker'!O:O) -> 0 | Q24: =_xlfn.XLOOKUP($D24,'consolidated tracker'!$D:$D,'consolidated tracker'!P:P) -> 0 | R24: =_xlfn.XLOOKUP($D24,'consolidated tracker'!$D:$D,'consolidated tracker'!Q:Q) -> 0 | S24: =_xlfn.XLOOKUP($D24,'consolidated tracker'!$D:$D,'consolidated tracker'!R:R) -> 0 | T24: =_xlfn.XLOOKUP($D24,'consolidated tracker'!$D:$D,'consolidated tracker'!S:S) -> 0 | U24: =_xlfn.XLOOKUP($D24,'consolidated tracker'!$D:$D,'consolidated tracker'!T:T) -> 0 | V24: =_xlfn.XLOOKUP($D24,'consolidated tracker'!$D:$D,'consolidated tracker'!U:U) -> 0 | W24: =_xlfn.XLOOKUP($D24,'consolidated tracker'!$D:$D,'consolidated tracker'!V:V) -> 0 | X24: =_xlfn.XLOOKUP($D24,'consolidated tracker'!$D:$D,'consolidated tracker'!W:W) -> 0
D25: Sobha One Tower E | E25: =_xlfn.XLOOKUP(D25,'consolidated tracker'!D:D,'consolidated tracker'!E:E) -> RERA | F25: 46387 | G25: =_xlfn.XLOOKUP(D25,'consolidated tracker'!D:D,'consolidated tracker'!F:F) -> 466 | H25: =_xlfn.XLOOKUP(D25,'consolidated tracker'!D:D,'consolidated tracker'!G:G) -> 1.1651558e+09 | I25: =_xlfn.XLOOKUP(D25,'consolidated tracker'!D:D,'consolidated tracker'!H:H) -> 6.2495174e+08 | J25: =_xlfn.XLOOKUP(D25,'consolidated tracker'!D:D,'consolidated tracker'!I:I) -> 5.9597659e+08 | K25: =_xlfn.XLOOKUP(D25,'consolidated tracker'!D:D,'consolidated tracker'!J:J) -> 58976268 | L25: =_xlfn.XLOOKUP(D25,'consolidated tracker'!D:D,'consolidated tracker'!K:K) -> 0.95363619 | M25: =_xlfn.XLOOKUP('consolidated - Offplan'!D25,'consolidated tracker'!D:D,'consolidated tracker'!L:L) -> 28975145 | N25: =_xlfn.XLOOKUP($D25,'consolidated tracker'!$D:$D,'consolidated tracker'!M:M) -> 4.8122777e+08 | O25: =_xlfn.XLOOKUP($D25,'consolidated tracker'!$D:$D,'consolidated tracker'!N:N) -> 4.8080875e+08 | P25: =_xlfn.XLOOKUP($D25,'consolidated tracker'!$D:$D,'consolidated tracker'!O:O) -> 419015 | Q25: =_xlfn.XLOOKUP($D25,'consolidated tracker'!$D:$D,'consolidated tracker'!P:P) -> 0 | R25: =_xlfn.XLOOKUP($D25,'consolidated tracker'!$D:$D,'consolidated tracker'!Q:Q) -> 0 | S25: =_xlfn.XLOOKUP($D25,'consolidated tracker'!$D:$D,'consolidated tracker'!R:R) -> 0 | T25: =_xlfn.XLOOKUP($D25,'consolidated tracker'!$D:$D,'consolidated tracker'!S:S) -> 0 | U25: =_xlfn.XLOOKUP($D25,'consolidated tracker'!$D:$D,'consolidated tracker'!T:T) -> 0 | V25: =_xlfn.XLOOKUP($D25,'consolidated tracker'!$D:$D,'consolidated tracker'!U:U) -> 0 | W25: =_xlfn.XLOOKUP($D25,'consolidated tracker'!$D:$D,'consolidated tracker'!V:V) -> 0 | X25: =_xlfn.XLOOKUP($D25,'consolidated tracker'!$D:$D,'consolidated tracker'!W:W) -> 0
D26: Sobha One - Podium | E26: =_xlfn.XLOOKUP(D26,'consolidated tracker'!D:D,'consolidated tracker'!E:E) -> RERA | F26: 46387 | G26: =_xlfn.XLOOKUP(D26,'consolidated tracker'!D:D,'consolidated tracker'!F:F) -> 114 | H26: =_xlfn.XLOOKUP(D26,'consolidated tracker'!D:D,'consolidated tracker'!G:G) -> 5.6222672e+08 | I26: =_xlfn.XLOOKUP(D26,'consolidated tracker'!D:D,'consolidated tracker'!H:H) -> 2.433375e+08 | J26: =_xlfn.XLOOKUP(D26,'consolidated tracker'!D:D,'consolidated tracker'!I:I) -> 2.3201344e+08 | K26: =_xlfn.XLOOKUP(D26,'consolidated tracker'!D:D,'consolidated tracker'!J:J) -> 34702401 | L26: =_xlfn.XLOOKUP(D26,'consolidated tracker'!D:D,'consolidated tracker'!K:K) -> 0.95346354 | M26: =_xlfn.XLOOKUP('consolidated - Offplan'!D26,'consolidated tracker'!D:D,'consolidated tracker'!L:L) -> 11324066 | N26: =_xlfn.XLOOKUP($D26,'consolidated tracker'!$D:$D,'consolidated tracker'!M:M) -> 2.8418681e+08 | O26: =_xlfn.XLOOKUP($D26,'consolidated tracker'!$D:$D,'consolidated tracker'!N:N) -> 2.8418681e+08 | P26: =_xlfn.XLOOKUP($D26,'consolidated tracker'!$D:$D,'consolidated tracker'!O:O) -> 0 | Q26: =_xlfn.XLOOKUP($D26,'consolidated tracker'!$D:$D,'consolidated tracker'!P:P) -> 0 | R26: =_xlfn.XLOOKUP($D26,'consolidated tracker'!$D:$D,'consolidated tracker'!Q:Q) -> 0 | S26: =_xlfn.XLOOKUP($D26,'consolidated tracker'!$D:$D,'consolidated tracker'!R:R) -> 0 | T26: =_xlfn.XLOOKUP($D26,'consolidated tracker'!$D:$D,'consolidated tracker'!S:S) -> 0 | U26: =_xlfn.XLOOKUP($D26,'consolidated tracker'!$D:$D,'consolidated tracker'!T:T) -> 0 | V26: =_xlfn.XLOOKUP($D26,'consolidated tracker'!$D:$D,'consolidated tracker'!U:U) -> 0 | W26: =_xlfn.XLOOKUP($D26,'consolidated tracker'!$D:$D,'consolidated tracker'!V:V) -> 0 | X26: =_xlfn.XLOOKUP($D26,'consolidated tracker'!$D:$D,'consolidated tracker'!W:W) -> 0
D27: Sobha One Retail Tower | E27: =_xlfn.XLOOKUP(D27,'consolidated tracker'!D:D,'consolidated tracker'!E:E) -> RERA | F27: 46387 | G27: =_xlfn.XLOOKUP(D27,'consolidated tracker'!D:D,'consolidated tracker'!F:F) -> 12 | H27: =_xlfn.XLOOKUP(D27,'consolidated tracker'!D:D,'consolidated tracker'!G:G) -> 86198928 | I27: =_xlfn.XLOOKUP(D27,'consolidated tracker'!D:D,'consolidated tracker'!H:H) -> 52308726 | J27: =_xlfn.XLOOKUP(D27,'consolidated tracker'!D:D,'consolidated tracker'!I:I) -> 45926622 | K27: =_xlfn.XLOOKUP(D27,'consolidated tracker'!D:D,'consolidated tracker'!J:J) -> 662058.02 | L27: =_xlfn.XLOOKUP(D27,'consolidated tracker'!D:D,'consolidated tracker'!K:K) -> 0.8779916 | M27: =_xlfn.XLOOKUP('consolidated - Offplan'!D27,'consolidated tracker'!D:D,'consolidated tracker'!L:L) -> 6382104 | N27: =_xlfn.XLOOKUP($D27,'consolidated tracker'!$D:$D,'consolidated tracker'!M:M) -> 33228144 | O27: =_xlfn.XLOOKUP($D27,'consolidated tracker'!$D:$D,'consolidated tracker'!N:N) -> 33228144 | P27: =_xlfn.XLOOKUP($D27,'consolidated tracker'!$D:$D,'consolidated tracker'!O:O) -> 0 | Q27: =_xlfn.XLOOKUP($D27,'consolidated tracker'!$D:$D,'consolidated tracker'!P:P) -> 0 | R27: =_xlfn.XLOOKUP($D27,'consolidated tracker'!$D:$D,'consolidated tracker'!Q:Q) -> 0 | S27: =_xlfn.XLOOKUP($D27,'consolidated tracker'!$D:$D,'consolidated tracker'!R:R) -> 0 | T27: =_xlfn.XLOOKUP($D27,'consolidated tracker'!$D:$D,'consolidated tracker'!S:S) -> 0 | U27: =_xlfn.XLOOKUP($D27,'consolidated tracker'!$D:$D,'consolidated tracker'!T:T) -> 0 | V27: =_xlfn.XLOOKUP($D27,'consolidated tracker'!$D:$D,'consolidated tracker'!U:U) -> 0 | W27: =_xlfn.XLOOKUP($D27,'consolidated tracker'!$D:$D,'consolidated tracker'!V:V) -> 0 | X27: =_xlfn.XLOOKUP($D27,'consolidated tracker'!$D:$D,'consolidated tracker'!W:W) -> 0
C28: 8 | D28: Riverside Crescent | E28: =_xlfn.XLOOKUP(D28,'consolidated tracker'!D:D,'consolidated tracker'!E:E) -> RERA | F28: - | G28: =_xlfn.XLOOKUP(D28,'consolidated tracker'!D:D,'consolidated tracker'!F:F) -> 4608 | H28: =_xlfn.XLOOKUP(D28,'consolidated tracker'!D:D,'consolidated tracker'!G:G) -> 9.3908453e+09 | I28: =_xlfn.XLOOKUP(D28,'consolidated tracker'!D:D,'consolidated tracker'!H:H) -> 4.9053762e+09 | J28: =_xlfn.XLOOKUP(D28,'consolidated tracker'!D:D,'consolidated tracker'!I:I) -> 4.6590498e+09 | K28: =_xlfn.XLOOKUP(D28,'consolidated tracker'!D:D,'consolidated tracker'!J:J) -> 2.8767789e+08 | L28: =_xlfn.XLOOKUP(D28,'consolidated tracker'!D:D,'consolidated tracker'!K:K) -> 0.94978439 | M28: =_xlfn.XLOOKUP('consolidated - Offplan'!D28,'consolidated tracker'!D:D,'consolidated tracker'!L:L) -> 2.4632648e+08 | N28: =_xlfn.XLOOKUP($D28,'consolidated tracker'!$D:$D,'consolidated tracker'!M:M) -> 4.1977912e+09 | O28: =_xlfn.XLOOKUP($D28,'consolidated tracker'!$D:$D,'consolidated tracker'!N:N) -> 8.588392e+08 | P28: =_xlfn.XLOOKUP($D28,'consolidated tracker'!$D:$D,'consolidated tracker'!O:O) -> 3.338952e+09 | Q28: =_xlfn.XLOOKUP($D28,'consolidated tracker'!$D:$D,'consolidated tracker'!P:P) -> 0 | R28: =_xlfn.XLOOKUP($D28,'consolidated tracker'!$D:$D,'consolidated tracker'!Q:Q) -> 0 | S28: =_xlfn.XLOOKUP($D28,'consolidated tracker'!$D:$D,'consolidated tracker'!R:R) -> 0 | T28: =_xlfn.XLOOKUP($D28,'consolidated tracker'!$D:$D,'consolidated tracker'!S:S) -> 0 | U28: =_xlfn.XLOOKUP($D28,'consolidated tracker'!$D:$D,'consolidated tracker'!T:T) -> 0 | V28: =_xlfn.XLOOKUP($D28,'consolidated tracker'!$D:$D,'consolidated tracker'!U:U) -> 0 | W28: =_xlfn.XLOOKUP($D28,'consolidated tracker'!$D:$D,'consolidated tracker'!V:V) -> 0 | X28: =_xlfn.XLOOKUP($D28,'consolidated tracker'!$D:$D,'consolidated tracker'!W:W) -> 0
D29: 320 Riverside Crescent | E29: =_xlfn.XLOOKUP(D29,'consolidated tracker'!D:D,'consolidated tracker'!E:E) -> RERA | F29: 46599 | G29: 621 | H29: 1.5403544e+09 | I29: 8.2421791e+08 | J29: 7.8469754e+08 | K29: 46412770 | L29: =_xlfn.XLOOKUP(D29,'consolidated tracker'!D:D,'consolidated tracker'!K:K) -> 0.95205108 | M29: 39520362 | N29: =_xlfn.XLOOKUP($D29,'consolidated tracker'!$D:$D,'consolidated tracker'!M:M) -> 6.6972373e+08 | O29: =_xlfn.XLOOKUP($D29,'consolidated tracker'!$D:$D,'consolidated tracker'!N:N) -> 1.478185e+08 | P29: =_xlfn.XLOOKUP($D29,'consolidated tracker'!$D:$D,'consolidated tracker'!O:O) -> 5.2190523e+08 | Q29: =_xlfn.XLOOKUP($D29,'consolidated tracker'!$D:$D,'consolidated tracker'!P:P) -> 0 | R29: =_xlfn.XLOOKUP($D29,'consolidated tracker'!$D:$D,'consolidated tracker'!Q:Q) -> 0 | S29: =_xlfn.XLOOKUP($D29,'consolidated tracker'!$D:$D,'consolidated tracker'!R:R) -> 0 | T29: =_xlfn.XLOOKUP($D29,'consolidated tracker'!$D:$D,'consolidated tracker'!S:S) -> 0 | U29: =_xlfn.XLOOKUP($D29,'consolidated tracker'!$D:$D,'consolidated tracker'!T:T) -> 0 | V29: =_xlfn.XLOOKUP($D29,'consolidated tracker'!$D:$D,'consolidated tracker'!U:U) -> 0 | W29: =_xlfn.XLOOKUP($D29,'consolidated tracker'!$D:$D,'consolidated tracker'!V:V) -> 0 | X29: =_xlfn.XLOOKUP($D29,'consolidated tracker'!$D:$D,'consolidated tracker'!W:W) -> 0
D30: 330 Riverside Crescent | E30: =_xlfn.XLOOKUP(D30,'consolidated tracker'!D:D,'consolidated tracker'!E:E) -> RERA | F30: 46568 | G30: 755 | H30: 1.3670894e+09 | I30: 8.485883e+08 | J30: 8.0800136e+08 | K30: 33761593 | L30: =_xlfn.XLOOKUP(D30,'consolidated tracker'!D:D,'consolidated tracker'!K:K) -> 0.95217122 | M30: 40586942 | N30: =_xlfn.XLOOKUP($D30,'consolidated tracker'!$D:$D,'consolidated tracker'!M:M) -> 4.8473954e+08 | O30: =_xlfn.XLOOKUP($D30,'consolidated tracker'!$D:$D,'consolidated tracker'!N:N) -> 1.2756849e+08 | P30: =_xlfn.XLOOKUP($D30,'consolidated tracker'!$D:$D,'consolidated tracker'!O:O) -> 3.5717105e+08 | Q30: =_xlfn.XLOOKUP($D30,'consolidated tracker'!$D:$D,'consolidated tracker'!P:P) -> 0 | R30: =_xlfn.XLOOKUP($D30,'consolidated tracker'!$D:$D,'consolidated tracker'!Q:Q) -> 0 | S30: =_xlfn.XLOOKUP($D30,'consolidated tracker'!$D:$D,'consolidated tracker'!R:R) -> 0 | T30: =_xlfn.XLOOKUP($D30,'consolidated tracker'!$D:$D,'consolidated tracker'!S:S) -> 0 | U30: =_xlfn.XLOOKUP($D30,'consolidated tracker'!$D:$D,'consolidated tracker'!T:T) -> 0 | V30: =_xlfn.XLOOKUP($D30,'consolidated tracker'!$D:$D,'consolidated tracker'!U:U) -> 0 | W30: =_xlfn.XLOOKUP($D30,'consolidated tracker'!$D:$D,'consolidated tracker'!V:V) -> 0 | X30: =_xlfn.XLOOKUP($D30,'consolidated tracker'!$D:$D,'consolidated tracker'!W:W) -> 0
D31: 340 Riverside Crescent | E31: =_xlfn.XLOOKUP(D31,'consolidated tracker'!D:D,'consolidated tracker'!E:E) -> RERA | F31: 46752 | G31: 759 | H31: 1.4081359e+09 | I31: 7.4366005e+08 | J31: 7.1282449e+08 | K31: 32793623 | L31: =_xlfn.XLOOKUP(D31,'consolidated tracker'!D:D,'consolidated tracker'!K:K) -> 0.95853541 | M31: 30835555 | N31: =_xlfn.XLOOKUP($D31,'consolidated tracker'!$D:$D,'consolidated tracker'!M:M) -> 6.3168218e+08 | O31: =_xlfn.XLOOKUP($D31,'consolidated tracker'!$D:$D,'consolidated tracker'!N:N) -> 1.697332e+08 | P31: =_xlfn.XLOOKUP($D31,'consolidated tracker'!$D:$D,'consolidated tracker'!O:O) -> 4.6194898e+08 | Q31: =_xlfn.XLOOKUP($D31,'consolidated tracker'!$D:$D,'consolidated tracker'!P:P) -> 0 | R31: =_xlfn.XLOOKUP($D31,'consolidated tracker'!$D:$D,'consolidated tracker'!Q:Q) -> 0 | S31: =_xlfn.XLOOKUP($D31,'consolidated tracker'!$D:$D,'consolidated tracker'!R:R) -> 0 | T31: =_xlfn.XLOOKUP($D31,'consolidated tracker'!$D:$D,'consolidated tracker'!S:S) -> 0 | U31: =_xlfn.XLOOKUP($D31,'consolidated tracker'!$D:$D,'consolidated tracker'!T:T) -> 0 | V31: =_xlfn.XLOOKUP($D31,'consolidated tracker'!$D:$D,'consolidated tracker'!U:U) -> 0 | W31: =_xlfn.XLOOKUP($D31,'consolidated tracker'!$D:$D,'consolidated tracker'!V:V) -> 0 | X31: =_xlfn.XLOOKUP($D31,'consolidated tracker'!$D:$D,'consolidated tracker'!W:W) -> 0
D32: 360 Riverside Crescent | E32: =_xlfn.XLOOKUP(D32,'consolidated tracker'!D:D,'consolidated tracker'!E:E) -> RERA | F32: 46752 | G32: 874 | H32: 1.7928315e+09 | I32: 8.8695199e+08 | J32: 8.3035939e+08 | K32: 65494441 | L32: =_xlfn.XLOOKUP(D32,'consolidated tracker'!D:D,'consolidated tracker'!K:K) -> 0.93619429 | M32: 56592606 | N32: =_xlfn.XLOOKUP($D32,'consolidated tracker'!$D:$D,'consolidated tracker'!M:M) -> 8.4038511e+08 | O32: =_xlfn.XLOOKUP($D32,'consolidated tracker'!$D:$D,'consolidated tracker'!N:N) -> 1.504772e+08 | P32: =_xlfn.XLOOKUP($D32,'consolidated tracker'!$D:$D,'consolidated tracker'!O:O) -> 6.8990791e+08 | Q32: =_xlfn.XLOOKUP($D32,'consolidated tracker'!$D:$D,'consolidated tracker'!P:P) -> 0 | R32: =_xlfn.XLOOKUP($D32,'consolidated tracker'!$D:$D,'consolidated tracker'!Q:Q) -> 0 | S32: =_xlfn.XLOOKUP($D32,'consolidated tracker'!$D:$D,'consolidated tracker'!R:R) -> 0 | T32: =_xlfn.XLOOKUP($D32,'consolidated tracker'!$D:$D,'consolidated tracker'!S:S) -> 0 | U32: =_xlfn.XLOOKUP($D32,'consolidated tracker'!$D:$D,'consolidated tracker'!T:T) -> 0 | V32: =_xlfn.XLOOKUP($D32,'consolidated tracker'!$D:$D,'consolidated tracker'!U:U) -> 0 | W32: =_xlfn.XLOOKUP($D32,'consolidated tracker'!$D:$D,'consolidated tracker'!V:V) -> 0 | X32: =_xlfn.XLOOKUP($D32,'consolidated tracker'!$D:$D,'consolidated tracker'!W:W) -> 0
D33: 350 Riverside Crescent | E33: =_xlfn.XLOOKUP(D33,'consolidated tracker'!D:D,'consolidated tracker'!E:E) -> RERA | F33: 46752 | G33: 723 | H33: 1.4686064e+09 | I33: 7.5989519e+08 | J33: 7.3289692e+08 | K33: 57351811 | L33: =_xlfn.XLOOKUP(D33,'consolidated tracker'!D:D,'consolidated tracker'!K:K) -> 0.96447106 | M33: 26998270 | N33: =_xlfn.XLOOKUP($D33,'consolidated tracker'!$D:$D,'consolidated tracker'!M:M) -> 6.5135944e+08 | O33: =_xlfn.XLOOKUP($D33,'consolidated tracker'!$D:$D,'consolidated tracker'!N:N) -> 1.2912697e+08 | P33: =_xlfn.XLOOKUP($D33,'consolidated tracker'!$D:$D,'consolidated tracker'!O:O) -> 5.2223248e+08 | Q33: =_xlfn.XLOOKUP($D33,'consolidated tracker'!$D:$D,'consolidated tracker'!P:P) -> 0 | R33: =_xlfn.XLOOKUP($D33,'consolidated tracker'!$D:$D,'consolidated tracker'!Q:Q) -> 0 | S33: =_xlfn.XLOOKUP($D33,'consolidated tracker'!$D:$D,'consolidated tracker'!R:R) -> 0 | T33: =_xlfn.XLOOKUP($D33,'consolidated tracker'!$D:$D,'consolidated tracker'!S:S) -> 0 | U33: =_xlfn.XLOOKUP($D33,'consolidated tracker'!$D:$D,'consolidated tracker'!T:T) -> 0 | V33: =_xlfn.XLOOKUP($D33,'consolidated tracker'!$D:$D,'consolidated tracker'!U:U) -> 0 | W33: =_xlfn.XLOOKUP($D33,'consolidated tracker'!$D:$D,'consolidated tracker'!V:V) -> 0 | X33: =_xlfn.XLOOKUP($D33,'consolidated tracker'!$D:$D,'consolidated tracker'!W:W) -> 0
D34: 310 Riverside Crescent | E34: =_xlfn.XLOOKUP(D34,'consolidated tracker'!D:D,'consolidated tracker'!E:E) -> RERA | F34: 46752 | G34: 876 | H34: 1.8138277e+09 | I34: 8.4206281e+08 | J34: 7.9027006e+08 | K34: 51863651 | L34: =_xlfn.XLOOKUP(D34,'consolidated tracker'!D:D,'consolidated tracker'!K:K) -> 0.93849301 | M34: 51792747 | N34: =_xlfn.XLOOKUP($D34,'consolidated tracker'!$D:$D,'consolidated tracker'!M:M) -> 9.1990122e+08 | O34: =_xlfn.XLOOKUP($D34,'consolidated tracker'!$D:$D,'consolidated tracker'!N:N) -> 1.3411485e+08 | P34: =_xlfn.XLOOKUP($D34,'consolidated tracker'!$D:$D,'consolidated tracker'!O:O) -> 7.8578637e+08 | Q34: =_xlfn.XLOOKUP($D34,'consolidated tracker'!$D:$D,'consolidated tracker'!P:P) -> 0 | R34: =_xlfn.XLOOKUP($D34,'consolidated tracker'!$D:$D,'consolidated tracker'!Q:Q) -> 0 | S34: =_xlfn.XLOOKUP($D34,'consolidated tracker'!$D:$D,'consolidated tracker'!R:R) -> 0 | T34: =_xlfn.XLOOKUP($D34,'consolidated tracker'!$D:$D,'consolidated tracker'!S:S) -> 0 | U34: =_xlfn.XLOOKUP($D34,'consolidated tracker'!$D:$D,'consolidated tracker'!T:T) -> 0 | V34: =_xlfn.XLOOKUP($D34,'consolidated tracker'!$D:$D,'consolidated tracker'!U:U) -> 0 | W34: =_xlfn.XLOOKUP($D34,'consolidated tracker'!$D:$D,'consolidated tracker'!V:V) -> 0 | X34: =_xlfn.XLOOKUP($D34,'consolidated tracker'!$D:$D,'consolidated tracker'!W:W) -> 0
C35: 9 | D35: Sobha Orbis | E35: =_xlfn.XLOOKUP(D35,'consolidated tracker'!D:D,'consolidated tracker'!E:E) -> RERA | F35: - | G35: =_xlfn.XLOOKUP(D35,'consolidated tracker'!D:D,'consolidated tracker'!F:F) -> 2906 | H35: =_xlfn.XLOOKUP(D35,'consolidated tracker'!D:D,'consolidated tracker'!G:G) -> 3.7385183e+09 | I35: =_xlfn.XLOOKUP(D35,'consolidated tracker'!D:D,'consolidated tracker'!H:H) -> 1.5823241e+09 | J35: =_xlfn.XLOOKUP(D35,'consolidated tracker'!D:D,'consolidated tracker'!I:I) -> 1.5077011e+09 | K35: =_xlfn.XLOOKUP(D35,'consolidated tracker'!D:D,'consolidated tracker'!J:J) -> 82998339 | L35: =_xlfn.XLOOKUP(D35,'consolidated tracker'!D:D,'consolidated tracker'!K:K) -> 0.95283965 | M35: =_xlfn.XLOOKUP('consolidated - Offplan'!D35,'consolidated tracker'!D:D,'consolidated tracker'!L:L) -> 74622960 | N35: =_xlfn.XLOOKUP($D35,'consolidated tracker'!$D:$D,'consolidated tracker'!M:M) -> 2.0731958e+09 | O35: =_xlfn.XLOOKUP($D35,'consolidated tracker'!$D:$D,'consolidated tracker'!N:N) -> 3.6412252e+08 | P35: =_xlfn.XLOOKUP($D35,'consolidated tracker'!$D:$D,'consolidated tracker'!O:O) -> 1.7087163e+09 | Q35: =_xlfn.XLOOKUP($D35,'consolidated tracker'!$D:$D,'consolidated tracker'!P:P) -> 357051.93 | R35: =_xlfn.XLOOKUP($D35,'consolidated tracker'!$D:$D,'consolidated tracker'!Q:Q) -> 0 | S35: =_xlfn.XLOOKUP($D35,'consolidated tracker'!$D:$D,'consolidated tracker'!R:R) -> 0 | T35: =_xlfn.XLOOKUP($D35,'consolidated tracker'!$D:$D,'consolidated tracker'!S:S) -> 0 | U35: =_xlfn.XLOOKUP($D35,'consolidated tracker'!$D:$D,'consolidated tracker'!T:T) -> 0 | V35: =_xlfn.XLOOKUP($D35,'consolidated tracker'!$D:$D,'consolidated tracker'!U:U) -> 0 | W35: =_xlfn.XLOOKUP($D35,'consolidated tracker'!$D:$D,'consolidated tracker'!V:V) -> 0 | X35: =_xlfn.XLOOKUP($D35,'consolidated tracker'!$D:$D,'consolidated tracker'!W:W) -> 0
D36: Sobha Orbis Tower A | E36: =_xlfn.XLOOKUP(D36,'consolidated tracker'!D:D,'consolidated tracker'!E:E) -> RERA | F36: 46752 | G36: =_xlfn.XLOOKUP(D36,'consolidated tracker'!D:D,'consolidated tracker'!F:F) -> 621 | H36: =_xlfn.XLOOKUP(D36,'consolidated tracker'!D:D,'consolidated tracker'!G:G) -> 7.322427e+08 | I36: =_xlfn.XLOOKUP(D36,'consolidated tracker'!D:D,'consolidated tracker'!H:H) -> 3.7908856e+08 | J36: =_xlfn.XLOOKUP(D36,'consolidated tracker'!D:D,'consolidated tracker'!I:I) -> 3.5797279e+08 | K36: =_xlfn.XLOOKUP(D36,'consolidated tracker'!D:D,'consolidated tracker'!J:J) -> 12986704 | L36: =_xlfn.XLOOKUP(D36,'consolidated tracker'!D:D,'consolidated tracker'!K:K) -> 0.94429857 | M36: =_xlfn.XLOOKUP('consolidated - Offplan'!D36,'consolidated tracker'!D:D,'consolidated tracker'!L:L) -> 21115774 | N36: =_xlfn.XLOOKUP($D36,'consolidated tracker'!$D:$D,'consolidated tracker'!M:M) -> 3.4016744e+08 | O36: =_xlfn.XLOOKUP($D36,'consolidated tracker'!$D:$D,'consolidated tracker'!N:N) -> 68396093 | P36: =_xlfn.XLOOKUP($D36,'consolidated tracker'!$D:$D,'consolidated tracker'!O:O) -> 2.7177134e+08 | Q36: =_xlfn.XLOOKUP($D36,'consolidated tracker'!$D:$D,'consolidated tracker'!P:P) -> 0 | R36: =_xlfn.XLOOKUP($D36,'consolidated tracker'!$D:$D,'consolidated tracker'!Q:Q) -> 0 | S36: =_xlfn.XLOOKUP($D36,'consolidated tracker'!$D:$D,'consolidated tracker'!R:R) -> 0 | T36: =_xlfn.XLOOKUP($D36,'consolidated tracker'!$D:$D,'consolidated tracker'!S:S) -> 0 | U36: =_xlfn.XLOOKUP($D36,'consolidated tracker'!$D:$D,'consolidated tracker'!T:T) -> 0 | V36: =_xlfn.XLOOKUP($D36,'consolidated tracker'!$D:$D,'consolidated tracker'!U:U) -> 0 | W36: =_xlfn.XLOOKUP($D36,'consolidated tracker'!$D:$D,'consolidated tracker'!V:V) -> 0 | X36: =_xlfn.XLOOKUP($D36,'consolidated tracker'!$D:$D,'consolidated tracker'!W:W) -> 0
D37: Sobha Orbis Tower B | E37: =_xlfn.XLOOKUP(D37,'consolidated tracker'!D:D,'consolidated tracker'!E:E) -> RERA | F37: 46752 | G37: =_xlfn.XLOOKUP(D37,'consolidated tracker'!D:D,'consolidated tracker'!F:F) -> 632 | H37: =_xlfn.XLOOKUP(D37,'consolidated tracker'!D:D,'consolidated tracker'!G:G) -> 7.5097931e+08 | I37: =_xlfn.XLOOKUP(D37,'consolidated tracker'!D:D,'consolidated tracker'!H:H) -> 3.3018252e+08 | J37: =_xlfn.XLOOKUP(D37,'consolidated tracker'!D:D,'consolidated tracker'!I:I) -> 3.1382504e+08 | K37: =_xlfn.XLOOKUP(D37,'consolidated tracker'!D:D,'consolidated tracker'!J:J) -> 17075733 | L37: =_xlfn.XLOOKUP(D37,'consolidated tracker'!D:D,'consolidated tracker'!K:K) -> 0.95045928 | M37: =_xlfn.XLOOKUP('consolidated - Offplan'!D37,'consolidated tracker'!D:D,'consolidated tracker'!L:L) -> 16357478 | N37: =_xlfn.XLOOKUP($D37,'consolidated tracker'!$D:$D,'consolidated tracker'!M:M) -> 4.0372105e+08 | O37: =_xlfn.XLOOKUP($D37,'consolidated tracker'!$D:$D,'consolidated tracker'!N:N) -> 69930459 | P37: =_xlfn.XLOOKUP($D37,'consolidated tracker'!$D:$D,'consolidated tracker'!O:O) -> 3.3379059e+08 | Q37: =_xlfn.XLOOKUP($D37,'consolidated tracker'!$D:$D,'consolidated tracker'!P:P) -> 0 | R37: =_xlfn.XLOOKUP($D37,'consolidated tracker'!$D:$D,'consolidated tracker'!Q:Q) -> 0 | S37: =_xlfn.XLOOKUP($D37,'consolidated tracker'!$D:$D,'consolidated tracker'!R:R) -> 0 | T37: =_xlfn.XLOOKUP($D37,'consolidated tracker'!$D:$D,'consolidated tracker'!S:S) -> 0 | U37: =_xlfn.XLOOKUP($D37,'consolidated tracker'!$D:$D,'consolidated tracker'!T:T) -> 0 | V37: =_xlfn.XLOOKUP($D37,'consolidated tracker'!$D:$D,'consolidated tracker'!U:U) -> 0 | W37: =_xlfn.XLOOKUP($D37,'consolidated tracker'!$D:$D,'consolidated tracker'!V:V) -> 0 | X37: =_xlfn.XLOOKUP($D37,'consolidated tracker'!$D:$D,'consolidated tracker'!W:W) -> 0
D38: Sobha Orbis Tower C | E38: =_xlfn.XLOOKUP(D38,'consolidated tracker'!D:D,'consolidated tracker'!E:E) -> RERA | F38: 46752 | G38: =_xlfn.XLOOKUP(D38,'consolidated tracker'!D:D,'consolidated tracker'!F:F) -> 184 | H38: =_xlfn.XLOOKUP(D38,'consolidated tracker'!D:D,'consolidated tracker'!G:G) -> 2.6634283e+08 | I38: =_xlfn.XLOOKUP(D38,'consolidated tracker'!D:D,'consolidated tracker'!H:H) -> 83851843 | J38: =_xlfn.XLOOKUP(D38,'consolidated tracker'!D:D,'consolidated tracker'!I:I) -> 80472264 | K38: =_xlfn.XLOOKUP(D38,'consolidated tracker'!D:D,'consolidated tracker'!J:J) -> 7763700.1 | L38: =_xlfn.XLOOKUP(D38,'consolidated tracker'!D:D,'consolidated tracker'!K:K) -> 0.95969582 | M38: =_xlfn.XLOOKUP('consolidated - Offplan'!D38,'consolidated tracker'!D:D,'consolidated tracker'!L:L) -> 3379579.7 | N38: =_xlfn.XLOOKUP($D38,'consolidated tracker'!$D:$D,'consolidated tracker'!M:M) -> 1.7472729e+08 | O38: =_xlfn.XLOOKUP($D38,'consolidated tracker'!$D:$D,'consolidated tracker'!N:N) -> 28830394 | P38: =_xlfn.XLOOKUP($D38,'consolidated tracker'!$D:$D,'consolidated tracker'!O:O) -> 1.458969e+08 | Q38: =_xlfn.XLOOKUP($D38,'consolidated tracker'!$D:$D,'consolidated tracker'!P:P) -> 0 | R38: =_xlfn.XLOOKUP($D38,'consolidated tracker'!$D:$D,'consolidated tracker'!Q:Q) -> 0 | S38: =_xlfn.XLOOKUP($D38,'consolidated tracker'!$D:$D,'consolidated tracker'!R:R) -> 0 | T38: =_xlfn.XLOOKUP($D38,'consolidated tracker'!$D:$D,'consolidated tracker'!S:S) -> 0 | U38: =_xlfn.XLOOKUP($D38,'consolidated tracker'!$D:$D,'consolidated tracker'!T:T) -> 0 | V38: =_xlfn.XLOOKUP($D38,'consolidated tracker'!$D:$D,'consolidated tracker'!U:U) -> 0 | W38: =_xlfn.XLOOKUP($D38,'consolidated tracker'!$D:$D,'consolidated tracker'!V:V) -> 0 | X38: =_xlfn.XLOOKUP($D38,'consolidated tracker'!$D:$D,'consolidated tracker'!W:W) -> 0
D39: Sobha Orbis Tower D | E39: =_xlfn.XLOOKUP(D39,'consolidated tracker'!D:D,'consolidated tracker'!E:E) -> RERA | F39: 46752 | G39: =_xlfn.XLOOKUP(D39,'consolidated tracker'!D:D,'consolidated tracker'!F:F) -> 237 | H39: =_xlfn.XLOOKUP(D39,'consolidated tracker'!D:D,'consolidated tracker'!G:G) -> 3.3184872e+08 | I39: =_xlfn.XLOOKUP(D39,'consolidated tracker'!D:D,'consolidated tracker'!H:H) -> 1.0125398e+08 | J39: =_xlfn.XLOOKUP(D39,'consolidated tracker'!D:D,'consolidated tracker'!I:I) -> 98350674 | K39: =_xlfn.XLOOKUP(D39,'consolidated tracker'!D:D,'consolidated tracker'!J:J) -> 7843520 | L39: =_xlfn.XLOOKUP(D39,'consolidated tracker'!D:D,'consolidated tracker'!K:K) -> 0.97132648 | M39: =_xlfn.XLOOKUP('consolidated - Offplan'!D39,'consolidated tracker'!D:D,'consolidated tracker'!L:L) -> 2903307.8 | N39: =_xlfn.XLOOKUP($D39,'consolidated tracker'!$D:$D,'consolidated tracker'!M:M) -> 2.2275122e+08 | O39: =_xlfn.XLOOKUP($D39,'consolidated tracker'!$D:$D,'consolidated tracker'!N:N) -> 32712002 | P39: =_xlfn.XLOOKUP($D39,'consolidated tracker'!$D:$D,'consolidated tracker'!O:O) -> 1.9003922e+08 | Q39: =_xlfn.XLOOKUP($D39,'consolidated tracker'!$D:$D,'consolidated tracker'!P:P) -> 0 | R39: =_xlfn.XLOOKUP($D39,'consolidated tracker'!$D:$D,'consolidated tracker'!Q:Q) -> 0 | S39: =_xlfn.XLOOKUP($D39,'consolidated tracker'!$D:$D,'consolidated tracker'!R:R) -> 0 | T39: =_xlfn.XLOOKUP($D39,'consolidated tracker'!$D:$D,'consolidated tracker'!S:S) -> 0 | U39: =_xlfn.XLOOKUP($D39,'consolidated tracker'!$D:$D,'consolidated tracker'!T:T) -> 0 | V39: =_xlfn.XLOOKUP($D39,'consolidated tracker'!$D:$D,'consolidated tracker'!U:U) -> 0 | W39: =_xlfn.XLOOKUP($D39,'consolidated tracker'!$D:$D,'consolidated tracker'!V:V) -> 0 | X39: =_xlfn.XLOOKUP($D39,'consolidated tracker'!$D:$D,'consolidated tracker'!W:W) -> 0
D40: Sobha Orbis Tower E | E40: =_xlfn.XLOOKUP(D40,'consolidated tracker'!D:D,'consolidated tracker'!E:E) -> RERA | F40: 46752 | G40: =_xlfn.XLOOKUP(D40,'consolidated tracker'!D:D,'consolidated tracker'!F:F) -> 761 | H40: =_xlfn.XLOOKUP(D40,'consolidated tracker'!D:D,'consolidated tracker'!G:G) -> 9.1347866e+08 | I40: =_xlfn.XLOOKUP(D40,'consolidated tracker'!D:D,'consolidated tracker'!H:H) -> 4.3788466e+08 | J40: =_xlfn.XLOOKUP(D40,'consolidated tracker'!D:D,'consolidated tracker'!I:I) -> 4.1515403e+08 | K40: =_xlfn.XLOOKUP(D40,'consolidated tracker'!D:D,'consolidated tracker'!J:J) -> 16644973 | L40: =_xlfn.XLOOKUP(D40,'consolidated tracker'!D:D,'consolidated tracker'!K:K) -> 0.94808992 | M40: =_xlfn.XLOOKUP('consolidated - Offplan'!D40,'consolidated tracker'!D:D,'consolidated tracker'!L:L) -> 22730628 | N40: =_xlfn.XLOOKUP($D40,'consolidated tracker'!$D:$D,'consolidated tracker'!M:M) -> 4.5894902e+08 | O40: =_xlfn.XLOOKUP($D40,'consolidated tracker'!$D:$D,'consolidated tracker'!N:N) -> 85525725 | P40: =_xlfn.XLOOKUP($D40,'consolidated tracker'!$D:$D,'consolidated tracker'!O:O) -> 3.7306624e+08 | Q40: =_xlfn.XLOOKUP($D40,'consolidated tracker'!$D:$D,'consolidated tracker'!P:P) -> 357051.93 | R40: =_xlfn.XLOOKUP($D40,'consolidated tracker'!$D:$D,'consolidated tracker'!Q:Q) -> 0 | S40: =_xlfn.XLOOKUP($D40,'consolidated tracker'!$D:$D,'consolidated tracker'!R:R) -> 0 | T40: =_xlfn.XLOOKUP($D40,'consolidated tracker'!$D:$D,'consolidated tracker'!S:S) -> 0 | U40: =_xlfn.XLOOKUP($D40,'consolidated tracker'!$D:$D,'consolidated tracker'!T:T) -> 0 | V40: =_xlfn.XLOOKUP($D40,'consolidated tracker'!$D:$D,'consolidated tracker'!U:U) -> 0 | W40: =_xlfn.XLOOKUP($D40,'consolidated tracker'!$D:$D,'consolidated tracker'!V:V) -> 0 | X40: =_xlfn.XLOOKUP($D40,'consolidated tracker'!$D:$D,'consolidated tracker'!W:W) -> 0
D41: Sobha Orbis Tower F | E41: =_xlfn.XLOOKUP(D41,'consolidated tracker'!D:D,'consolidated tracker'!E:E) -> RERA | F41: 46752 | G41: =_xlfn.XLOOKUP(D41,'consolidated tracker'!D:D,'consolidated tracker'!F:F) -> 238 | H41: =_xlfn.XLOOKUP(D41,'consolidated tracker'!D:D,'consolidated tracker'!G:G) -> 3.3590406e+08 | I41: =_xlfn.XLOOKUP(D41,'consolidated tracker'!D:D,'consolidated tracker'!H:H) -> 1.1444691e+08 | J41: =_xlfn.XLOOKUP(D41,'consolidated tracker'!D:D,'consolidated tracker'!I:I) -> 1.0987209e+08 | K41: =_xlfn.XLOOKUP(D41,'consolidated tracker'!D:D,'consolidated tracker'!J:J) -> 11871682 | L41: =_xlfn.XLOOKUP(D41,'consolidated tracker'!D:D,'consolidated tracker'!K:K) -> 0.9600267 | M41: =_xlfn.XLOOKUP('consolidated - Offplan'!D41,'consolidated tracker'!D:D,'consolidated tracker'!L:L) -> 4574820.4 | N41: =_xlfn.XLOOKUP($D41,'consolidated tracker'!$D:$D,'consolidated tracker'!M:M) -> 2.0958547e+08 | O41: =_xlfn.XLOOKUP($D41,'consolidated tracker'!$D:$D,'consolidated tracker'!N:N) -> 33984647 | P41: =_xlfn.XLOOKUP($D41,'consolidated tracker'!$D:$D,'consolidated tracker'!O:O) -> 1.7560082e+08 | Q41: =_xlfn.XLOOKUP($D41,'consolidated tracker'!$D:$D,'consolidated tracker'!P:P) -> 0 | R41: =_xlfn.XLOOKUP($D41,'consolidated tracker'!$D:$D,'consolidated tracker'!Q:Q) -> 0 | S41: =_xlfn.XLOOKUP($D41,'consolidated tracker'!$D:$D,'consolidated tracker'!R:R) -> 0 | T41: =_xlfn.XLOOKUP($D41,'consolidated tracker'!$D:$D,'consolidated tracker'!S:S) -> 0 | U41: =_xlfn.XLOOKUP($D41,'consolidated tracker'!$D:$D,'consolidated tracker'!T:T) -> 0 | V41: =_xlfn.XLOOKUP($D41,'consolidated tracker'!$D:$D,'consolidated tracker'!U:U) -> 0 | W41: =_xlfn.XLOOKUP($D41,'consolidated tracker'!$D:$D,'consolidated tracker'!V:V) -> 0 | X41: =_xlfn.XLOOKUP($D41,'consolidated tracker'!$D:$D,'consolidated tracker'!W:W) -> 0
D42: Sobha Orbis Tower G | E42: =_xlfn.XLOOKUP(D42,'consolidated tracker'!D:D,'consolidated tracker'!E:E) -> RERA | F42: 46752 | G42: =_xlfn.XLOOKUP(D42,'consolidated tracker'!D:D,'consolidated tracker'!F:F) -> 221 | H42: =_xlfn.XLOOKUP(D42,'consolidated tracker'!D:D,'consolidated tracker'!G:G) -> 3.0314199e+08 | I42: =_xlfn.XLOOKUP(D42,'consolidated tracker'!D:D,'consolidated tracker'!H:H) -> 1.100196e+08 | J42: =_xlfn.XLOOKUP(D42,'consolidated tracker'!D:D,'consolidated tracker'!I:I) -> 1.0674914e+08 | K42: =_xlfn.XLOOKUP(D42,'consolidated tracker'!D:D,'consolidated tracker'!J:J) -> 8213276.4 | L42: =_xlfn.XLOOKUP(D42,'consolidated tracker'!D:D,'consolidated tracker'!K:K) -> 0.97027378 | M42: =_xlfn.XLOOKUP('consolidated - Offplan'!D42,'consolidated tracker'!D:D,'consolidated tracker'!L:L) -> 3270466.4 | N42: =_xlfn.XLOOKUP($D42,'consolidated tracker'!$D:$D,'consolidated tracker'!M:M) -> 1.8490911e+08 | O42: =_xlfn.XLOOKUP($D42,'consolidated tracker'!$D:$D,'consolidated tracker'!N:N) -> 28955449 | P42: =_xlfn.XLOOKUP($D42,'consolidated tracker'!$D:$D,'consolidated tracker'!O:O) -> 1.5595366e+08 | Q42: =_xlfn.XLOOKUP($D42,'consolidated tracker'!$D:$D,'consolidated tracker'!P:P) -> 0 | R42: =_xlfn.XLOOKUP($D42,'consolidated tracker'!$D:$D,'consolidated tracker'!Q:Q) -> 0 | S42: =_xlfn.XLOOKUP($D42,'consolidated tracker'!$D:$D,'consolidated tracker'!R:R) -> 0 | T42: =_xlfn.XLOOKUP($D42,'consolidated tracker'!$D:$D,'consolidated tracker'!S:S) -> 0 | U42: =_xlfn.XLOOKUP($D42,'consolidated tracker'!$D:$D,'consolidated tracker'!T:T) -> 0 | V42: =_xlfn.XLOOKUP($D42,'consolidated tracker'!$D:$D,'consolidated tracker'!U:U) -> 0 | W42: =_xlfn.XLOOKUP($D42,'consolidated tracker'!$D:$D,'consolidated tracker'!V:V) -> 0 | X42: =_xlfn.XLOOKUP($D42,'consolidated tracker'!$D:$D,'consolidated tracker'!W:W) -> 0
D43: Sobha Orbis Tower Plaza | E43: =_xlfn.XLOOKUP(D43,'consolidated tracker'!D:D,'consolidated tracker'!E:E) -> RERA | F43: - | G43: =_xlfn.XLOOKUP(D43,'consolidated tracker'!D:D,'consolidated tracker'!F:F) -> 12 | H43: =_xlfn.XLOOKUP(D43,'consolidated tracker'!D:D,'consolidated tracker'!G:G) -> 104580000 | I43: =_xlfn.XLOOKUP(D43,'consolidated tracker'!D:D,'consolidated tracker'!H:H) -> 25595997 | J43: =_xlfn.XLOOKUP(D43,'consolidated tracker'!D:D,'consolidated tracker'!I:I) -> 25305092 | K43: =_xlfn.XLOOKUP(D43,'consolidated tracker'!D:D,'consolidated tracker'!J:J) -> 598750.26 | L43: =_xlfn.XLOOKUP(D43,'consolidated tracker'!D:D,'consolidated tracker'!K:K) -> 0.98863474 | M43: =_xlfn.XLOOKUP('consolidated - Offplan'!D43,'consolidated tracker'!D:D,'consolidated tracker'!L:L) -> 290905.1 | N43: =_xlfn.XLOOKUP($D43,'consolidated tracker'!$D:$D,'consolidated tracker'!M:M) -> 78385253 | O43: =_xlfn.XLOOKUP($D43,'consolidated tracker'!$D:$D,'consolidated tracker'!N:N) -> 15787749 | P43: =_xlfn.XLOOKUP($D43,'consolidated tracker'!$D:$D,'consolidated tracker'!O:O) -> 62597504 | Q43: =_xlfn.XLOOKUP($D43,'consolidated tracker'!$D:$D,'consolidated tracker'!P:P) -> 0 | R43: =_xlfn.XLOOKUP($D43,'consolidated tracker'!$D:$D,'consolidated tracker'!Q:Q) -> 0 | S43: =_xlfn.XLOOKUP($D43,'consolidated tracker'!$D:$D,'consolidated tracker'!R:R) -> 0 | T43: =_xlfn.XLOOKUP($D43,'consolidated tracker'!$D:$D,'consolidated tracker'!S:S) -> 0 | U43: =_xlfn.XLOOKUP($D43,'consolidated tracker'!$D:$D,'consolidated tracker'!T:T) -> 0 | V43: =_xlfn.XLOOKUP($D43,'consolidated tracker'!$D:$D,'consolidated tracker'!U:U) -> 0 | W43: =_xlfn.XLOOKUP($D43,'consolidated tracker'!$D:$D,'consolidated tracker'!V:V) -> 0 | X43: =_xlfn.XLOOKUP($D43,'consolidated tracker'!$D:$D,'consolidated tracker'!W:W) -> 0
C44: 10 | D44: Skyscape | E44: =_xlfn.XLOOKUP(D44,'consolidated tracker'!D:D,'consolidated tracker'!E:E) -> RERA | F44: - | G44: =_xlfn.XLOOKUP(D44,'consolidated tracker'!D:D,'consolidated tracker'!F:F) -> 1445 | H44: =_xlfn.XLOOKUP(D44,'consolidated tracker'!D:D,'consolidated tracker'!G:G) -> 3.8398863e+09 | I44: =_xlfn.XLOOKUP(D44,'consolidated tracker'!D:D,'consolidated tracker'!H:H) -> 1.0455886e+09 | J44: =_xlfn.XLOOKUP(D44,'consolidated tracker'!D:D,'consolidated tracker'!I:I) -> 1.0054094e+09 | K44: =_xlfn.XLOOKUP(D44,'consolidated tracker'!D:D,'consolidated tracker'!J:J) -> 1.5030939e+08 | L44: =_xlfn.XLOOKUP(D44,'consolidated tracker'!D:D,'consolidated tracker'!K:K) -> 0.96157266 | M44: =_xlfn.XLOOKUP('consolidated - Offplan'!D44,'consolidated tracker'!D:D,'consolidated tracker'!L:L) -> 40179190 | N44: =_xlfn.XLOOKUP($D44,'consolidated tracker'!$D:$D,'consolidated tracker'!M:M) -> 2.6439883e+09 | O44: =_xlfn.XLOOKUP($D44,'consolidated tracker'!$D:$D,'consolidated tracker'!N:N) -> 3.3159243e+08 | P44: =_xlfn.XLOOKUP($D44,'consolidated tracker'!$D:$D,'consolidated tracker'!O:O) -> 5.5255936e+08 | Q44: =_xlfn.XLOOKUP($D44,'consolidated tracker'!$D:$D,'consolidated tracker'!P:P) -> 1.7598365e+09 | R44: =_xlfn.XLOOKUP($D44,'consolidated tracker'!$D:$D,'consolidated tracker'!Q:Q) -> 0 | S44: =_xlfn.XLOOKUP($D44,'consolidated tracker'!$D:$D,'consolidated tracker'!R:R) -> 0 | T44: =_xlfn.XLOOKUP($D44,'consolidated tracker'!$D:$D,'consolidated tracker'!S:S) -> 0 | U44: =_xlfn.XLOOKUP($D44,'consolidated tracker'!$D:$D,'consolidated tracker'!T:T) -> 0 | V44: =_xlfn.XLOOKUP($D44,'consolidated tracker'!$D:$D,'consolidated tracker'!U:U) -> 0 | W44: =_xlfn.XLOOKUP($D44,'consolidated tracker'!$D:$D,'consolidated tracker'!V:V) -> 0 | X44: =_xlfn.XLOOKUP($D44,'consolidated tracker'!$D:$D,'consolidated tracker'!W:W) -> 0
D45: Skyscape Avenue | E45: =_xlfn.XLOOKUP(D45,'consolidated tracker'!D:D,'consolidated tracker'!E:E) -> RERA | F45: 47118 | G45: =_xlfn.XLOOKUP(D45,'consolidated tracker'!D:D,'consolidated tracker'!F:F) -> 478 | H45: =_xlfn.XLOOKUP(D45,'consolidated tracker'!D:D,'consolidated tracker'!G:G) -> 1.2045687e+09 | I45: =_xlfn.XLOOKUP(D45,'consolidated tracker'!D:D,'consolidated tracker'!H:H) -> 3.242483e+08 | J45: =_xlfn.XLOOKUP(D45,'consolidated tracker'!D:D,'consolidated tracker'!I:I) -> 3.1330249e+08 | K45: =_xlfn.XLOOKUP(D45,'consolidated tracker'!D:D,'consolidated tracker'!J:J) -> 67276427 | L45: =_xlfn.XLOOKUP(D45,'consolidated tracker'!D:D,'consolidated tracker'!K:K) -> 0.9662425 | M45: =_xlfn.XLOOKUP('consolidated - Offplan'!D45,'consolidated tracker'!D:D,'consolidated tracker'!L:L) -> 10945812 | N45: =_xlfn.XLOOKUP($D45,'consolidated tracker'!$D:$D,'consolidated tracker'!M:M) -> 8.1304394e+08 | O45: =_xlfn.XLOOKUP($D45,'consolidated tracker'!$D:$D,'consolidated tracker'!N:N) -> 1.2291319e+08 | P45: =_xlfn.XLOOKUP($D45,'consolidated tracker'!$D:$D,'consolidated tracker'!O:O) -> 1.5097236e+08 | Q45: =_xlfn.XLOOKUP($D45,'consolidated tracker'!$D:$D,'consolidated tracker'!P:P) -> 5.3915839e+08 | R45: =_xlfn.XLOOKUP($D45,'consolidated tracker'!$D:$D,'consolidated tracker'!Q:Q) -> 0 | S45: =_xlfn.XLOOKUP($D45,'consolidated tracker'!$D:$D,'consolidated tracker'!R:R) -> 0 | T45: =_xlfn.XLOOKUP($D45,'consolidated tracker'!$D:$D,'consolidated tracker'!S:S) -> 0 | U45: =_xlfn.XLOOKUP($D45,'consolidated tracker'!$D:$D,'consolidated tracker'!T:T) -> 0 | V45: =_xlfn.XLOOKUP($D45,'consolidated tracker'!$D:$D,'consolidated tracker'!U:U) -> 0 | W45: =_xlfn.XLOOKUP($D45,'consolidated tracker'!$D:$D,'consolidated tracker'!V:V) -> 0 | X45: =_xlfn.XLOOKUP($D45,'consolidated tracker'!$D:$D,'consolidated tracker'!W:W) -> 0
D46: Skyscape Aura | E46: =_xlfn.XLOOKUP(D46,'consolidated tracker'!D:D,'consolidated tracker'!E:E) -> RERA | F46: 47118 | G46: =_xlfn.XLOOKUP(D46,'consolidated tracker'!D:D,'consolidated tracker'!F:F) -> 373 | H46: =_xlfn.XLOOKUP(D46,'consolidated tracker'!D:D,'consolidated tracker'!G:G) -> 9.3442939e+08 | I46: =_xlfn.XLOOKUP(D46,'consolidated tracker'!D:D,'consolidated tracker'!H:H) -> 2.5536779e+08 | J46: =_xlfn.XLOOKUP(D46,'consolidated tracker'!D:D,'consolidated tracker'!I:I) -> 2.4832838e+08 | K46: =_xlfn.XLOOKUP(D46,'consolidated tracker'!D:D,'consolidated tracker'!J:J) -> 36450226 | L46: =_xlfn.XLOOKUP(D46,'consolidated tracker'!D:D,'consolidated tracker'!K:K) -> 0.97243424 | M46: =_xlfn.XLOOKUP('consolidated - Offplan'!D46,'consolidated tracker'!D:D,'consolidated tracker'!L:L) -> 7039407.4 | N46: =_xlfn.XLOOKUP($D46,'consolidated tracker'!$D:$D,'consolidated tracker'!M:M) -> 6.4261138e+08 | O46: =_xlfn.XLOOKUP($D46,'consolidated tracker'!$D:$D,'consolidated tracker'!N:N) -> 76218885 | P46: =_xlfn.XLOOKUP($D46,'consolidated tracker'!$D:$D,'consolidated tracker'!O:O) -> 1.3348574e+08 | Q46: =_xlfn.XLOOKUP($D46,'consolidated tracker'!$D:$D,'consolidated tracker'!P:P) -> 4.3290675e+08 | R46: =_xlfn.XLOOKUP($D46,'consolidated tracker'!$D:$D,'consolidated tracker'!Q:Q) -> 0 | S46: =_xlfn.XLOOKUP($D46,'consolidated tracker'!$D:$D,'consolidated tracker'!R:R) -> 0 | T46: =_xlfn.XLOOKUP($D46,'consolidated tracker'!$D:$D,'consolidated tracker'!S:S) -> 0 | U46: =_xlfn.XLOOKUP($D46,'consolidated tracker'!$D:$D,'consolidated tracker'!T:T) -> 0 | V46: =_xlfn.XLOOKUP($D46,'consolidated tracker'!$D:$D,'consolidated tracker'!U:U) -> 0 | W46: =_xlfn.XLOOKUP($D46,'consolidated tracker'!$D:$D,'consolidated tracker'!V:V) -> 0 | X46: =_xlfn.XLOOKUP($D46,'consolidated tracker'!$D:$D,'consolidated tracker'!W:W) -> 0
D47: Skyscape Altius | E47: =_xlfn.XLOOKUP(D47,'consolidated tracker'!D:D,'consolidated tracker'!E:E) -> RERA | F47: 47118 | G47: =_xlfn.XLOOKUP(D47,'consolidated tracker'!D:D,'consolidated tracker'!F:F) -> 594 | H47: =_xlfn.XLOOKUP(D47,'consolidated tracker'!D:D,'consolidated tracker'!G:G) -> 1.7008883e+09 | I47: =_xlfn.XLOOKUP(D47,'consolidated tracker'!D:D,'consolidated tracker'!H:H) -> 4.6597252e+08 | J47: =_xlfn.XLOOKUP(D47,'consolidated tracker'!D:D,'consolidated tracker'!I:I) -> 4.4377854e+08 | K47: =_xlfn.XLOOKUP(D47,'consolidated tracker'!D:D,'consolidated tracker'!J:J) -> 46582741 | L47: =_xlfn.XLOOKUP(D47,'consolidated tracker'!D:D,'consolidated tracker'!K:K) -> 0.95237064 | M47: =_xlfn.XLOOKUP('consolidated - Offplan'!D47,'consolidated tracker'!D:D,'consolidated tracker'!L:L) -> 22193971 | N47: =_xlfn.XLOOKUP($D47,'consolidated tracker'!$D:$D,'consolidated tracker'!M:M) -> 1.188333e+09 | O47: =_xlfn.XLOOKUP($D47,'consolidated tracker'!$D:$D,'consolidated tracker'!N:N) -> 1.3246035e+08 | P47: =_xlfn.XLOOKUP($D47,'consolidated tracker'!$D:$D,'consolidated tracker'!O:O) -> 2.6810125e+08 | Q47: =_xlfn.XLOOKUP($D47,'consolidated tracker'!$D:$D,'consolidated tracker'!P:P) -> 7.877714e+08 | R47: =_xlfn.XLOOKUP($D47,'consolidated tracker'!$D:$D,'consolidated tracker'!Q:Q) -> 0 | S47: =_xlfn.XLOOKUP($D47,'consolidated tracker'!$D:$D,'consolidated tracker'!R:R) -> 0 | T47: =_xlfn.XLOOKUP($D47,'consolidated tracker'!$D:$D,'consolidated tracker'!S:S) -> 0 | U47: =_xlfn.XLOOKUP($D47,'consolidated tracker'!$D:$D,'consolidated tracker'!T:T) -> 0 | V47: =_xlfn.XLOOKUP($D47,'consolidated tracker'!$D:$D,'consolidated tracker'!U:U) -> 0 | W47: =_xlfn.XLOOKUP($D47,'consolidated tracker'!$D:$D,'consolidated tracker'!V:V) -> 0 | X47: =_xlfn.XLOOKUP($D47,'consolidated tracker'!$D:$D,'consolidated tracker'!W:W) -> 0
C48: 11 | D48: Siniya Island-Villas & Mansion | E48: =_xlfn.XLOOKUP(D48,'consolidated tracker'!D:D,'consolidated tracker'!E:E) -> RERA | F48: - | G48: =_xlfn.XLOOKUP(D48,'consolidated tracker'!D:D,'consolidated tracker'!F:F) -> 175 | H48: =_xlfn.XLOOKUP(D48,'consolidated tracker'!D:D,'consolidated tracker'!G:G) -> 2.5766022e+09 | I48: =_xlfn.XLOOKUP(D48,'consolidated tracker'!D:D,'consolidated tracker'!H:H) -> 7.5639522e+08 | J48: =_xlfn.XLOOKUP(D48,'consolidated tracker'!D:D,'consolidated tracker'!I:I) -> 6.8196058e+08 | K48: =_xlfn.XLOOKUP(D48,'consolidated tracker'!D:D,'consolidated tracker'!J:J) -> 49385303 | L48: =_xlfn.XLOOKUP(D48,'consolidated tracker'!D:D,'consolidated tracker'!K:K) -> 0.90159293 | M48: =_xlfn.XLOOKUP('consolidated - Offplan'!D48,'consolidated tracker'!D:D,'consolidated tracker'!L:L) -> 74434640 | N48: =_xlfn.XLOOKUP($D48,'consolidated tracker'!$D:$D,'consolidated tracker'!M:M) -> 1.7708217e+09 | O48: =_xlfn.XLOOKUP($D48,'consolidated tracker'!$D:$D,'consolidated tracker'!N:N) -> 2.6501404e+08 | P48: =_xlfn.XLOOKUP($D48,'consolidated tracker'!$D:$D,'consolidated tracker'!O:O) -> 6.3210937e+08 | Q48: =_xlfn.XLOOKUP($D48,'consolidated tracker'!$D:$D,'consolidated tracker'!P:P) -> 8.6677849e+08 | R48: =_xlfn.XLOOKUP($D48,'consolidated tracker'!$D:$D,'consolidated tracker'!Q:Q) -> 6919756.8 | S48: =_xlfn.XLOOKUP($D48,'consolidated tracker'!$D:$D,'consolidated tracker'!R:R) -> 0 | T48: =_xlfn.XLOOKUP($D48,'consolidated tracker'!$D:$D,'consolidated tracker'!S:S) -> 0 | U48: =_xlfn.XLOOKUP($D48,'consolidated tracker'!$D:$D,'consolidated tracker'!T:T) -> 0 | V48: =_xlfn.XLOOKUP($D48,'consolidated tracker'!$D:$D,'consolidated tracker'!U:U) -> 0 | W48: =_xlfn.XLOOKUP($D48,'consolidated tracker'!$D:$D,'consolidated tracker'!V:V) -> 0 | X48: =_xlfn.XLOOKUP($D48,'consolidated tracker'!$D:$D,'consolidated tracker'!W:W) -> 0
D49: Siniya Island | E49: =_xlfn.XLOOKUP(D49,'consolidated tracker'!D:D,'consolidated tracker'!E:E) -> RERA | F49: 46934 | G49: =_xlfn.XLOOKUP(D49,'consolidated tracker'!D:D,'consolidated tracker'!F:F) -> 137 | H49: =_xlfn.XLOOKUP(D49,'consolidated tracker'!D:D,'consolidated tracker'!G:G) -> 1.8497008e+09 | I49: =_xlfn.XLOOKUP(D49,'consolidated tracker'!D:D,'consolidated tracker'!H:H) -> 5.5717556e+08 | J49: =_xlfn.XLOOKUP(D49,'consolidated tracker'!D:D,'consolidated tracker'!I:I) -> 5.0454532e+08 | K49: =_xlfn.XLOOKUP(D49,'consolidated tracker'!D:D,'consolidated tracker'!J:J) -> 25258580 | L49: =_xlfn.XLOOKUP(D49,'consolidated tracker'!D:D,'consolidated tracker'!K:K) -> 0.90554101 | M49: =_xlfn.XLOOKUP('consolidated - Offplan'!D49,'consolidated tracker'!D:D,'consolidated tracker'!L:L) -> 52630240 | N49: =_xlfn.XLOOKUP($D49,'consolidated tracker'!$D:$D,'consolidated tracker'!M:M) -> 1.2672666e+09 | O49: =_xlfn.XLOOKUP($D49,'consolidated tracker'!$D:$D,'consolidated tracker'!N:N) -> 1.9099376e+08 | P49: =_xlfn.XLOOKUP($D49,'consolidated tracker'!$D:$D,'consolidated tracker'!O:O) -> 5.4037019e+08 | Q49: =_xlfn.XLOOKUP($D49,'consolidated tracker'!$D:$D,'consolidated tracker'!P:P) -> 5.2898292e+08 | R49: =_xlfn.XLOOKUP($D49,'consolidated tracker'!$D:$D,'consolidated tracker'!Q:Q) -> 6919756.8 | S49: =_xlfn.XLOOKUP($D49,'consolidated tracker'!$D:$D,'consolidated tracker'!R:R) -> 0 | T49: =_xlfn.XLOOKUP($D49,'consolidated tracker'!$D:$D,'consolidated tracker'!S:S) -> 0 | U49: =_xlfn.XLOOKUP($D49,'consolidated tracker'!$D:$D,'consolidated tracker'!T:T) -> 0 | V49: =_xlfn.XLOOKUP($D49,'consolidated tracker'!$D:$D,'consolidated tracker'!U:U) -> 0 | W49: =_xlfn.XLOOKUP($D49,'consolidated tracker'!$D:$D,'consolidated tracker'!V:V) -> 0 | X49: =_xlfn.XLOOKUP($D49,'consolidated tracker'!$D:$D,'consolidated tracker'!W:W) -> 0
D50: Siniya Island-Villas Phase II | E50: =_xlfn.XLOOKUP(D50,'consolidated tracker'!D:D,'consolidated tracker'!E:E) -> RERA | F50: 46934 | G50: =_xlfn.XLOOKUP(D50,'consolidated tracker'!D:D,'consolidated tracker'!F:F) -> 23 | H50: =_xlfn.XLOOKUP(D50,'consolidated tracker'!D:D,'consolidated tracker'!G:G) -> 4.0856086e+08 | I50: =_xlfn.XLOOKUP(D50,'consolidated tracker'!D:D,'consolidated tracker'!H:H) -> 1.0530164e+08 | J50: =_xlfn.XLOOKUP(D50,'consolidated tracker'!D:D,'consolidated tracker'!I:I) -> 92337580 | K50: =_xlfn.XLOOKUP(D50,'consolidated tracker'!D:D,'consolidated tracker'!J:J) -> 11313255 | L50: =_xlfn.XLOOKUP(D50,'consolidated tracker'!D:D,'consolidated tracker'!K:K) -> 0.87688647 | M50: =_xlfn.XLOOKUP('consolidated - Offplan'!D50,'consolidated tracker'!D:D,'consolidated tracker'!L:L) -> 12964057 | N50: =_xlfn.XLOOKUP($D50,'consolidated tracker'!$D:$D,'consolidated tracker'!M:M) -> 2.9194597e+08 | O50: =_xlfn.XLOOKUP($D50,'consolidated tracker'!$D:$D,'consolidated tracker'!N:N) -> 44150327 | P50: =_xlfn.XLOOKUP($D50,'consolidated tracker'!$D:$D,'consolidated tracker'!O:O) -> 48947931 | Q50: =_xlfn.XLOOKUP($D50,'consolidated tracker'!$D:$D,'consolidated tracker'!P:P) -> 1.9884771e+08 | R50: =_xlfn.XLOOKUP($D50,'consolidated tracker'!$D:$D,'consolidated tracker'!Q:Q) -> 0 | S50: =_xlfn.XLOOKUP($D50,'consolidated tracker'!$D:$D,'consolidated tracker'!R:R) -> 0 | T50: =_xlfn.XLOOKUP($D50,'consolidated tracker'!$D:$D,'consolidated tracker'!S:S) -> 0 | U50: =_xlfn.XLOOKUP($D50,'consolidated tracker'!$D:$D,'consolidated tracker'!T:T) -> 0 | V50: =_xlfn.XLOOKUP($D50,'consolidated tracker'!$D:$D,'consolidated tracker'!U:U) -> 0 | W50: =_xlfn.XLOOKUP($D50,'consolidated tracker'!$D:$D,'consolidated tracker'!V:V) -> 0 | X50: =_xlfn.XLOOKUP($D50,'consolidated tracker'!$D:$D,'consolidated tracker'!W:W) -> 0
D51: Sobha Siniya Island Mansions | E51: =_xlfn.XLOOKUP(D51,'consolidated tracker'!D:D,'consolidated tracker'!E:E) -> RERA | F51: 46934 | G51: =_xlfn.XLOOKUP(D51,'consolidated tracker'!D:D,'consolidated tracker'!F:F) -> 0 | H51: =_xlfn.XLOOKUP(D51,'consolidated tracker'!D:D,'consolidated tracker'!G:G) -> 0 | I51: =_xlfn.XLOOKUP(D51,'consolidated tracker'!D:D,'consolidated tracker'!H:H) -> 0 | J51: =_xlfn.XLOOKUP(D51,'consolidated tracker'!D:D,'consolidated tracker'!I:I) -> 0 | K51: =_xlfn.XLOOKUP(D51,'consolidated tracker'!D:D,'consolidated tracker'!J:J) -> 0 | L51: =_xlfn.XLOOKUP(D51,'consolidated tracker'!D:D,'consolidated tracker'!K:K) -> 0 | M51: =_xlfn.XLOOKUP('consolidated - Offplan'!D51,'consolidated tracker'!D:D,'consolidated tracker'!L:L) -> 0 | N51: =_xlfn.XLOOKUP($D51,'consolidated tracker'!$D:$D,'consolidated tracker'!M:M) -> 0 | O51: =_xlfn.XLOOKUP($D51,'consolidated tracker'!$D:$D,'consolidated tracker'!N:N) -> 0 | P51: =_xlfn.XLOOKUP($D51,'consolidated tracker'!$D:$D,'consolidated tracker'!O:O) -> 0 | Q51: =_xlfn.XLOOKUP($D51,'consolidated tracker'!$D:$D,'consolidated tracker'!P:P) -> 0 | R51: =_xlfn.XLOOKUP($D51,'consolidated tracker'!$D:$D,'consolidated tracker'!Q:Q) -> 0 | S51: =_xlfn.XLOOKUP($D51,'consolidated tracker'!$D:$D,'consolidated tracker'!R:R) -> 0 | T51: =_xlfn.XLOOKUP($D51,'consolidated tracker'!$D:$D,'consolidated tracker'!S:S) -> 0 | U51: =_xlfn.XLOOKUP($D51,'consolidated tracker'!$D:$D,'consolidated tracker'!T:T) -> 0 | V51: =_xlfn.XLOOKUP($D51,'consolidated tracker'!$D:$D,'consolidated tracker'!U:U) -> 0 | W51: =_xlfn.XLOOKUP($D51,'consolidated tracker'!$D:$D,'consolidated tracker'!V:V) -> 0 | X51: =_xlfn.XLOOKUP($D51,'consolidated tracker'!$D:$D,'consolidated tracker'!W:W) -> 0
C52: 12 | D52: Elwood Villas | E52: =_xlfn.XLOOKUP(D52,'consolidated tracker'!D:D,'consolidated tracker'!E:E) -> RERA | F52: 46568 | G52: =_xlfn.XLOOKUP(D52,'consolidated tracker'!D:D,'consolidated tracker'!F:F) -> 221 | H52: =_xlfn.XLOOKUP(D52,'consolidated tracker'!D:D,'consolidated tracker'!G:G) -> 1.9543124e+09 | I52: =_xlfn.XLOOKUP(D52,'consolidated tracker'!D:D,'consolidated tracker'!H:H) -> 7.6845708e+08 | J52: =_xlfn.XLOOKUP(D52,'consolidated tracker'!D:D,'consolidated tracker'!I:I) -> 7.0187788e+08 | K52: =_xlfn.XLOOKUP(D52,'consolidated tracker'!D:D,'consolidated tracker'!J:J) -> 59776026 | L52: =_xlfn.XLOOKUP(D52,'consolidated tracker'!D:D,'consolidated tracker'!K:K) -> 0.9133599 | M52: =_xlfn.XLOOKUP('consolidated - Offplan'!D52,'consolidated tracker'!D:D,'consolidated tracker'!L:L) -> 66579197 | N52: =_xlfn.XLOOKUP($D52,'consolidated tracker'!$D:$D,'consolidated tracker'!M:M) -> 1.1260793e+09 | O52: =_xlfn.XLOOKUP($D52,'consolidated tracker'!$D:$D,'consolidated tracker'!N:N) -> 2.2794565e+08 | P52: =_xlfn.XLOOKUP($D52,'consolidated tracker'!$D:$D,'consolidated tracker'!O:O) -> 8.9813362e+08 | Q52: =_xlfn.XLOOKUP($D52,'consolidated tracker'!$D:$D,'consolidated tracker'!P:P) -> 0 | R52: =_xlfn.XLOOKUP($D52,'consolidated tracker'!$D:$D,'consolidated tracker'!Q:Q) -> 0 | S52: =_xlfn.XLOOKUP($D52,'consolidated tracker'!$D:$D,'consolidated tracker'!R:R) -> 0 | T52: =_xlfn.XLOOKUP($D52,'consolidated tracker'!$D:$D,'consolidated tracker'!S:S) -> 0 | U52: =_xlfn.XLOOKUP($D52,'consolidated tracker'!$D:$D,'consolidated tracker'!T:T) -> 0 | V52: =_xlfn.XLOOKUP($D52,'consolidated tracker'!$D:$D,'consolidated tracker'!U:U) -> 0 | W52: =_xlfn.XLOOKUP($D52,'consolidated tracker'!$D:$D,'consolidated tracker'!V:V) -> 0 | X52: =_xlfn.XLOOKUP($D52,'consolidated tracker'!$D:$D,'consolidated tracker'!W:W) -> 0
C53: 13 | D53: Elwood Villas 1 | E53: =_xlfn.XLOOKUP(D53,'consolidated tracker'!D:D,'consolidated tracker'!E:E) -> RERA | F53: 46934 | G53: =_xlfn.XLOOKUP(D53,'consolidated tracker'!D:D,'consolidated tracker'!F:F) -> 27 | H53: =_xlfn.XLOOKUP(D53,'consolidated tracker'!D:D,'consolidated tracker'!G:G) -> 294914060 | I53: =_xlfn.XLOOKUP(D53,'consolidated tracker'!D:D,'consolidated tracker'!H:H) -> 57991284 | J53: =_xlfn.XLOOKUP(D53,'consolidated tracker'!D:D,'consolidated tracker'!I:I) -> 50210980 | K53: =_xlfn.XLOOKUP(D53,'consolidated tracker'!D:D,'consolidated tracker'!J:J) -> 9851943.7 | L53: =_xlfn.XLOOKUP(D53,'consolidated tracker'!D:D,'consolidated tracker'!K:K) -> 0.86583667 | M53: =_xlfn.XLOOKUP('consolidated - Offplan'!D53,'consolidated tracker'!D:D,'consolidated tracker'!L:L) -> 7780304 | N53: =_xlfn.XLOOKUP($D53,'consolidated tracker'!$D:$D,'consolidated tracker'!M:M) -> 2.2707083e+08 | O53: =_xlfn.XLOOKUP($D53,'consolidated tracker'!$D:$D,'consolidated tracker'!N:N) -> 41969800 | P53: =_xlfn.XLOOKUP($D53,'consolidated tracker'!$D:$D,'consolidated tracker'!O:O) -> 64002877 | Q53: =_xlfn.XLOOKUP($D53,'consolidated tracker'!$D:$D,'consolidated tracker'!P:P) -> 121098156 | R53: =_xlfn.XLOOKUP($D53,'consolidated tracker'!$D:$D,'consolidated tracker'!Q:Q) -> 0 | S53: =_xlfn.XLOOKUP($D53,'consolidated tracker'!$D:$D,'consolidated tracker'!R:R) -> 0 | T53: =_xlfn.XLOOKUP($D53,'consolidated tracker'!$D:$D,'consolidated tracker'!S:S) -> 0 | U53: =_xlfn.XLOOKUP($D53,'consolidated tracker'!$D:$D,'consolidated tracker'!T:T) -> 0 | V53: =_xlfn.XLOOKUP($D53,'consolidated tracker'!$D:$D,'consolidated tracker'!U:U) -> 0 | W53: =_xlfn.XLOOKUP($D53,'consolidated tracker'!$D:$D,'consolidated tracker'!V:V) -> 0 | X53: =_xlfn.XLOOKUP($D53,'consolidated tracker'!$D:$D,'consolidated tracker'!W:W) -> 0
C54: 14 | D54: Sobha Solis | E54: =_xlfn.XLOOKUP(D54,'consolidated tracker'!D:D,'consolidated tracker'!E:E) -> RERA | F54: - | G54: =_xlfn.XLOOKUP(D54,'consolidated tracker'!D:D,'consolidated tracker'!F:F) -> 2128 | H54: =_xlfn.XLOOKUP(D54,'consolidated tracker'!D:D,'consolidated tracker'!G:G) -> 2.6559135e+09 | I54: =_xlfn.XLOOKUP(D54,'consolidated tracker'!D:D,'consolidated tracker'!H:H) -> 8.4340073e+08 | J54: =_xlfn.XLOOKUP(D54,'consolidated tracker'!D:D,'consolidated tracker'!I:I) -> 8.028242e+08 | K54: =_xlfn.XLOOKUP(D54,'consolidated tracker'!D:D,'consolidated tracker'!J:J) -> 52176492 | L54: =_xlfn.XLOOKUP(D54,'consolidated tracker'!D:D,'consolidated tracker'!K:K) -> 0.95188938 | M54: =_xlfn.XLOOKUP('consolidated - Offplan'!D54,'consolidated tracker'!D:D,'consolidated tracker'!L:L) -> 40576528 | N54: =_xlfn.XLOOKUP($D54,'consolidated tracker'!$D:$D,'consolidated tracker'!M:M) -> 1.7603363e+09 | O54: =_xlfn.XLOOKUP($D54,'consolidated tracker'!$D:$D,'consolidated tracker'!N:N) -> 1.7603363e+09 | P54: =_xlfn.XLOOKUP($D54,'consolidated tracker'!$D:$D,'consolidated tracker'!O:O) -> 0 | Q54: =_xlfn.XLOOKUP($D54,'consolidated tracker'!$D:$D,'consolidated tracker'!P:P) -> 0 | R54: =_xlfn.XLOOKUP($D54,'consolidated tracker'!$D:$D,'consolidated tracker'!Q:Q) -> 0 | S54: =_xlfn.XLOOKUP($D54,'consolidated tracker'!$D:$D,'consolidated tracker'!R:R) -> 0 | T54: =_xlfn.XLOOKUP($D54,'consolidated tracker'!$D:$D,'consolidated tracker'!S:S) -> 0 | U54: =_xlfn.XLOOKUP($D54,'consolidated tracker'!$D:$D,'consolidated tracker'!T:T) -> 0 | V54: =_xlfn.XLOOKUP($D54,'consolidated tracker'!$D:$D,'consolidated tracker'!U:U) -> 0 | W54: =_xlfn.XLOOKUP($D54,'consolidated tracker'!$D:$D,'consolidated tracker'!V:V) -> 0 | X54: =_xlfn.XLOOKUP($D54,'consolidated tracker'!$D:$D,'consolidated tracker'!W:W) -> 0
D55: Sobha Solis Tower A | E55: =_xlfn.XLOOKUP(D55,'consolidated tracker'!D:D,'consolidated tracker'!E:E) -> RERA | F55: 46752 | G55: =_xlfn.XLOOKUP(D55,'consolidated tracker'!D:D,'consolidated tracker'!F:F) -> 727 | H55: =_xlfn.XLOOKUP(D55,'consolidated tracker'!D:D,'consolidated tracker'!G:G) -> 8.7284782e+08 | I55: =_xlfn.XLOOKUP(D55,'consolidated tracker'!D:D,'consolidated tracker'!H:H) -> 3.0673641e+08 | J55: =_xlfn.XLOOKUP(D55,'consolidated tracker'!D:D,'consolidated tracker'!I:I) -> 2.9204703e+08 | K55: =_xlfn.XLOOKUP(D55,'consolidated tracker'!D:D,'consolidated tracker'!J:J) -> 18155469 | L55: =_xlfn.XLOOKUP(D55,'consolidated tracker'!D:D,'consolidated tracker'!K:K) -> 0.95211073 | M55: =_xlfn.XLOOKUP('consolidated - Offplan'!D55,'consolidated tracker'!D:D,'consolidated tracker'!L:L) -> 14689383 | N55: =_xlfn.XLOOKUP($D55,'consolidated tracker'!$D:$D,'consolidated tracker'!M:M) -> 5.4795594e+08 | O55: =_xlfn.XLOOKUP($D55,'consolidated tracker'!$D:$D,'consolidated tracker'!N:N) -> 94128158 | P55: =_xlfn.XLOOKUP($D55,'consolidated tracker'!$D:$D,'consolidated tracker'!O:O) -> 4.5382778e+08 | Q55: =_xlfn.XLOOKUP($D55,'consolidated tracker'!$D:$D,'consolidated tracker'!P:P) -> 0 | R55: =_xlfn.XLOOKUP($D55,'consolidated tracker'!$D:$D,'consolidated tracker'!Q:Q) -> 0 | S55: =_xlfn.XLOOKUP($D55,'consolidated tracker'!$D:$D,'consolidated tracker'!R:R) -> 0 | T55: =_xlfn.XLOOKUP($D55,'consolidated tracker'!$D:$D,'consolidated tracker'!S:S) -> 0 | U55: =_xlfn.XLOOKUP($D55,'consolidated tracker'!$D:$D,'consolidated tracker'!T:T) -> 0 | V55: =_xlfn.XLOOKUP($D55,'consolidated tracker'!$D:$D,'consolidated tracker'!U:U) -> 0 | W55: =_xlfn.XLOOKUP($D55,'consolidated tracker'!$D:$D,'consolidated tracker'!V:V) -> 0 | X55: =_xlfn.XLOOKUP($D55,'consolidated tracker'!$D:$D,'consolidated tracker'!W:W) -> 0
D56: Sobha Solis Tower B | E56: =_xlfn.XLOOKUP(D56,'consolidated tracker'!D:D,'consolidated tracker'!E:E) -> RERA | F56: 46752 | G56: =_xlfn.XLOOKUP(D56,'consolidated tracker'!D:D,'consolidated tracker'!F:F) -> 604 | H56: =_xlfn.XLOOKUP(D56,'consolidated tracker'!D:D,'consolidated tracker'!G:G) -> 7.5215792e+08 | I56: =_xlfn.XLOOKUP(D56,'consolidated tracker'!D:D,'consolidated tracker'!H:H) -> 2.2739945e+08 | J56: =_xlfn.XLOOKUP(D56,'consolidated tracker'!D:D,'consolidated tracker'!I:I) -> 2.1791282e+08 | K56: =_xlfn.XLOOKUP(D56,'consolidated tracker'!D:D,'consolidated tracker'!J:J) -> 16447481 | L56: =_xlfn.XLOOKUP(D56,'consolidated tracker'!D:D,'consolidated tracker'!K:K) -> 0.95828212 | M56: =_xlfn.XLOOKUP('consolidated - Offplan'!D56,'consolidated tracker'!D:D,'consolidated tracker'!L:L) -> 9486622 | N56: =_xlfn.XLOOKUP($D56,'consolidated tracker'!$D:$D,'consolidated tracker'!M:M) -> 5.0831099e+08 | O56: =_xlfn.XLOOKUP($D56,'consolidated tracker'!$D:$D,'consolidated tracker'!N:N) -> 74470540 | P56: =_xlfn.XLOOKUP($D56,'consolidated tracker'!$D:$D,'consolidated tracker'!O:O) -> 4.3384045e+08 | Q56: =_xlfn.XLOOKUP($D56,'consolidated tracker'!$D:$D,'consolidated tracker'!P:P) -> 0 | R56: =_xlfn.XLOOKUP($D56,'consolidated tracker'!$D:$D,'consolidated tracker'!Q:Q) -> 0 | S56: =_xlfn.XLOOKUP($D56,'consolidated tracker'!$D:$D,'consolidated tracker'!R:R) -> 0 | T56: =_xlfn.XLOOKUP($D56,'consolidated tracker'!$D:$D,'consolidated tracker'!S:S) -> 0 | U56: =_xlfn.XLOOKUP($D56,'consolidated tracker'!$D:$D,'consolidated tracker'!T:T) -> 0 | V56: =_xlfn.XLOOKUP($D56,'consolidated tracker'!$D:$D,'consolidated tracker'!U:U) -> 0 | W56: =_xlfn.XLOOKUP($D56,'consolidated tracker'!$D:$D,'consolidated tracker'!V:V) -> 0 | X56: =_xlfn.XLOOKUP($D56,'consolidated tracker'!$D:$D,'consolidated tracker'!W:W) -> 0
D57: Sobha Solis Tower C | E57: =_xlfn.XLOOKUP(D57,'consolidated tracker'!D:D,'consolidated tracker'!E:E) -> RERA | F57: 46752 | G57: =_xlfn.XLOOKUP(D57,'consolidated tracker'!D:D,'consolidated tracker'!F:F) -> 491 | H57: =_xlfn.XLOOKUP(D57,'consolidated tracker'!D:D,'consolidated tracker'!G:G) -> 5.8827356e+08 | I57: =_xlfn.XLOOKUP(D57,'consolidated tracker'!D:D,'consolidated tracker'!H:H) -> 1.7372831e+08 | J57: =_xlfn.XLOOKUP(D57,'consolidated tracker'!D:D,'consolidated tracker'!I:I) -> 1.6683548e+08 | K57: =_xlfn.XLOOKUP(D57,'consolidated tracker'!D:D,'consolidated tracker'!J:J) -> 7709442.9 | L57: =_xlfn.XLOOKUP(D57,'consolidated tracker'!D:D,'consolidated tracker'!K:K) -> 0.9603241 | M57: =_xlfn.XLOOKUP('consolidated - Offplan'!D57,'consolidated tracker'!D:D,'consolidated tracker'!L:L) -> 6892826.9 | N57: =_xlfn.XLOOKUP($D57,'consolidated tracker'!$D:$D,'consolidated tracker'!M:M) -> 4.0683581e+08 | O57: =_xlfn.XLOOKUP($D57,'consolidated tracker'!$D:$D,'consolidated tracker'!N:N) -> 57813039 | P57: =_xlfn.XLOOKUP($D57,'consolidated tracker'!$D:$D,'consolidated tracker'!O:O) -> 3.4902277e+08 | Q57: =_xlfn.XLOOKUP($D57,'consolidated tracker'!$D:$D,'consolidated tracker'!P:P) -> 0 | R57: =_xlfn.XLOOKUP($D57,'consolidated tracker'!$D:$D,'consolidated tracker'!Q:Q) -> 0 | S57: =_xlfn.XLOOKUP($D57,'consolidated tracker'!$D:$D,'consolidated tracker'!R:R) -> 0 | T57: =_xlfn.XLOOKUP($D57,'consolidated tracker'!$D:$D,'consolidated tracker'!S:S) -> 0 | U57: =_xlfn.XLOOKUP($D57,'consolidated tracker'!$D:$D,'consolidated tracker'!T:T) -> 0 | V57: =_xlfn.XLOOKUP($D57,'consolidated tracker'!$D:$D,'consolidated tracker'!U:U) -> 0 | W57: =_xlfn.XLOOKUP($D57,'consolidated tracker'!$D:$D,'consolidated tracker'!V:V) -> 0 | X57: =_xlfn.XLOOKUP($D57,'consolidated tracker'!$D:$D,'consolidated tracker'!W:W) -> 0
D58: Sobha Solis Tower D | E58: =_xlfn.XLOOKUP(D58,'consolidated tracker'!D:D,'consolidated tracker'!E:E) -> RERA | F58: 46752 | G58: =_xlfn.XLOOKUP(D58,'consolidated tracker'!D:D,'consolidated tracker'!F:F) -> 306 | H58: =_xlfn.XLOOKUP(D58,'consolidated tracker'!D:D,'consolidated tracker'!G:G) -> 4.4263423e+08 | I58: =_xlfn.XLOOKUP(D58,'consolidated tracker'!D:D,'consolidated tracker'!H:H) -> 1.3553657e+08 | J58: =_xlfn.XLOOKUP(D58,'consolidated tracker'!D:D,'consolidated tracker'!I:I) -> 1.2602887e+08 | K58: =_xlfn.XLOOKUP(D58,'consolidated tracker'!D:D,'consolidated tracker'!J:J) -> 9864098.9 | L58: =_xlfn.XLOOKUP(D58,'consolidated tracker'!D:D,'consolidated tracker'!K:K) -> 0.92985143 | M58: =_xlfn.XLOOKUP('consolidated - Offplan'!D58,'consolidated tracker'!D:D,'consolidated tracker'!L:L) -> 9507696.4 | N58: =_xlfn.XLOOKUP($D58,'consolidated tracker'!$D:$D,'consolidated tracker'!M:M) -> 2.9723357e+08 | O58: =_xlfn.XLOOKUP($D58,'consolidated tracker'!$D:$D,'consolidated tracker'!N:N) -> 45342049 | P58: =_xlfn.XLOOKUP($D58,'consolidated tracker'!$D:$D,'consolidated tracker'!O:O) -> 2.5189152e+08 | Q58: =_xlfn.XLOOKUP($D58,'consolidated tracker'!$D:$D,'consolidated tracker'!P:P) -> 0 | R58: =_xlfn.XLOOKUP($D58,'consolidated tracker'!$D:$D,'consolidated tracker'!Q:Q) -> 0 | S58: =_xlfn.XLOOKUP($D58,'consolidated tracker'!$D:$D,'consolidated tracker'!R:R) -> 0 | T58: =_xlfn.XLOOKUP($D58,'consolidated tracker'!$D:$D,'consolidated tracker'!S:S) -> 0 | U58: =_xlfn.XLOOKUP($D58,'consolidated tracker'!$D:$D,'consolidated tracker'!T:T) -> 0 | V58: =_xlfn.XLOOKUP($D58,'consolidated tracker'!$D:$D,'consolidated tracker'!U:U) -> 0 | W58: =_xlfn.XLOOKUP($D58,'consolidated tracker'!$D:$D,'consolidated tracker'!V:V) -> 0 | X58: =_xlfn.XLOOKUP($D58,'consolidated tracker'!$D:$D,'consolidated tracker'!W:W) -> 0
C59: 15 | D59: The Element at Sobha One | E59: =_xlfn.XLOOKUP(D59,'consolidated tracker'!D:D,'consolidated tracker'!E:E) -> RERA | F59: 47118 | G59: =_xlfn.XLOOKUP(D59,'consolidated tracker'!D:D,'consolidated tracker'!F:F) -> 258 | H59: =_xlfn.XLOOKUP(D59,'consolidated tracker'!D:D,'consolidated tracker'!G:G) -> 9.4816614e+08 | I59: =_xlfn.XLOOKUP(D59,'consolidated tracker'!D:D,'consolidated tracker'!H:H) -> 2.4274487e+08 | J59: =_xlfn.XLOOKUP(D59,'consolidated tracker'!D:D,'consolidated tracker'!I:I) -> 2.235991e+08 | K59: =_xlfn.XLOOKUP(D59,'consolidated tracker'!D:D,'consolidated tracker'!J:J) -> 19307987 | L59: =_xlfn.XLOOKUP(D59,'consolidated tracker'!D:D,'consolidated tracker'!K:K) -> 0.921128 | M59: =_xlfn.XLOOKUP('consolidated - Offplan'!D59,'consolidated tracker'!D:D,'consolidated tracker'!L:L) -> 19145773 | N59: =_xlfn.XLOOKUP($D59,'consolidated tracker'!$D:$D,'consolidated tracker'!M:M) -> 6.8611328e+08 | O59: =_xlfn.XLOOKUP($D59,'consolidated tracker'!$D:$D,'consolidated tracker'!N:N) -> 81920611 | P59: =_xlfn.XLOOKUP($D59,'consolidated tracker'!$D:$D,'consolidated tracker'!O:O) -> 1.5736594e+08 | Q59: =_xlfn.XLOOKUP($D59,'consolidated tracker'!$D:$D,'consolidated tracker'!P:P) -> 4.448959e+08 | R59: =_xlfn.XLOOKUP($D59,'consolidated tracker'!$D:$D,'consolidated tracker'!Q:Q) -> 1930826 | S59: =_xlfn.XLOOKUP($D59,'consolidated tracker'!$D:$D,'consolidated tracker'!R:R) -> 0 | T59: =_xlfn.XLOOKUP($D59,'consolidated tracker'!$D:$D,'consolidated tracker'!S:S) -> 0 | U59: =_xlfn.XLOOKUP($D59,'consolidated tracker'!$D:$D,'consolidated tracker'!T:T) -> 0 | V59: =_xlfn.XLOOKUP($D59,'consolidated tracker'!$D:$D,'consolidated tracker'!U:U) -> 0 | W59: =_xlfn.XLOOKUP($D59,'consolidated tracker'!$D:$D,'consolidated tracker'!V:V) -> 0 | X59: =_xlfn.XLOOKUP($D59,'consolidated tracker'!$D:$D,'consolidated tracker'!W:W) -> 0
C60: 16 | D60: Skyvue | E60: =_xlfn.XLOOKUP(D60,'consolidated tracker'!D:D,'consolidated tracker'!E:E) -> RERA | F60: - | G60: =_xlfn.XLOOKUP(D60,'consolidated tracker'!D:D,'consolidated tracker'!F:F) -> 2068 | H60: =_xlfn.XLOOKUP(D60,'consolidated tracker'!D:D,'consolidated tracker'!G:G) -> 4.7071045e+09 | I60: =_xlfn.XLOOKUP(D60,'consolidated tracker'!D:D,'consolidated tracker'!H:H) -> 1.2015038e+09 | J60: =_xlfn.XLOOKUP(D60,'consolidated tracker'!D:D,'consolidated tracker'!I:I) -> 1.1103906e+09 | K60: =_xlfn.XLOOKUP(D60,'consolidated tracker'!D:D,'consolidated tracker'!J:J) -> 85541920 | L60: =_xlfn.XLOOKUP(D60,'consolidated tracker'!D:D,'consolidated tracker'!K:K) -> 0.92416739 | M60: =_xlfn.XLOOKUP('consolidated - Offplan'!D60,'consolidated tracker'!D:D,'consolidated tracker'!L:L) -> 91113169 | N60: =_xlfn.XLOOKUP($D60,'consolidated tracker'!$D:$D,'consolidated tracker'!M:M) -> 3.4200588e+09 | O60: =_xlfn.XLOOKUP($D60,'consolidated tracker'!$D:$D,'consolidated tracker'!N:N) -> 2.2561502e+08 | P60: =_xlfn.XLOOKUP($D60,'consolidated tracker'!$D:$D,'consolidated tracker'!O:O) -> 4.499632e+08 | Q60: =_xlfn.XLOOKUP($D60,'consolidated tracker'!$D:$D,'consolidated tracker'!P:P) -> 6.9905912e+08 | R60: =_xlfn.XLOOKUP($D60,'consolidated tracker'!$D:$D,'consolidated tracker'!Q:Q) -> 1.6644651e+09 | S60: =_xlfn.XLOOKUP($D60,'consolidated tracker'!$D:$D,'consolidated tracker'!R:R) -> 3.8095641e+08 | T60: =_xlfn.XLOOKUP($D60,'consolidated tracker'!$D:$D,'consolidated tracker'!S:S) -> 0 | U60: =_xlfn.XLOOKUP($D60,'consolidated tracker'!$D:$D,'consolidated tracker'!T:T) -> 0 | V60: =_xlfn.XLOOKUP($D60,'consolidated tracker'!$D:$D,'consolidated tracker'!U:U) -> 0 | W60: =_xlfn.XLOOKUP($D60,'consolidated tracker'!$D:$D,'consolidated tracker'!V:V) -> 0 | X60: =_xlfn.XLOOKUP($D60,'consolidated tracker'!$D:$D,'consolidated tracker'!W:W) -> 0
D61: Skyvue Solair | E61: =_xlfn.XLOOKUP(D61,'consolidated tracker'!D:D,'consolidated tracker'!E:E) -> RERA | F61: 47208 | G61: =_xlfn.XLOOKUP(D61,'consolidated tracker'!D:D,'consolidated tracker'!F:F) -> 653 | H61: =_xlfn.XLOOKUP(D61,'consolidated tracker'!D:D,'consolidated tracker'!G:G) -> 1.3684135e+09 | I61: =_xlfn.XLOOKUP(D61,'consolidated tracker'!D:D,'consolidated tracker'!H:H) -> 3.9848595e+08 | J61: =_xlfn.XLOOKUP(D61,'consolidated tracker'!D:D,'consolidated tracker'!I:I) -> 3.8113619e+08 | K61: =_xlfn.XLOOKUP(D61,'consolidated tracker'!D:D,'consolidated tracker'!J:J) -> 25459825 | L61: =_xlfn.XLOOKUP(D61,'consolidated tracker'!D:D,'consolidated tracker'!K:K) -> 0.95646081 | M61: =_xlfn.XLOOKUP('consolidated - Offplan'!D61,'consolidated tracker'!D:D,'consolidated tracker'!L:L) -> 17349755 | N61: =_xlfn.XLOOKUP($D61,'consolidated tracker'!$D:$D,'consolidated tracker'!M:M) -> 9.4446776e+08 | O61: =_xlfn.XLOOKUP($D61,'consolidated tracker'!$D:$D,'consolidated tracker'!N:N) -> 77748723 | P61: =_xlfn.XLOOKUP($D61,'consolidated tracker'!$D:$D,'consolidated tracker'!O:O) -> 1.3249628e+08 | Q61: =_xlfn.XLOOKUP($D61,'consolidated tracker'!$D:$D,'consolidated tracker'!P:P) -> 1.8488962e+08 | R61: =_xlfn.XLOOKUP($D61,'consolidated tracker'!$D:$D,'consolidated tracker'!Q:Q) -> 5.4933314e+08 | S61: =_xlfn.XLOOKUP($D61,'consolidated tracker'!$D:$D,'consolidated tracker'!R:R) -> 0 | T61: =_xlfn.XLOOKUP($D61,'consolidated tracker'!$D:$D,'consolidated tracker'!S:S) -> 0 | U61: =_xlfn.XLOOKUP($D61,'consolidated tracker'!$D:$D,'consolidated tracker'!T:T) -> 0 | V61: =_xlfn.XLOOKUP($D61,'consolidated tracker'!$D:$D,'consolidated tracker'!U:U) -> 0 | W61: =_xlfn.XLOOKUP($D61,'consolidated tracker'!$D:$D,'consolidated tracker'!V:V) -> 0 | X61: =_xlfn.XLOOKUP($D61,'consolidated tracker'!$D:$D,'consolidated tracker'!W:W) -> 0
D62: Skyvue Spectra | E62: =_xlfn.XLOOKUP(D62,'consolidated tracker'!D:D,'consolidated tracker'!E:E) -> RERA | F62: 47208 | G62: =_xlfn.XLOOKUP(D62,'consolidated tracker'!D:D,'consolidated tracker'!F:F) -> 446 | H62: =_xlfn.XLOOKUP(D62,'consolidated tracker'!D:D,'consolidated tracker'!G:G) -> 9.4383667e+08 | I62: =_xlfn.XLOOKUP(D62,'consolidated tracker'!D:D,'consolidated tracker'!H:H) -> 2.5847143e+08 | J62: =_xlfn.XLOOKUP(D62,'consolidated tracker'!D:D,'consolidated tracker'!I:I) -> 2.3830368e+08 | K62: =_xlfn.XLOOKUP(D62,'consolidated tracker'!D:D,'consolidated tracker'!J:J) -> 29859692 | L62: =_xlfn.XLOOKUP(D62,'consolidated tracker'!D:D,'consolidated tracker'!K:K) -> 0.921973 | M62: =_xlfn.XLOOKUP('consolidated - Offplan'!D62,'consolidated tracker'!D:D,'consolidated tracker'!L:L) -> 20167749 | N62: =_xlfn.XLOOKUP($D62,'consolidated tracker'!$D:$D,'consolidated tracker'!M:M) -> 6.5550555e+08 | O62: =_xlfn.XLOOKUP($D62,'consolidated tracker'!$D:$D,'consolidated tracker'!N:N) -> 18846877 | P62: =_xlfn.XLOOKUP($D62,'consolidated tracker'!$D:$D,'consolidated tracker'!O:O) -> 86011782 | Q62: =_xlfn.XLOOKUP($D62,'consolidated tracker'!$D:$D,'consolidated tracker'!P:P) -> 1.7577453e+08 | R62: =_xlfn.XLOOKUP($D62,'consolidated tracker'!$D:$D,'consolidated tracker'!Q:Q) -> 3.7487236e+08 | S62: =_xlfn.XLOOKUP($D62,'consolidated tracker'!$D:$D,'consolidated tracker'!R:R) -> 0 | T62: =_xlfn.XLOOKUP($D62,'consolidated tracker'!$D:$D,'consolidated tracker'!S:S) -> 0 | U62: =_xlfn.XLOOKUP($D62,'consolidated tracker'!$D:$D,'consolidated tracker'!T:T) -> 0 | V62: =_xlfn.XLOOKUP($D62,'consolidated tracker'!$D:$D,'consolidated tracker'!U:U) -> 0 | W62: =_xlfn.XLOOKUP($D62,'consolidated tracker'!$D:$D,'consolidated tracker'!V:V) -> 0 | X62: =_xlfn.XLOOKUP($D62,'consolidated tracker'!$D:$D,'consolidated tracker'!W:W) -> 0
D63: Skyvue Stellar | E63: =_xlfn.XLOOKUP(D63,'consolidated tracker'!D:D,'consolidated tracker'!E:E) -> RERA | F63: 47208 | G63: =_xlfn.XLOOKUP(D63,'consolidated tracker'!D:D,'consolidated tracker'!F:F) -> 560 | H63: =_xlfn.XLOOKUP(D63,'consolidated tracker'!D:D,'consolidated tracker'!G:G) -> 1.4862711e+09 | I63: =_xlfn.XLOOKUP(D63,'consolidated tracker'!D:D,'consolidated tracker'!H:H) -> 3.7667888e+08 | J63: =_xlfn.XLOOKUP(D63,'consolidated tracker'!D:D,'consolidated tracker'!I:I) -> 3.3509243e+08 | K63: =_xlfn.XLOOKUP(D63,'consolidated tracker'!D:D,'consolidated tracker'!J:J) -> 23472938 | L63: =_xlfn.XLOOKUP(D63,'consolidated tracker'!D:D,'consolidated tracker'!K:K) -> 0.88959707 | M63: =_xlfn.XLOOKUP('consolidated - Offplan'!D63,'consolidated tracker'!D:D,'consolidated tracker'!L:L) -> 41586452 | N63: =_xlfn.XLOOKUP($D63,'consolidated tracker'!$D:$D,'consolidated tracker'!M:M) -> 1.0861193e+09 | O63: =_xlfn.XLOOKUP($D63,'consolidated tracker'!$D:$D,'consolidated tracker'!N:N) -> 63750006 | P63: =_xlfn.XLOOKUP($D63,'consolidated tracker'!$D:$D,'consolidated tracker'!O:O) -> 1.3690292e+08 | Q63: =_xlfn.XLOOKUP($D63,'consolidated tracker'!$D:$D,'consolidated tracker'!P:P) -> 2.4696468e+08 | R63: =_xlfn.XLOOKUP($D63,'consolidated tracker'!$D:$D,'consolidated tracker'!Q:Q) -> 6.3850166e+08 | S63: =_xlfn.XLOOKUP($D63,'consolidated tracker'!$D:$D,'consolidated tracker'!R:R) -> 0 | T63: =_xlfn.XLOOKUP($D63,'consolidated tracker'!$D:$D,'consolidated tracker'!S:S) -> 0 | U63: =_xlfn.XLOOKUP($D63,'consolidated tracker'!$D:$D,'consolidated tracker'!T:T) -> 0 | V63: =_xlfn.XLOOKUP($D63,'consolidated tracker'!$D:$D,'consolidated tracker'!U:U) -> 0 | W63: =_xlfn.XLOOKUP($D63,'consolidated tracker'!$D:$D,'consolidated tracker'!V:V) -> 0 | X63: =_xlfn.XLOOKUP($D63,'consolidated tracker'!$D:$D,'consolidated tracker'!W:W) -> 0
D64: Skyvue Altier | E64: =_xlfn.XLOOKUP(D64,'consolidated tracker'!D:D,'consolidated tracker'!E:E) -> RERA | F64: 47664 | G64: =_xlfn.XLOOKUP(D64,'consolidated tracker'!D:D,'consolidated tracker'!F:F) -> 409 | H64: =_xlfn.XLOOKUP(D64,'consolidated tracker'!D:D,'consolidated tracker'!G:G) -> 9.0858327e+08 | I64: =_xlfn.XLOOKUP(D64,'consolidated tracker'!D:D,'consolidated tracker'!H:H) -> 1.6786756e+08 | J64: =_xlfn.XLOOKUP(D64,'consolidated tracker'!D:D,'consolidated tracker'!I:I) -> 1.5585835e+08 | K64: =_xlfn.XLOOKUP(D64,'consolidated tracker'!D:D,'consolidated tracker'!J:J) -> 6749464.5 | L64: =_xlfn.XLOOKUP(D64,'consolidated tracker'!D:D,'consolidated tracker'!K:K) -> 0.92846019 | M64: =_xlfn.XLOOKUP('consolidated - Offplan'!D64,'consolidated tracker'!D:D,'consolidated tracker'!L:L) -> 12009214 | N64: =_xlfn.XLOOKUP($D64,'consolidated tracker'!$D:$D,'consolidated tracker'!M:M) -> 7.3396624e+08 | O64: =_xlfn.XLOOKUP($D64,'consolidated tracker'!$D:$D,'consolidated tracker'!N:N) -> 65269416 | P64: =_xlfn.XLOOKUP($D64,'consolidated tracker'!$D:$D,'consolidated tracker'!O:O) -> 94552224 | Q64: =_xlfn.XLOOKUP($D64,'consolidated tracker'!$D:$D,'consolidated tracker'!P:P) -> 91430285 | R64: =_xlfn.XLOOKUP($D64,'consolidated tracker'!$D:$D,'consolidated tracker'!Q:Q) -> 1.0175791e+08 | S64: =_xlfn.XLOOKUP($D64,'consolidated tracker'!$D:$D,'consolidated tracker'!R:R) -> 3.8095641e+08 | T64: =_xlfn.XLOOKUP($D64,'consolidated tracker'!$D:$D,'consolidated tracker'!S:S) -> 0 | U64: =_xlfn.XLOOKUP($D64,'consolidated tracker'!$D:$D,'consolidated tracker'!T:T) -> 0 | V64: =_xlfn.XLOOKUP($D64,'consolidated tracker'!$D:$D,'consolidated tracker'!U:U) -> 0 | W64: =_xlfn.XLOOKUP($D64,'consolidated tracker'!$D:$D,'consolidated tracker'!V:V) -> 0 | X64: =_xlfn.XLOOKUP($D64,'consolidated tracker'!$D:$D,'consolidated tracker'!W:W) -> 0
C65: 17 | D65: Sobha Aquamont | E65: =_xlfn.XLOOKUP(D65,'consolidated tracker'!D:D,'consolidated tracker'!E:E) -> RERA | F65: - | G65: =_xlfn.XLOOKUP(D65,'consolidated tracker'!D:D,'consolidated tracker'!F:F) -> 708 | H65: =_xlfn.XLOOKUP(D65,'consolidated tracker'!D:D,'consolidated tracker'!G:G) -> 1.0002369e+09 | I65: =_xlfn.XLOOKUP(D65,'consolidated tracker'!D:D,'consolidated tracker'!H:H) -> 2.7891605e+08 | J65: =_xlfn.XLOOKUP(D65,'consolidated tracker'!D:D,'consolidated tracker'!I:I) -> 2.6291034e+08 | K65: =_xlfn.XLOOKUP(D65,'consolidated tracker'!D:D,'consolidated tracker'!J:J) -> 28797548 | L65: =_xlfn.XLOOKUP(D65,'consolidated tracker'!D:D,'consolidated tracker'!K:K) -> 0.94261461 | M65: =_xlfn.XLOOKUP('consolidated - Offplan'!D65,'consolidated tracker'!D:D,'consolidated tracker'!L:L) -> 16005707 | N65: =_xlfn.XLOOKUP($D65,'consolidated tracker'!$D:$D,'consolidated tracker'!M:M) -> 6.9252331e+08 | O65: =_xlfn.XLOOKUP($D65,'consolidated tracker'!$D:$D,'consolidated tracker'!N:N) -> 1.2974848e+08 | P65: =_xlfn.XLOOKUP($D65,'consolidated tracker'!$D:$D,'consolidated tracker'!O:O) -> 1.3631873e+08 | Q65: =_xlfn.XLOOKUP($D65,'consolidated tracker'!$D:$D,'consolidated tracker'!P:P) -> 4.264561e+08 | R65: =_xlfn.XLOOKUP($D65,'consolidated tracker'!$D:$D,'consolidated tracker'!Q:Q) -> 0 | S65: =_xlfn.XLOOKUP($D65,'consolidated tracker'!$D:$D,'consolidated tracker'!R:R) -> 0 | T65: =_xlfn.XLOOKUP($D65,'consolidated tracker'!$D:$D,'consolidated tracker'!S:S) -> 0 | U65: =_xlfn.XLOOKUP($D65,'consolidated tracker'!$D:$D,'consolidated tracker'!T:T) -> 0 | V65: =_xlfn.XLOOKUP($D65,'consolidated tracker'!$D:$D,'consolidated tracker'!U:U) -> 0 | W65: =_xlfn.XLOOKUP($D65,'consolidated tracker'!$D:$D,'consolidated tracker'!V:V) -> 0 | X65: =_xlfn.XLOOKUP($D65,'consolidated tracker'!$D:$D,'consolidated tracker'!W:W) -> 0
D66: Sobha Aquamont Tower A | E66: =_xlfn.XLOOKUP(D66,'consolidated tracker'!D:D,'consolidated tracker'!E:E) -> RERA | F66: 46934 | G66: =_xlfn.XLOOKUP(D66,'consolidated tracker'!D:D,'consolidated tracker'!F:F) -> 305 | H66: =_xlfn.XLOOKUP(D66,'consolidated tracker'!D:D,'consolidated tracker'!G:G) -> 4.3249561e+08 | I66: =_xlfn.XLOOKUP(D66,'consolidated tracker'!D:D,'consolidated tracker'!H:H) -> 1.1773882e+08 | J66: =_xlfn.XLOOKUP(D66,'consolidated tracker'!D:D,'consolidated tracker'!I:I) -> 1.1146071e+08 | K66: =_xlfn.XLOOKUP(D66,'consolidated tracker'!D:D,'consolidated tracker'!J:J) -> 17410617 | L66: =_xlfn.XLOOKUP(D66,'consolidated tracker'!D:D,'consolidated tracker'!K:K) -> 0.94667764 | M66: =_xlfn.XLOOKUP('consolidated - Offplan'!D66,'consolidated tracker'!D:D,'consolidated tracker'!L:L) -> 6278111.7 | N66: =_xlfn.XLOOKUP($D66,'consolidated tracker'!$D:$D,'consolidated tracker'!M:M) -> 2.9734618e+08 | O66: =_xlfn.XLOOKUP($D66,'consolidated tracker'!$D:$D,'consolidated tracker'!N:N) -> 53733960 | P66: =_xlfn.XLOOKUP($D66,'consolidated tracker'!$D:$D,'consolidated tracker'!O:O) -> 58853132 | Q66: =_xlfn.XLOOKUP($D66,'consolidated tracker'!$D:$D,'consolidated tracker'!P:P) -> 1.8475908e+08 | R66: =_xlfn.XLOOKUP($D66,'consolidated tracker'!$D:$D,'consolidated tracker'!Q:Q) -> 0 | S66: =_xlfn.XLOOKUP($D66,'consolidated tracker'!$D:$D,'consolidated tracker'!R:R) -> 0 | T66: =_xlfn.XLOOKUP($D66,'consolidated tracker'!$D:$D,'consolidated tracker'!S:S) -> 0 | U66: =_xlfn.XLOOKUP($D66,'consolidated tracker'!$D:$D,'consolidated tracker'!T:T) -> 0 | V66: =_xlfn.XLOOKUP($D66,'consolidated tracker'!$D:$D,'consolidated tracker'!U:U) -> 0 | W66: =_xlfn.XLOOKUP($D66,'consolidated tracker'!$D:$D,'consolidated tracker'!V:V) -> 0 | X66: =_xlfn.XLOOKUP($D66,'consolidated tracker'!$D:$D,'consolidated tracker'!W:W) -> 0
D67: Sobha Aquamont Tower B | E67: =_xlfn.XLOOKUP(D67,'consolidated tracker'!D:D,'consolidated tracker'!E:E) -> RERA | F67: 46934 | G67: =_xlfn.XLOOKUP(D67,'consolidated tracker'!D:D,'consolidated tracker'!F:F) -> 216 | H67: =_xlfn.XLOOKUP(D67,'consolidated tracker'!D:D,'consolidated tracker'!G:G) -> 3.0162992e+08 | I67: =_xlfn.XLOOKUP(D67,'consolidated tracker'!D:D,'consolidated tracker'!H:H) -> 82270210 | J67: =_xlfn.XLOOKUP(D67,'consolidated tracker'!D:D,'consolidated tracker'!I:I) -> 78228180 | K67: =_xlfn.XLOOKUP(D67,'consolidated tracker'!D:D,'consolidated tracker'!J:J) -> 6266361.2 | L67: =_xlfn.XLOOKUP(D67,'consolidated tracker'!D:D,'consolidated tracker'!K:K) -> 0.95086885 | M67: =_xlfn.XLOOKUP('consolidated - Offplan'!D67,'consolidated tracker'!D:D,'consolidated tracker'!L:L) -> 4042030.3 | N67: =_xlfn.XLOOKUP($D67,'consolidated tracker'!$D:$D,'consolidated tracker'!M:M) -> 2.1309335e+08 | O67: =_xlfn.XLOOKUP($D67,'consolidated tracker'!$D:$D,'consolidated tracker'!N:N) -> 39185502 | P67: =_xlfn.XLOOKUP($D67,'consolidated tracker'!$D:$D,'consolidated tracker'!O:O) -> 43208142 | Q67: =_xlfn.XLOOKUP($D67,'consolidated tracker'!$D:$D,'consolidated tracker'!P:P) -> 1.306997e+08 | R67: =_xlfn.XLOOKUP($D67,'consolidated tracker'!$D:$D,'consolidated tracker'!Q:Q) -> 0 | S67: =_xlfn.XLOOKUP($D67,'consolidated tracker'!$D:$D,'consolidated tracker'!R:R) -> 0 | T67: =_xlfn.XLOOKUP($D67,'consolidated tracker'!$D:$D,'consolidated tracker'!S:S) -> 0 | U67: =_xlfn.XLOOKUP($D67,'consolidated tracker'!$D:$D,'consolidated tracker'!T:T) -> 0 | V67: =_xlfn.XLOOKUP($D67,'consolidated tracker'!$D:$D,'consolidated tracker'!U:U) -> 0 | W67: =_xlfn.XLOOKUP($D67,'consolidated tracker'!$D:$D,'consolidated tracker'!V:V) -> 0 | X67: =_xlfn.XLOOKUP($D67,'consolidated tracker'!$D:$D,'consolidated tracker'!W:W) -> 0
D68: Sobha Aquamont Tower C | E68: =_xlfn.XLOOKUP(D68,'consolidated tracker'!D:D,'consolidated tracker'!E:E) -> RERA | F68: 46934 | G68: =_xlfn.XLOOKUP(D68,'consolidated tracker'!D:D,'consolidated tracker'!F:F) -> 187 | H68: =_xlfn.XLOOKUP(D68,'consolidated tracker'!D:D,'consolidated tracker'!G:G) -> 2.6611138e+08 | I68: =_xlfn.XLOOKUP(D68,'consolidated tracker'!D:D,'consolidated tracker'!H:H) -> 78907025 | J68: =_xlfn.XLOOKUP(D68,'consolidated tracker'!D:D,'consolidated tracker'!I:I) -> 73221460 | K68: =_xlfn.XLOOKUP(D68,'consolidated tracker'!D:D,'consolidated tracker'!J:J) -> 5120569.7 | L68: =_xlfn.XLOOKUP(D68,'consolidated tracker'!D:D,'consolidated tracker'!K:K) -> 0.92794602 | M68: =_xlfn.XLOOKUP('consolidated - Offplan'!D68,'consolidated tracker'!D:D,'consolidated tracker'!L:L) -> 5685565.3 | N68: =_xlfn.XLOOKUP($D68,'consolidated tracker'!$D:$D,'consolidated tracker'!M:M) -> 1.8208379e+08 | O68: =_xlfn.XLOOKUP($D68,'consolidated tracker'!$D:$D,'consolidated tracker'!N:N) -> 36829015 | P68: =_xlfn.XLOOKUP($D68,'consolidated tracker'!$D:$D,'consolidated tracker'!O:O) -> 34257458 | Q68: =_xlfn.XLOOKUP($D68,'consolidated tracker'!$D:$D,'consolidated tracker'!P:P) -> 1.1099731e+08 | R68: =_xlfn.XLOOKUP($D68,'consolidated tracker'!$D:$D,'consolidated tracker'!Q:Q) -> 0 | S68: =_xlfn.XLOOKUP($D68,'consolidated tracker'!$D:$D,'consolidated tracker'!R:R) -> 0 | T68: =_xlfn.XLOOKUP($D68,'consolidated tracker'!$D:$D,'consolidated tracker'!S:S) -> 0 | U68: =_xlfn.XLOOKUP($D68,'consolidated tracker'!$D:$D,'consolidated tracker'!T:T) -> 0 | V68: =_xlfn.XLOOKUP($D68,'consolidated tracker'!$D:$D,'consolidated tracker'!U:U) -> 0 | W68: =_xlfn.XLOOKUP($D68,'consolidated tracker'!$D:$D,'consolidated tracker'!V:V) -> 0 | X68: =_xlfn.XLOOKUP($D68,'consolidated tracker'!$D:$D,'consolidated tracker'!W:W) -> 0
C69: 18 | D69: The Horizon | E69: =_xlfn.XLOOKUP(D69,'consolidated tracker'!D:D,'consolidated tracker'!E:E) -> RERA | F69: 47483 | G69: =_xlfn.XLOOKUP(D69,'consolidated tracker'!D:D,'consolidated tracker'!F:F) -> 672 | H69: =_xlfn.XLOOKUP(D69,'consolidated tracker'!D:D,'consolidated tracker'!G:G) -> 1.5993667e+09 | I69: =_xlfn.XLOOKUP(D69,'consolidated tracker'!D:D,'consolidated tracker'!H:H) -> 3.1557997e+08 | J69: =_xlfn.XLOOKUP(D69,'consolidated tracker'!D:D,'consolidated tracker'!I:I) -> 3.0975731e+08 | K69: =_xlfn.XLOOKUP(D69,'consolidated tracker'!D:D,'consolidated tracker'!J:J) -> 47734481 | L69: =_xlfn.XLOOKUP(D69,'consolidated tracker'!D:D,'consolidated tracker'!K:K) -> 0.98154933 | M69: =_xlfn.XLOOKUP('consolidated - Offplan'!D69,'consolidated tracker'!D:D,'consolidated tracker'!L:L) -> 5822662.3 | N69: =_xlfn.XLOOKUP($D69,'consolidated tracker'!$D:$D,'consolidated tracker'!M:M) -> 1.2360522e+09 | O69: =_xlfn.XLOOKUP($D69,'consolidated tracker'!$D:$D,'consolidated tracker'!N:N) -> 1.330712e+08 | P69: =_xlfn.XLOOKUP($D69,'consolidated tracker'!$D:$D,'consolidated tracker'!O:O) -> 1.5441742e+08 | Q69: =_xlfn.XLOOKUP($D69,'consolidated tracker'!$D:$D,'consolidated tracker'!P:P) -> 2.5459207e+08 | R69: =_xlfn.XLOOKUP($D69,'consolidated tracker'!$D:$D,'consolidated tracker'!Q:Q) -> 6.9397151e+08 | S69: =_xlfn.XLOOKUP($D69,'consolidated tracker'!$D:$D,'consolidated tracker'!R:R) -> 0 | T69: =_xlfn.XLOOKUP($D69,'consolidated tracker'!$D:$D,'consolidated tracker'!S:S) -> 0 | U69: =_xlfn.XLOOKUP($D69,'consolidated tracker'!$D:$D,'consolidated tracker'!T:T) -> 0 | V69: =_xlfn.XLOOKUP($D69,'consolidated tracker'!$D:$D,'consolidated tracker'!U:U) -> 0 | W69: =_xlfn.XLOOKUP($D69,'consolidated tracker'!$D:$D,'consolidated tracker'!V:V) -> 0 | X69: =_xlfn.XLOOKUP($D69,'consolidated tracker'!$D:$D,'consolidated tracker'!W:W) -> 0
C70: 19 | D70: The Eden | E70: =_xlfn.XLOOKUP(D70,'consolidated tracker'!D:D,'consolidated tracker'!E:E) -> RERA | F70: 47483 | G70: =_xlfn.XLOOKUP(D70,'consolidated tracker'!D:D,'consolidated tracker'!F:F) -> 368 | H70: =_xlfn.XLOOKUP(D70,'consolidated tracker'!D:D,'consolidated tracker'!G:G) -> 8.1500675e+08 | I70: =_xlfn.XLOOKUP(D70,'consolidated tracker'!D:D,'consolidated tracker'!H:H) -> 1.6240831e+08 | J70: =_xlfn.XLOOKUP(D70,'consolidated tracker'!D:D,'consolidated tracker'!I:I) -> 1.5982302e+08 | K70: =_xlfn.XLOOKUP(D70,'consolidated tracker'!D:D,'consolidated tracker'!J:J) -> 9155167.1 | L70: =_xlfn.XLOOKUP(D70,'consolidated tracker'!D:D,'consolidated tracker'!K:K) -> 0.98408153 | M70: =_xlfn.XLOOKUP('consolidated - Offplan'!D70,'consolidated tracker'!D:D,'consolidated tracker'!L:L) -> 2585292.5 | N70: =_xlfn.XLOOKUP($D70,'consolidated tracker'!$D:$D,'consolidated tracker'!M:M) -> 6.4344327e+08 | O70: =_xlfn.XLOOKUP($D70,'consolidated tracker'!$D:$D,'consolidated tracker'!N:N) -> 72696839 | P70: =_xlfn.XLOOKUP($D70,'consolidated tracker'!$D:$D,'consolidated tracker'!O:O) -> 79684749 | Q70: =_xlfn.XLOOKUP($D70,'consolidated tracker'!$D:$D,'consolidated tracker'!P:P) -> 1.279795e+08 | R70: =_xlfn.XLOOKUP($D70,'consolidated tracker'!$D:$D,'consolidated tracker'!Q:Q) -> 3.6308219e+08 | S70: =_xlfn.XLOOKUP($D70,'consolidated tracker'!$D:$D,'consolidated tracker'!R:R) -> 0 | T70: =_xlfn.XLOOKUP($D70,'consolidated tracker'!$D:$D,'consolidated tracker'!S:S) -> 0 | U70: =_xlfn.XLOOKUP($D70,'consolidated tracker'!$D:$D,'consolidated tracker'!T:T) -> 0 | V70: =_xlfn.XLOOKUP($D70,'consolidated tracker'!$D:$D,'consolidated tracker'!U:U) -> 0 | W70: =_xlfn.XLOOKUP($D70,'consolidated tracker'!$D:$D,'consolidated tracker'!V:V) -> 0 | X70: =_xlfn.XLOOKUP($D70,'consolidated tracker'!$D:$D,'consolidated tracker'!W:W) -> 0
C71: 20 | D71: Siniya Beach Residences | E71: =_xlfn.XLOOKUP(D71,'consolidated tracker'!D:D,'consolidated tracker'!E:E) -> RERA | F71: - | G71: =_xlfn.XLOOKUP(D71,'consolidated tracker'!D:D,'consolidated tracker'!F:F) -> 3423 | H71: =_xlfn.XLOOKUP(D71,'consolidated tracker'!D:D,'consolidated tracker'!G:G) -> 6.1118755e+09 | I71: =_xlfn.XLOOKUP(D71,'consolidated tracker'!D:D,'consolidated tracker'!H:H) -> 2.2976166e+09 | J71: =_xlfn.XLOOKUP(D71,'consolidated tracker'!D:D,'consolidated tracker'!I:I) -> 2.1922177e+09 | K71: =_xlfn.XLOOKUP(D71,'consolidated tracker'!D:D,'consolidated tracker'!J:J) -> 1.4856391e+08 | L71: =_xlfn.XLOOKUP(D71,'consolidated tracker'!D:D,'consolidated tracker'!K:K) -> 0.95412685 | M71: =_xlfn.XLOOKUP('consolidated - Offplan'!D71,'consolidated tracker'!D:D,'consolidated tracker'!L:L) -> 1.054913e+08 | N71: =_xlfn.XLOOKUP($D71,'consolidated tracker'!$D:$D,'consolidated tracker'!M:M) -> 3.6656949e+09 | O71: =_xlfn.XLOOKUP($D71,'consolidated tracker'!$D:$D,'consolidated tracker'!N:N) -> 7.0620355e+08 | P71: =_xlfn.XLOOKUP($D71,'consolidated tracker'!$D:$D,'consolidated tracker'!O:O) -> 1.1232064e+09 | Q71: =_xlfn.XLOOKUP($D71,'consolidated tracker'!$D:$D,'consolidated tracker'!P:P) -> 1351594632 | R71: =_xlfn.XLOOKUP($D71,'consolidated tracker'!$D:$D,'consolidated tracker'!Q:Q) -> 4.4728921e+08 | S71: =_xlfn.XLOOKUP($D71,'consolidated tracker'!$D:$D,'consolidated tracker'!R:R) -> 37401087 | T71: =_xlfn.XLOOKUP($D71,'consolidated tracker'!$D:$D,'consolidated tracker'!S:S) -> 0 | U71: =_xlfn.XLOOKUP($D71,'consolidated tracker'!$D:$D,'consolidated tracker'!T:T) -> 0 | V71: =_xlfn.XLOOKUP($D71,'consolidated tracker'!$D:$D,'consolidated tracker'!U:U) -> 0 | W71: =_xlfn.XLOOKUP($D71,'consolidated tracker'!$D:$D,'consolidated tracker'!V:V) -> 0 | X71: =_xlfn.XLOOKUP($D71,'consolidated tracker'!$D:$D,'consolidated tracker'!W:W) -> 0
D72: Selene Beach Residences | E72: =_xlfn.XLOOKUP(D72,'consolidated tracker'!D:D,'consolidated tracker'!E:E) -> RERA | F72: - | G72: =_xlfn.XLOOKUP(D72,'consolidated tracker'!D:D,'consolidated tracker'!F:F) -> 527 | H72: =_xlfn.XLOOKUP(D72,'consolidated tracker'!D:D,'consolidated tracker'!G:G) -> 8.5199094e+08 | I72: =_xlfn.XLOOKUP(D72,'consolidated tracker'!D:D,'consolidated tracker'!H:H) -> 3.8976874e+08 | J72: =_xlfn.XLOOKUP(D72,'consolidated tracker'!D:D,'consolidated tracker'!I:I) -> 3.7460768e+08 | K72: =_xlfn.XLOOKUP(D72,'consolidated tracker'!D:D,'consolidated tracker'!J:J) -> 13696896 | L72: =_xlfn.XLOOKUP(D72,'consolidated tracker'!D:D,'consolidated tracker'!K:K) -> 0.96110241 | M72: =_xlfn.XLOOKUP('consolidated - Offplan'!D72,'consolidated tracker'!D:D,'consolidated tracker'!L:L) -> 15161066 | N72: =_xlfn.XLOOKUP($D72,'consolidated tracker'!$D:$D,'consolidated tracker'!M:M) -> 4.4852531e+08 | O72: =_xlfn.XLOOKUP($D72,'consolidated tracker'!$D:$D,'consolidated tracker'!N:N) -> 87772944 | P72: =_xlfn.XLOOKUP($D72,'consolidated tracker'!$D:$D,'consolidated tracker'!O:O) -> 3.6075236e+08 | Q72: =_xlfn.XLOOKUP($D72,'consolidated tracker'!$D:$D,'consolidated tracker'!P:P) -> 0 | R72: =_xlfn.XLOOKUP($D72,'consolidated tracker'!$D:$D,'consolidated tracker'!Q:Q) -> 0 | S72: =_xlfn.XLOOKUP($D72,'consolidated tracker'!$D:$D,'consolidated tracker'!R:R) -> 0 | T72: =_xlfn.XLOOKUP($D72,'consolidated tracker'!$D:$D,'consolidated tracker'!S:S) -> 0 | U72: =_xlfn.XLOOKUP($D72,'consolidated tracker'!$D:$D,'consolidated tracker'!T:T) -> 0 | V72: =_xlfn.XLOOKUP($D72,'consolidated tracker'!$D:$D,'consolidated tracker'!U:U) -> 0 | W72: =_xlfn.XLOOKUP($D72,'consolidated tracker'!$D:$D,'consolidated tracker'!V:V) -> 0 | X72: =_xlfn.XLOOKUP($D72,'consolidated tracker'!$D:$D,'consolidated tracker'!W:W) -> 0
D73: Selene Beach Residences Tower A | E73: =_xlfn.XLOOKUP(D73,'consolidated tracker'!D:D,'consolidated tracker'!E:E) -> RERA | F73: 46752 | G73: =_xlfn.XLOOKUP(D73,'consolidated tracker'!D:D,'consolidated tracker'!F:F) -> 113 | H73: =_xlfn.XLOOKUP(D73,'consolidated tracker'!D:D,'consolidated tracker'!G:G) -> 1.7071664e+08 | I73: =_xlfn.XLOOKUP(D73,'consolidated tracker'!D:D,'consolidated tracker'!H:H) -> 77822635 | J73: =_xlfn.XLOOKUP(D73,'consolidated tracker'!D:D,'consolidated tracker'!I:I) -> 74900557 | K73: =_xlfn.XLOOKUP(D73,'consolidated tracker'!D:D,'consolidated tracker'!J:J) -> 1929415.8 | L73: =_xlfn.XLOOKUP(D73,'consolidated tracker'!D:D,'consolidated tracker'!K:K) -> 0.96245208 | M73: =_xlfn.XLOOKUP('consolidated - Offplan'!D73,'consolidated tracker'!D:D,'consolidated tracker'!L:L) -> 2922078 | N73: =_xlfn.XLOOKUP($D73,'consolidated tracker'!$D:$D,'consolidated tracker'!M:M) -> 90964592 | O73: =_xlfn.XLOOKUP($D73,'consolidated tracker'!$D:$D,'consolidated tracker'!N:N) -> 18811683 | P73: =_xlfn.XLOOKUP($D73,'consolidated tracker'!$D:$D,'consolidated tracker'!O:O) -> 72152908 | Q73: =_xlfn.XLOOKUP($D73,'consolidated tracker'!$D:$D,'consolidated tracker'!P:P) -> 0 | R73: =_xlfn.XLOOKUP($D73,'consolidated tracker'!$D:$D,'consolidated tracker'!Q:Q) -> 0 | S73: =_xlfn.XLOOKUP($D73,'consolidated tracker'!$D:$D,'consolidated tracker'!R:R) -> 0 | T73: =_xlfn.XLOOKUP($D73,'consolidated tracker'!$D:$D,'consolidated tracker'!S:S) -> 0 | U73: =_xlfn.XLOOKUP($D73,'consolidated tracker'!$D:$D,'consolidated tracker'!T:T) -> 0 | V73: =_xlfn.XLOOKUP($D73,'consolidated tracker'!$D:$D,'consolidated tracker'!U:U) -> 0 | W73: =_xlfn.XLOOKUP($D73,'consolidated tracker'!$D:$D,'consolidated tracker'!V:V) -> 0 | X73: =_xlfn.XLOOKUP($D73,'consolidated tracker'!$D:$D,'consolidated tracker'!W:W) -> 0
D74: Selene Beach Residences Tower B | E74: =_xlfn.XLOOKUP(D74,'consolidated tracker'!D:D,'consolidated tracker'!E:E) -> RERA | F74: 46752 | G74: =_xlfn.XLOOKUP(D74,'consolidated tracker'!D:D,'consolidated tracker'!F:F) -> 281 | H74: =_xlfn.XLOOKUP(D74,'consolidated tracker'!D:D,'consolidated tracker'!G:G) -> 4.0669181e+08 | I74: =_xlfn.XLOOKUP(D74,'consolidated tracker'!D:D,'consolidated tracker'!H:H) -> 1.8719885e+08 | J74: =_xlfn.XLOOKUP(D74,'consolidated tracker'!D:D,'consolidated tracker'!I:I) -> 1.7930875e+08 | K74: =_xlfn.XLOOKUP(D74,'consolidated tracker'!D:D,'consolidated tracker'!J:J) -> 4535574.1 | L74: =_xlfn.XLOOKUP(D74,'consolidated tracker'!D:D,'consolidated tracker'!K:K) -> 0.95785178 | M74: =_xlfn.XLOOKUP('consolidated - Offplan'!D74,'consolidated tracker'!D:D,'consolidated tracker'!L:L) -> 7890097.5 | N74: =_xlfn.XLOOKUP($D74,'consolidated tracker'!$D:$D,'consolidated tracker'!M:M) -> 2.1495739e+08 | O74: =_xlfn.XLOOKUP($D74,'consolidated tracker'!$D:$D,'consolidated tracker'!N:N) -> 40717953 | P74: =_xlfn.XLOOKUP($D74,'consolidated tracker'!$D:$D,'consolidated tracker'!O:O) -> 1.7423944e+08 | Q74: =_xlfn.XLOOKUP($D74,'consolidated tracker'!$D:$D,'consolidated tracker'!P:P) -> 0 | R74: =_xlfn.XLOOKUP($D74,'consolidated tracker'!$D:$D,'consolidated tracker'!Q:Q) -> 0 | S74: =_xlfn.XLOOKUP($D74,'consolidated tracker'!$D:$D,'consolidated tracker'!R:R) -> 0 | T74: =_xlfn.XLOOKUP($D74,'consolidated tracker'!$D:$D,'consolidated tracker'!S:S) -> 0 | U74: =_xlfn.XLOOKUP($D74,'consolidated tracker'!$D:$D,'consolidated tracker'!T:T) -> 0 | V74: =_xlfn.XLOOKUP($D74,'consolidated tracker'!$D:$D,'consolidated tracker'!U:U) -> 0 | W74: =_xlfn.XLOOKUP($D74,'consolidated tracker'!$D:$D,'consolidated tracker'!V:V) -> 0 | X74: =_xlfn.XLOOKUP($D74,'consolidated tracker'!$D:$D,'consolidated tracker'!W:W) -> 0
D75: Selene Beach Residences Tower C | E75: =_xlfn.XLOOKUP(D75,'consolidated tracker'!D:D,'consolidated tracker'!E:E) -> RERA | F75: 46752 | G75: =_xlfn.XLOOKUP(D75,'consolidated tracker'!D:D,'consolidated tracker'!F:F) -> 109 | H75: =_xlfn.XLOOKUP(D75,'consolidated tracker'!D:D,'consolidated tracker'!G:G) -> 1.7305846e+08 | I75: =_xlfn.XLOOKUP(D75,'consolidated tracker'!D:D,'consolidated tracker'!H:H) -> 78637603 | J75: =_xlfn.XLOOKUP(D75,'consolidated tracker'!D:D,'consolidated tracker'!I:I) -> 75648737 | K75: =_xlfn.XLOOKUP(D75,'consolidated tracker'!D:D,'consolidated tracker'!J:J) -> 3575929.5 | L75: =_xlfn.XLOOKUP(D75,'consolidated tracker'!D:D,'consolidated tracker'!K:K) -> 0.9619919 | M75: =_xlfn.XLOOKUP('consolidated - Offplan'!D75,'consolidated tracker'!D:D,'consolidated tracker'!L:L) -> 2988866 | N75: =_xlfn.XLOOKUP($D75,'consolidated tracker'!$D:$D,'consolidated tracker'!M:M) -> 90844931 | O75: =_xlfn.XLOOKUP($D75,'consolidated tracker'!$D:$D,'consolidated tracker'!N:N) -> 18186742 | P75: =_xlfn.XLOOKUP($D75,'consolidated tracker'!$D:$D,'consolidated tracker'!O:O) -> 72658189 | Q75: =_xlfn.XLOOKUP($D75,'consolidated tracker'!$D:$D,'consolidated tracker'!P:P) -> 0 | R75: =_xlfn.XLOOKUP($D75,'consolidated tracker'!$D:$D,'consolidated tracker'!Q:Q) -> 0 | S75: =_xlfn.XLOOKUP($D75,'consolidated tracker'!$D:$D,'consolidated tracker'!R:R) -> 0 | T75: =_xlfn.XLOOKUP($D75,'consolidated tracker'!$D:$D,'consolidated tracker'!S:S) -> 0 | U75: =_xlfn.XLOOKUP($D75,'consolidated tracker'!$D:$D,'consolidated tracker'!T:T) -> 0 | V75: =_xlfn.XLOOKUP($D75,'consolidated tracker'!$D:$D,'consolidated tracker'!U:U) -> 0 | W75: =_xlfn.XLOOKUP($D75,'consolidated tracker'!$D:$D,'consolidated tracker'!V:V) -> 0 | X75: =_xlfn.XLOOKUP($D75,'consolidated tracker'!$D:$D,'consolidated tracker'!W:W) -> 0
D76: Selene Beach Residences Tower D | E76: =_xlfn.XLOOKUP(D76,'consolidated tracker'!D:D,'consolidated tracker'!E:E) -> RERA | F76: 46752 | G76: =_xlfn.XLOOKUP(D76,'consolidated tracker'!D:D,'consolidated tracker'!F:F) -> 24 | H76: =_xlfn.XLOOKUP(D76,'consolidated tracker'!D:D,'consolidated tracker'!G:G) -> 1.0152403e+08 | I76: =_xlfn.XLOOKUP(D76,'consolidated tracker'!D:D,'consolidated tracker'!H:H) -> 46109658 | J76: =_xlfn.XLOOKUP(D76,'consolidated tracker'!D:D,'consolidated tracker'!I:I) -> 44749634 | K76: =_xlfn.XLOOKUP(D76,'consolidated tracker'!D:D,'consolidated tracker'!J:J) -> 3655976.6 | L76: =_xlfn.XLOOKUP(D76,'consolidated tracker'!D:D,'consolidated tracker'!K:K) -> 0.97050456 | M76: =_xlfn.XLOOKUP('consolidated - Offplan'!D76,'consolidated tracker'!D:D,'consolidated tracker'!L:L) -> 1360024.5 | N76: =_xlfn.XLOOKUP($D76,'consolidated tracker'!$D:$D,'consolidated tracker'!M:M) -> 51758394 | O76: =_xlfn.XLOOKUP($D76,'consolidated tracker'!$D:$D,'consolidated tracker'!N:N) -> 10056566 | P76: =_xlfn.XLOOKUP($D76,'consolidated tracker'!$D:$D,'consolidated tracker'!O:O) -> 41701827 | Q76: =_xlfn.XLOOKUP($D76,'consolidated tracker'!$D:$D,'consolidated tracker'!P:P) -> 0 | R76: =_xlfn.XLOOKUP($D76,'consolidated tracker'!$D:$D,'consolidated tracker'!Q:Q) -> 0 | S76: =_xlfn.XLOOKUP($D76,'consolidated tracker'!$D:$D,'consolidated tracker'!R:R) -> 0 | T76: =_xlfn.XLOOKUP($D76,'consolidated tracker'!$D:$D,'consolidated tracker'!S:S) -> 0 | U76: =_xlfn.XLOOKUP($D76,'consolidated tracker'!$D:$D,'consolidated tracker'!T:T) -> 0 | V76: =_xlfn.XLOOKUP($D76,'consolidated tracker'!$D:$D,'consolidated tracker'!U:U) -> 0 | W76: =_xlfn.XLOOKUP($D76,'consolidated tracker'!$D:$D,'consolidated tracker'!V:V) -> 0 | X76: =_xlfn.XLOOKUP($D76,'consolidated tracker'!$D:$D,'consolidated tracker'!W:W) -> 0
D77: Delphine Beach Residences | E77: =_xlfn.XLOOKUP(D77,'consolidated tracker'!D:D,'consolidated tracker'!E:E) -> RERA | F77: - | G77: =_xlfn.XLOOKUP(D77,'consolidated tracker'!D:D,'consolidated tracker'!F:F) -> 569 | H77: =_xlfn.XLOOKUP(D77,'consolidated tracker'!D:D,'consolidated tracker'!G:G) -> 9.0410227e+08 | I77: =_xlfn.XLOOKUP(D77,'consolidated tracker'!D:D,'consolidated tracker'!H:H) -> 3.9173495e+08 | J77: =_xlfn.XLOOKUP(D77,'consolidated tracker'!D:D,'consolidated tracker'!I:I) -> 3.7029348e+08 | K77: =_xlfn.XLOOKUP(D77,'consolidated tracker'!D:D,'consolidated tracker'!J:J) -> 20594348 | L77: =_xlfn.XLOOKUP(D77,'consolidated tracker'!D:D,'consolidated tracker'!K:K) -> 0.94526536 | M77: =_xlfn.XLOOKUP('consolidated - Offplan'!D77,'consolidated tracker'!D:D,'consolidated tracker'!L:L) -> 21441470 | N77: =_xlfn.XLOOKUP($D77,'consolidated tracker'!$D:$D,'consolidated tracker'!M:M) -> 4.9177297e+08 | O77: =_xlfn.XLOOKUP($D77,'consolidated tracker'!$D:$D,'consolidated tracker'!N:N) -> 96649186 | P77: =_xlfn.XLOOKUP($D77,'consolidated tracker'!$D:$D,'consolidated tracker'!O:O) -> 3.9512378e+08 | Q77: =_xlfn.XLOOKUP($D77,'consolidated tracker'!$D:$D,'consolidated tracker'!P:P) -> 0 | R77: =_xlfn.XLOOKUP($D77,'consolidated tracker'!$D:$D,'consolidated tracker'!Q:Q) -> 0 | S77: =_xlfn.XLOOKUP($D77,'consolidated tracker'!$D:$D,'consolidated tracker'!R:R) -> 0 | T77: =_xlfn.XLOOKUP($D77,'consolidated tracker'!$D:$D,'consolidated tracker'!S:S) -> 0 | U77: =_xlfn.XLOOKUP($D77,'consolidated tracker'!$D:$D,'consolidated tracker'!T:T) -> 0 | V77: =_xlfn.XLOOKUP($D77,'consolidated tracker'!$D:$D,'consolidated tracker'!U:U) -> 0 | W77: =_xlfn.XLOOKUP($D77,'consolidated tracker'!$D:$D,'consolidated tracker'!V:V) -> 0 | X77: =_xlfn.XLOOKUP($D77,'consolidated tracker'!$D:$D,'consolidated tracker'!W:W) -> 0
D78: Delphine Beach Residences Tower A | E78: =_xlfn.XLOOKUP(D78,'consolidated tracker'!D:D,'consolidated tracker'!E:E) -> RERA | F78: 46752 | G78: =_xlfn.XLOOKUP(D78,'consolidated tracker'!D:D,'consolidated tracker'!F:F) -> 116 | H78: =_xlfn.XLOOKUP(D78,'consolidated tracker'!D:D,'consolidated tracker'!G:G) -> 1.7968237e+08 | I78: =_xlfn.XLOOKUP(D78,'consolidated tracker'!D:D,'consolidated tracker'!H:H) -> 72327717 | J78: =_xlfn.XLOOKUP(D78,'consolidated tracker'!D:D,'consolidated tracker'!I:I) -> 69967059 | K78: =_xlfn.XLOOKUP(D78,'consolidated tracker'!D:D,'consolidated tracker'!J:J) -> 6384912.4 | L78: =_xlfn.XLOOKUP(D78,'consolidated tracker'!D:D,'consolidated tracker'!K:K) -> 0.96736164 | M78: =_xlfn.XLOOKUP('consolidated - Offplan'!D78,'consolidated tracker'!D:D,'consolidated tracker'!L:L) -> 2360657.7 | N78: =_xlfn.XLOOKUP($D78,'consolidated tracker'!$D:$D,'consolidated tracker'!M:M) -> 1.0096975e+08 | O78: =_xlfn.XLOOKUP($D78,'consolidated tracker'!$D:$D,'consolidated tracker'!N:N) -> 20010003 | P78: =_xlfn.XLOOKUP($D78,'consolidated tracker'!$D:$D,'consolidated tracker'!O:O) -> 80959742 | Q78: =_xlfn.XLOOKUP($D78,'consolidated tracker'!$D:$D,'consolidated tracker'!P:P) -> 0 | R78: =_xlfn.XLOOKUP($D78,'consolidated tracker'!$D:$D,'consolidated tracker'!Q:Q) -> 0 | S78: =_xlfn.XLOOKUP($D78,'consolidated tracker'!$D:$D,'consolidated tracker'!R:R) -> 0 | T78: =_xlfn.XLOOKUP($D78,'consolidated tracker'!$D:$D,'consolidated tracker'!S:S) -> 0 | U78: =_xlfn.XLOOKUP($D78,'consolidated tracker'!$D:$D,'consolidated tracker'!T:T) -> 0 | V78: =_xlfn.XLOOKUP($D78,'consolidated tracker'!$D:$D,'consolidated tracker'!U:U) -> 0 | W78: =_xlfn.XLOOKUP($D78,'consolidated tracker'!$D:$D,'consolidated tracker'!V:V) -> 0 | X78: =_xlfn.XLOOKUP($D78,'consolidated tracker'!$D:$D,'consolidated tracker'!W:W) -> 0
D79: Delphine Beach Residences Tower B | E79: =_xlfn.XLOOKUP(D79,'consolidated tracker'!D:D,'consolidated tracker'!E:E) -> RERA | F79: 46752 | G79: =_xlfn.XLOOKUP(D79,'consolidated tracker'!D:D,'consolidated tracker'!F:F) -> 311 | H79: =_xlfn.XLOOKUP(D79,'consolidated tracker'!D:D,'consolidated tracker'!G:G) -> 4.4794953e+08 | I79: =_xlfn.XLOOKUP(D79,'consolidated tracker'!D:D,'consolidated tracker'!H:H) -> 2.0156113e+08 | J79: =_xlfn.XLOOKUP(D79,'consolidated tracker'!D:D,'consolidated tracker'!I:I) -> 1.9117032e+08 | K79: =_xlfn.XLOOKUP(D79,'consolidated tracker'!D:D,'consolidated tracker'!J:J) -> 8429377.6 | L79: =_xlfn.XLOOKUP(D79,'consolidated tracker'!D:D,'consolidated tracker'!K:K) -> 0.94844836 | M79: =_xlfn.XLOOKUP('consolidated - Offplan'!D79,'consolidated tracker'!D:D,'consolidated tracker'!L:L) -> 10390806 | N79: =_xlfn.XLOOKUP($D79,'consolidated tracker'!$D:$D,'consolidated tracker'!M:M) -> 2.3795903e+08 | O79: =_xlfn.XLOOKUP($D79,'consolidated tracker'!$D:$D,'consolidated tracker'!N:N) -> 49727490 | P79: =_xlfn.XLOOKUP($D79,'consolidated tracker'!$D:$D,'consolidated tracker'!O:O) -> 1.8823153e+08 | Q79: =_xlfn.XLOOKUP($D79,'consolidated tracker'!$D:$D,'consolidated tracker'!P:P) -> 0 | R79: =_xlfn.XLOOKUP($D79,'consolidated tracker'!$D:$D,'consolidated tracker'!Q:Q) -> 0 | S79: =_xlfn.XLOOKUP($D79,'consolidated tracker'!$D:$D,'consolidated tracker'!R:R) -> 0 | T79: =_xlfn.XLOOKUP($D79,'consolidated tracker'!$D:$D,'consolidated tracker'!S:S) -> 0 | U79: =_xlfn.XLOOKUP($D79,'consolidated tracker'!$D:$D,'consolidated tracker'!T:T) -> 0 | V79: =_xlfn.XLOOKUP($D79,'consolidated tracker'!$D:$D,'consolidated tracker'!U:U) -> 0 | W79: =_xlfn.XLOOKUP($D79,'consolidated tracker'!$D:$D,'consolidated tracker'!V:V) -> 0 | X79: =_xlfn.XLOOKUP($D79,'consolidated tracker'!$D:$D,'consolidated tracker'!W:W) -> 0
D80: Delphine Beach Residences Tower C | E80: =_xlfn.XLOOKUP(D80,'consolidated tracker'!D:D,'consolidated tracker'!E:E) -> RERA | F80: 46752 | G80: =_xlfn.XLOOKUP(D80,'consolidated tracker'!D:D,'consolidated tracker'!F:F) -> 116 | H80: =_xlfn.XLOOKUP(D80,'consolidated tracker'!D:D,'consolidated tracker'!G:G) -> 1.8920977e+08 | I80: =_xlfn.XLOOKUP(D80,'consolidated tracker'!D:D,'consolidated tracker'!H:H) -> 81575395 | J80: =_xlfn.XLOOKUP(D80,'consolidated tracker'!D:D,'consolidated tracker'!I:I) -> 75503179 | K80: =_xlfn.XLOOKUP(D80,'consolidated tracker'!D:D,'consolidated tracker'!J:J) -> 4921086.6 | L80: =_xlfn.XLOOKUP(D80,'consolidated tracker'!D:D,'consolidated tracker'!K:K) -> 0.92556315 | M80: =_xlfn.XLOOKUP('consolidated - Offplan'!D80,'consolidated tracker'!D:D,'consolidated tracker'!L:L) -> 6072215.2 | N80: =_xlfn.XLOOKUP($D80,'consolidated tracker'!$D:$D,'consolidated tracker'!M:M) -> 1.0271328e+08 | O80: =_xlfn.XLOOKUP($D80,'consolidated tracker'!$D:$D,'consolidated tracker'!N:N) -> 18442865 | P80: =_xlfn.XLOOKUP($D80,'consolidated tracker'!$D:$D,'consolidated tracker'!O:O) -> 84270420 | Q80: =_xlfn.XLOOKUP($D80,'consolidated tracker'!$D:$D,'consolidated tracker'!P:P) -> 0 | R80: =_xlfn.XLOOKUP($D80,'consolidated tracker'!$D:$D,'consolidated tracker'!Q:Q) -> 0 | S80: =_xlfn.XLOOKUP($D80,'consolidated tracker'!$D:$D,'consolidated tracker'!R:R) -> 0 | T80: =_xlfn.XLOOKUP($D80,'consolidated tracker'!$D:$D,'consolidated tracker'!S:S) -> 0 | U80: =_xlfn.XLOOKUP($D80,'consolidated tracker'!$D:$D,'consolidated tracker'!T:T) -> 0 | V80: =_xlfn.XLOOKUP($D80,'consolidated tracker'!$D:$D,'consolidated tracker'!U:U) -> 0 | W80: =_xlfn.XLOOKUP($D80,'consolidated tracker'!$D:$D,'consolidated tracker'!V:V) -> 0 | X80: =_xlfn.XLOOKUP($D80,'consolidated tracker'!$D:$D,'consolidated tracker'!W:W) -> 0
D81: Delphine Beach Residences Tower D | E81: =_xlfn.XLOOKUP(D81,'consolidated tracker'!D:D,'consolidated tracker'!E:E) -> RERA | F81: 46752 | G81: =_xlfn.XLOOKUP(D81,'consolidated tracker'!D:D,'consolidated tracker'!F:F) -> 26 | H81: =_xlfn.XLOOKUP(D81,'consolidated tracker'!D:D,'consolidated tracker'!G:G) -> 87260599 | I81: =_xlfn.XLOOKUP(D81,'consolidated tracker'!D:D,'consolidated tracker'!H:H) -> 36270716 | J81: =_xlfn.XLOOKUP(D81,'consolidated tracker'!D:D,'consolidated tracker'!I:I) -> 33652925 | K81: =_xlfn.XLOOKUP(D81,'consolidated tracker'!D:D,'consolidated tracker'!J:J) -> 858971.82 | L81: =_xlfn.XLOOKUP(D81,'consolidated tracker'!D:D,'consolidated tracker'!K:K) -> 0.92782632 | M81: =_xlfn.XLOOKUP('consolidated - Offplan'!D81,'consolidated tracker'!D:D,'consolidated tracker'!L:L) -> 2617790.9 | N81: =_xlfn.XLOOKUP($D81,'consolidated tracker'!$D:$D,'consolidated tracker'!M:M) -> 50130912 | O81: =_xlfn.XLOOKUP($D81,'consolidated tracker'!$D:$D,'consolidated tracker'!N:N) -> 8468827.6 | P81: =_xlfn.XLOOKUP($D81,'consolidated tracker'!$D:$D,'consolidated tracker'!O:O) -> 41662084 | Q81: =_xlfn.XLOOKUP($D81,'consolidated tracker'!$D:$D,'consolidated tracker'!P:P) -> 0 | R81: =_xlfn.XLOOKUP($D81,'consolidated tracker'!$D:$D,'consolidated tracker'!Q:Q) -> 0 | S81: =_xlfn.XLOOKUP($D81,'consolidated tracker'!$D:$D,'consolidated tracker'!R:R) -> 0 | T81: =_xlfn.XLOOKUP($D81,'consolidated tracker'!$D:$D,'consolidated tracker'!S:S) -> 0 | U81: =_xlfn.XLOOKUP($D81,'consolidated tracker'!$D:$D,'consolidated tracker'!T:T) -> 0 | V81: =_xlfn.XLOOKUP($D81,'consolidated tracker'!$D:$D,'consolidated tracker'!U:U) -> 0 | W81: =_xlfn.XLOOKUP($D81,'consolidated tracker'!$D:$D,'consolidated tracker'!V:V) -> 0 | X81: =_xlfn.XLOOKUP($D81,'consolidated tracker'!$D:$D,'consolidated tracker'!W:W) -> 0
D82: Coraline Beach Residences | E82: =_xlfn.XLOOKUP(D82,'consolidated tracker'!D:D,'consolidated tracker'!E:E) -> RERA | F82: - | G82: =_xlfn.XLOOKUP(D82,'consolidated tracker'!D:D,'consolidated tracker'!F:F) -> 566 | H82: =_xlfn.XLOOKUP(D82,'consolidated tracker'!D:D,'consolidated tracker'!G:G) -> 9.6619053e+08 | I82: =_xlfn.XLOOKUP(D82,'consolidated tracker'!D:D,'consolidated tracker'!H:H) -> 4.0294784e+08 | J82: =_xlfn.XLOOKUP(D82,'consolidated tracker'!D:D,'consolidated tracker'!I:I) -> 3.7950589e+08 | K82: =_xlfn.XLOOKUP(D82,'consolidated tracker'!D:D,'consolidated tracker'!J:J) -> 24496254 | L82: =_xlfn.XLOOKUP(D82,'consolidated tracker'!D:D,'consolidated tracker'!K:K) -> 0.94182385 | M82: =_xlfn.XLOOKUP('consolidated - Offplan'!D82,'consolidated tracker'!D:D,'consolidated tracker'!L:L) -> 23441954 | N82: =_xlfn.XLOOKUP($D82,'consolidated tracker'!$D:$D,'consolidated tracker'!M:M) -> 5.3874644e+08 | O82: =_xlfn.XLOOKUP($D82,'consolidated tracker'!$D:$D,'consolidated tracker'!N:N) -> 1.0545956e+08 | P82: =_xlfn.XLOOKUP($D82,'consolidated tracker'!$D:$D,'consolidated tracker'!O:O) -> 55855177 | Q82: =_xlfn.XLOOKUP($D82,'consolidated tracker'!$D:$D,'consolidated tracker'!P:P) -> 3.774317e+08 | R82: =_xlfn.XLOOKUP($D82,'consolidated tracker'!$D:$D,'consolidated tracker'!Q:Q) -> 0 | S82: =_xlfn.XLOOKUP($D82,'consolidated tracker'!$D:$D,'consolidated tracker'!R:R) -> 0 | T82: =_xlfn.XLOOKUP($D82,'consolidated tracker'!$D:$D,'consolidated tracker'!S:S) -> 0 | U82: =_xlfn.XLOOKUP($D82,'consolidated tracker'!$D:$D,'consolidated tracker'!T:T) -> 0 | V82: =_xlfn.XLOOKUP($D82,'consolidated tracker'!$D:$D,'consolidated tracker'!U:U) -> 0 | W82: =_xlfn.XLOOKUP($D82,'consolidated tracker'!$D:$D,'consolidated tracker'!V:V) -> 0 | X82: =_xlfn.XLOOKUP($D82,'consolidated tracker'!$D:$D,'consolidated tracker'!W:W) -> 0
D83: Coraline Beach Residences Tower A | E83: =_xlfn.XLOOKUP(D83,'consolidated tracker'!D:D,'consolidated tracker'!E:E) -> RERA | F83: 46843 | G83: =_xlfn.XLOOKUP(D83,'consolidated tracker'!D:D,'consolidated tracker'!F:F) -> 115 | H83: =_xlfn.XLOOKUP(D83,'consolidated tracker'!D:D,'consolidated tracker'!G:G) -> 1.8607865e+08 | I83: =_xlfn.XLOOKUP(D83,'consolidated tracker'!D:D,'consolidated tracker'!H:H) -> 75568932 | J83: =_xlfn.XLOOKUP(D83,'consolidated tracker'!D:D,'consolidated tracker'!I:I) -> 70157494 | K83: =_xlfn.XLOOKUP(D83,'consolidated tracker'!D:D,'consolidated tracker'!J:J) -> 4858485.7 | L83: =_xlfn.XLOOKUP(D83,'consolidated tracker'!D:D,'consolidated tracker'!K:K) -> 0.9283907 | M83: =_xlfn.XLOOKUP('consolidated - Offplan'!D83,'consolidated tracker'!D:D,'consolidated tracker'!L:L) -> 5411438.6 | N83: =_xlfn.XLOOKUP($D83,'consolidated tracker'!$D:$D,'consolidated tracker'!M:M) -> 1.0565124e+08 | O83: =_xlfn.XLOOKUP($D83,'consolidated tracker'!$D:$D,'consolidated tracker'!N:N) -> 19856034 | P83: =_xlfn.XLOOKUP($D83,'consolidated tracker'!$D:$D,'consolidated tracker'!O:O) -> 13854549 | Q83: =_xlfn.XLOOKUP($D83,'consolidated tracker'!$D:$D,'consolidated tracker'!P:P) -> 71940654 | R83: =_xlfn.XLOOKUP($D83,'consolidated tracker'!$D:$D,'consolidated tracker'!Q:Q) -> 0 | S83: =_xlfn.XLOOKUP($D83,'consolidated tracker'!$D:$D,'consolidated tracker'!R:R) -> 0 | T83: =_xlfn.XLOOKUP($D83,'consolidated tracker'!$D:$D,'consolidated tracker'!S:S) -> 0 | U83: =_xlfn.XLOOKUP($D83,'consolidated tracker'!$D:$D,'consolidated tracker'!T:T) -> 0 | V83: =_xlfn.XLOOKUP($D83,'consolidated tracker'!$D:$D,'consolidated tracker'!U:U) -> 0 | W83: =_xlfn.XLOOKUP($D83,'consolidated tracker'!$D:$D,'consolidated tracker'!V:V) -> 0 | X83: =_xlfn.XLOOKUP($D83,'consolidated tracker'!$D:$D,'consolidated tracker'!W:W) -> 0
D84: Coraline Beach Residences Tower B | E84: =_xlfn.XLOOKUP(D84,'consolidated tracker'!D:D,'consolidated tracker'!E:E) -> RERA | F84: 46843 | G84: =_xlfn.XLOOKUP(D84,'consolidated tracker'!D:D,'consolidated tracker'!F:F) -> 311 | H84: =_xlfn.XLOOKUP(D84,'consolidated tracker'!D:D,'consolidated tracker'!G:G) -> 4.7323545e+08 | I84: =_xlfn.XLOOKUP(D84,'consolidated tracker'!D:D,'consolidated tracker'!H:H) -> 2.0773271e+08 | J84: =_xlfn.XLOOKUP(D84,'consolidated tracker'!D:D,'consolidated tracker'!I:I) -> 1.9586404e+08 | K84: =_xlfn.XLOOKUP(D84,'consolidated tracker'!D:D,'consolidated tracker'!J:J) -> 13530320 | L84: =_xlfn.XLOOKUP(D84,'consolidated tracker'!D:D,'consolidated tracker'!K:K) -> 0.94286569 | M84: =_xlfn.XLOOKUP('consolidated - Offplan'!D84,'consolidated tracker'!D:D,'consolidated tracker'!L:L) -> 11868665 | N84: =_xlfn.XLOOKUP($D84,'consolidated tracker'!$D:$D,'consolidated tracker'!M:M) -> 2.5197242e+08 | O84: =_xlfn.XLOOKUP($D84,'consolidated tracker'!$D:$D,'consolidated tracker'!N:N) -> 49171236 | P84: =_xlfn.XLOOKUP($D84,'consolidated tracker'!$D:$D,'consolidated tracker'!O:O) -> 18624188 | Q84: =_xlfn.XLOOKUP($D84,'consolidated tracker'!$D:$D,'consolidated tracker'!P:P) -> 1.84177e+08 | R84: =_xlfn.XLOOKUP($D84,'consolidated tracker'!$D:$D,'consolidated tracker'!Q:Q) -> 0 | S84: =_xlfn.XLOOKUP($D84,'consolidated tracker'!$D:$D,'consolidated tracker'!R:R) -> 0 | T84: =_xlfn.XLOOKUP($D84,'consolidated tracker'!$D:$D,'consolidated tracker'!S:S) -> 0 | U84: =_xlfn.XLOOKUP($D84,'consolidated tracker'!$D:$D,'consolidated tracker'!T:T) -> 0 | V84: =_xlfn.XLOOKUP($D84,'consolidated tracker'!$D:$D,'consolidated tracker'!U:U) -> 0 | W84: =_xlfn.XLOOKUP($D84,'consolidated tracker'!$D:$D,'consolidated tracker'!V:V) -> 0 | X84: =_xlfn.XLOOKUP($D84,'consolidated tracker'!$D:$D,'consolidated tracker'!W:W) -> 0
D85: Coraline Beach Residences Tower C | E85: =_xlfn.XLOOKUP(D85,'consolidated tracker'!D:D,'consolidated tracker'!E:E) -> RERA | F85: 46843 | G85: =_xlfn.XLOOKUP(D85,'consolidated tracker'!D:D,'consolidated tracker'!F:F) -> 114 | H85: =_xlfn.XLOOKUP(D85,'consolidated tracker'!D:D,'consolidated tracker'!G:G) -> 1.9526506e+08 | I85: =_xlfn.XLOOKUP(D85,'consolidated tracker'!D:D,'consolidated tracker'!H:H) -> 78472159 | J85: =_xlfn.XLOOKUP(D85,'consolidated tracker'!D:D,'consolidated tracker'!I:I) -> 74471809 | K85: =_xlfn.XLOOKUP(D85,'consolidated tracker'!D:D,'consolidated tracker'!J:J) -> 4610959.2 | L85: =_xlfn.XLOOKUP(D85,'consolidated tracker'!D:D,'consolidated tracker'!K:K) -> 0.94902204 | M85: =_xlfn.XLOOKUP('consolidated - Offplan'!D85,'consolidated tracker'!D:D,'consolidated tracker'!L:L) -> 4000350.4 | N85: =_xlfn.XLOOKUP($D85,'consolidated tracker'!$D:$D,'consolidated tracker'!M:M) -> 1.1218194e+08 | O85: =_xlfn.XLOOKUP($D85,'consolidated tracker'!$D:$D,'consolidated tracker'!N:N) -> 22080394 | P85: =_xlfn.XLOOKUP($D85,'consolidated tracker'!$D:$D,'consolidated tracker'!O:O) -> 13394812 | Q85: =_xlfn.XLOOKUP($D85,'consolidated tracker'!$D:$D,'consolidated tracker'!P:P) -> 76706732 | R85: =_xlfn.XLOOKUP($D85,'consolidated tracker'!$D:$D,'consolidated tracker'!Q:Q) -> 0 | S85: =_xlfn.XLOOKUP($D85,'consolidated tracker'!$D:$D,'consolidated tracker'!R:R) -> 0 | T85: =_xlfn.XLOOKUP($D85,'consolidated tracker'!$D:$D,'consolidated tracker'!S:S) -> 0 | U85: =_xlfn.XLOOKUP($D85,'consolidated tracker'!$D:$D,'consolidated tracker'!T:T) -> 0 | V85: =_xlfn.XLOOKUP($D85,'consolidated tracker'!$D:$D,'consolidated tracker'!U:U) -> 0 | W85: =_xlfn.XLOOKUP($D85,'consolidated tracker'!$D:$D,'consolidated tracker'!V:V) -> 0 | X85: =_xlfn.XLOOKUP($D85,'consolidated tracker'!$D:$D,'consolidated tracker'!W:W) -> 0
D86: Coraline Beach Residences Tower D | E86: =_xlfn.XLOOKUP(D86,'consolidated tracker'!D:D,'consolidated tracker'!E:E) -> RERA | F86: 46843 | G86: =_xlfn.XLOOKUP(D86,'consolidated tracker'!D:D,'consolidated tracker'!F:F) -> 26 | H86: =_xlfn.XLOOKUP(D86,'consolidated tracker'!D:D,'consolidated tracker'!G:G) -> 1.1161138e+08 | I86: =_xlfn.XLOOKUP(D86,'consolidated tracker'!D:D,'consolidated tracker'!H:H) -> 41174045 | J86: =_xlfn.XLOOKUP(D86,'consolidated tracker'!D:D,'consolidated tracker'!I:I) -> 39012545 | K86: =_xlfn.XLOOKUP(D86,'consolidated tracker'!D:D,'consolidated tracker'!J:J) -> 1496489 | L86: =_xlfn.XLOOKUP(D86,'consolidated tracker'!D:D,'consolidated tracker'!K:K) -> 0.94750334 | M86: =_xlfn.XLOOKUP('consolidated - Offplan'!D86,'consolidated tracker'!D:D,'consolidated tracker'!L:L) -> 2161499.9 | N86: =_xlfn.XLOOKUP($D86,'consolidated tracker'!$D:$D,'consolidated tracker'!M:M) -> 68940843 | O86: =_xlfn.XLOOKUP($D86,'consolidated tracker'!$D:$D,'consolidated tracker'!N:N) -> 14351897 | P86: =_xlfn.XLOOKUP($D86,'consolidated tracker'!$D:$D,'consolidated tracker'!O:O) -> 9981628.9 | Q86: =_xlfn.XLOOKUP($D86,'consolidated tracker'!$D:$D,'consolidated tracker'!P:P) -> 44607316 | R86: =_xlfn.XLOOKUP($D86,'consolidated tracker'!$D:$D,'consolidated tracker'!Q:Q) -> 0 | S86: =_xlfn.XLOOKUP($D86,'consolidated tracker'!$D:$D,'consolidated tracker'!R:R) -> 0 | T86: =_xlfn.XLOOKUP($D86,'consolidated tracker'!$D:$D,'consolidated tracker'!S:S) -> 0 | U86: =_xlfn.XLOOKUP($D86,'consolidated tracker'!$D:$D,'consolidated tracker'!T:T) -> 0 | V86: =_xlfn.XLOOKUP($D86,'consolidated tracker'!$D:$D,'consolidated tracker'!U:U) -> 0 | W86: =_xlfn.XLOOKUP($D86,'consolidated tracker'!$D:$D,'consolidated tracker'!V:V) -> 0 | X86: =_xlfn.XLOOKUP($D86,'consolidated tracker'!$D:$D,'consolidated tracker'!W:W) -> 0
