Workbook

Sheet summary
B1: 2026 | C1: 2026 transactions Count | N1: 2026 | O1: 2026 transactions values
B2: Category | C2: CDM Payment | E2: Cheque payment | F2: Card Payment | H2: Sobha One | I2: Cash payment | J2: Wire Transfer Paymment | L2: Grand Total | N2: Category | O2: CDM Payment | Q2: Cheque payment | R2: Card Payment | T2: Sobha One | U2: Cash payment | V2: Wire Transfer Paymment | X2: Grand Total
C3: CDM Cash | D3: CDM Cheque | E3: Cheque | F3: Credit Card | G3: Website (Payment link) | H3: Sobha One App | I3: OTC Deposit | J3: DWT(Domestic) | K3: IWT(International) | O3: CDM Cash | P3: CDM Cheque | Q3: Cheque | R3: Credit Card | S3: Website (Payment link) | T3: Sobha One App | U3: OTC Deposit | V3: DWT(Domestic) | W3: IWT(International)
B4: New sales | C4: 47 | D4: 26 | E4: 299 | F4: 113 | G4: 2962 | H4: 266 | I4: 875 | J4: 836 | K4: 1300 | L4: =SUM(C4:K4) -> 6724 | N4: New sales | O4: 1589714 | P4: 3784772 | Q4: 62441290 | R4: 5028696 | S4: 138515101 | T4: 11791648 | U4: 147944071 | V4: 139710418 | W4: 186230923 | X4: =SUM(O4:W4) -> 697036633
B5: Registration | C5: 13 | D5: 15 | E5: 68 | F5: 18 | G5: 1150 | H5: 14 | I5: 392 | J5: 565 | K5: 518 | L5: =SUM(C5:K5) -> 2753 | N5: Registration | O5: 400440 | P5: 1545235 | Q5: 10944269 | R5: 229432 | S5: 30094201 | T5: 336876 | U5: 43130606 | V5: 32392605 | W5: 46550218 | X5: =SUM(O5:W5) -> 165623882
B6: Other charges | C6: 30 | D6: 6 | E6: 38 | F6: 27 | G6: 812 | H6: 13 | I6: 203 | J6: 851 | K6: 494 | L6: =SUM(C6:K6) -> 2474 | N6: Other charges | O6: 183975 | P6: 81517 | Q6: 602367 | R6: 246429 | S6: 5066986 | T6: 86572 | U6: 602210 | V6: 4804954 | W6: 1123385 | X6: =SUM(O6:W6) -> 12798395
B7: Due + Advance | C7: 1398 | D7: 182 | E7: 1388 | F7: 446 | G7: 4895 | H7: 7023 | I7: 469 | J7: 7441 | K7: 5274 | L7: =SUM(C7:K7) -> 28516 | N7: Due + Advance | O7: 66431584 | P7: 66772930 | Q7: 568112611 | R7: 19760509 | S7: 289155304 | T7: 355030883 | U7: 321420950 | V7: 1357021749 | W7: 880570420 | X7: =SUM(O7:W7) -> 3924276940
B8: Total amount | C8: 1474 | D8: 222 | E8: 1717 | F8: 597 | G8: 9584 | H8: 7268 | I8: 1899 | J8: 9469 | K8: 7220 | L8: =SUM(C8:K8) -> 39450 | N8: Total amount | O8: 68605774 | P8: 72184469 | Q8: 642100813 | R8: 25265124 | S8: 462833159 | T8: 367246294 | U8: 513098021 | V8: 1533930849 | W8: 1114477096 | X8: =SUM(O8:W8) -> 4799741599
B10: 2025 | C10: 2025 transactions Count | N10: 2025 | O10: 2025 transactions values
B11: Category | C11: CDM Payment | E11: Cheque payment | F11: Card Payment | H11: Sobha One | I11: Cash payment | J11: Wire Transfer Paymment | L11: Grand Total | N11: Category | O11: CDM Payment | Q11: Cheque payment | R11: Card Payment | T11: Sobha One | U11: Cash payment | V11: Wire Transfer Paymment | X11: Grand Total
C12: CDM Cash | D12: CDM Cheque | E12: Cheque | F12: Credit Card | G12: Website (Payment link) | H12: Sobha One App | I12: OTC Deposit | J12: DWT(Domestic) | K12: IWT(International) | O12: CDM Cash | P12: CDM Cheque | Q12: Cheque | R12: Credit Card | S12: Website (Payment link) | T12: Sobha One App | U12: OTC Deposit | V12: DWT(Domestic) | W12: IWT(International)
B13: New sales | C13: 498 | D13: 62 | E13: 1243 | F13: 817 | G13: 17721 | H13: 280 | I13: 6141 | J13: 4710 | K13: 9114 | L13: =SUM(C13:K13) -> 40586 | N13: New sales | O13: 22411024 | P13: 8723947 | Q13: 306760998 | R13: 34021178 | S13: 745066424 | T13: 16107517 | U13: 837151689 | V13: 640264013 | W13: 1210795248 | X13: =SUM(O13:W13) -> 3821302038
B14: Registration | C14: 46 | D14: 29 | E14: 342 | F14: 144 | G14: 4153 | H14: 14 | I14: 2704 | J14: 2469 | K14: 3200 | L14: =SUM(C14:K14) -> 13101 | N14: Registration | O14: 1571633 | P14: 1149075 | Q14: 41484545 | R14: 5666637 | S14: 134131868 | T14: 525913 | U14: 246214209 | V14: 144528443 | W14: 238873319 | X14: =SUM(O14:W14) -> 814145642
B15: Other charges | C15: 189 | D15: 19 | E15: 298 | F15: 166 | G15: 2526 | H15: 9 | I15: 830 | J15: 3530 | K15: 1863 | L15: =SUM(C15:K15) -> 9430 | N15: Other charges | O15: 1277706 | P15: 196354 | Q15: 3804443 | R15: 1390736 | S15: 15973888 | T15: 127499 | U15: 2511478 | V15: 18581680 | W15: 4715706 | X15: =SUM(O15:W15) -> 48579490
B16: Due + Advance | C16: 6722 | D16: 389 | E16: 7420 | F16: 1316 | G16: 22982 | H16: 5356 | I16: 420 | J16: 25415 | K16: 18346 | L16: =SUM(C16:K16) -> 88366 | N16: Due + Advance | O16: 344379790 | P16: 132327075 | Q16: 3277942482 | R16: 87636651 | S16: 1194268380 | T16: 234704242 | U16: 355104268 | V16: 4186760536 | W16: 3061219432 | X16: =SUM(O16:W16) -> 12874342856
B17: Total amount | C17: 7373 | D17: 477 | E17: 8869 | F17: 2411 | G17: 46381 | H17: 5613 | I17: 9892 | J17: 35103 | K17: 30352 | L17: =SUM(C17:K17) -> 146471 | N17: Total amount | O17: 369641411 | P17: 142396481 | Q17: 3629996955 | R17: 128715744 | S17: 2089456677 | T17: 251465574 | U17: 1440985051 | V17: 4990145826 | W17: 4515623859 | X17: =SUM(O17:W17) -> 17558427578
B19: 2024 | C19: 2024 transactions Count | N19: 2024 | O19: 2024 transactions Values
B20: Category | C20: CDM Payment | E20: Cheque payment | F20: Card Payment | H20: Sobha One | I20: Cash payment | J20: Wire Transfer Paymment | L20: Grand Total | N20: Category | O20: CDM Payment | Q20: Cheque payment | R20: Card Payment | T20: Sobha One | U20: Cash payment | V20: Wire Transfer Paymment | X20: Grand Total
C21: CDM Cash | D21: CDM Cheque | E21: Cheque | F21: Credit Card | G21: Website (Payment link) | H21: Sobha One App | I21: OTC Deposit | J21: DWT(Domestic) | K21: IWT(International) | O21: CDM Cash | P21: CDM Cheque | Q21: Cheque | R21: Credit Card | S21: Website (Payment link) | T21: Sobha One App | U21: OTC Deposit | V21: DWT(Domestic) | W21: IWT(International)
B22: New sales | C22: 1587 | D22: 179 | E22: 1673 | F22: 902 | G22: 10306 | H22: 1 | I22: 5658 | J22: 4369 | K22: 5699 | L22: =SUM(C22:K22) -> 30374 | N22: New sales | O22: 68908372 | P22: 27875255 | Q22: 438339867 | R22: 41480005 | S22: 441701601 | T22: 150000 | U22: 746714272 | V22: 567470768 | W22: 882797497 | X22: =SUM(O22:W22) -> 3215437637
B23: Registration | C23: 212 | D23: 57 | E23: 519 | F23: 155 | G23: 2575 | H23: 0 | I23: 2841 | J23: 1898 | K23: 2323 | L23: =SUM(C23:K23) -> 10580 | N23: Registration | O23: 6401543 | P23: 5053574 | Q23: 52718406 | R23: 6704311 | S23: 70147560 | T23: 0 | U23: 211687157 | V23: 114644670 | W23: 170577544 | X23: =SUM(O23:W23) -> 637934765
B24: Other charges | C24: 152 | D24: 10 | E24: 168 | F24: 25 | G24: 1038 | H24: 0 | I24: 411 | J24: 866 | K24: 65 | L24: =SUM(C24:K24) -> 2735 | N24: Other charges | O24: 1224705 | P24: 136490 | Q24: 2487905 | R24: 220732 | S24: 6040675 | T24: 0 | U24: 1509136 | V24: 6513662 | W24: 584955 | X24: =SUM(O24:W24) -> 18718260
B25: Due + Advance | C25: 7371 | D25: 302 | E25: 5855 | F25: 953 | G25: 10794 | H25: 47 | I25: 254 | J25: 12699 | K25: 9209 | L25: =SUM(C25:K25) -> 47484 | N25: Due + Advance | O25: 408462212 | P25: 119375841 | Q25: 2222664940 | R25: 72667793 | S25: 529730800 | T25: 2712424 | U25: 38718194 | V25: 2017092818 | W25: 1565824805 | X25: =SUM(O25:W25) -> 6977249827
B26: Total amount | C26: 9108 | D26: 504 | E26: 7714 | F26: 1991 | G26: 24112 | H26: 48 | I26: 8984 | J26: 19013 | K26: 16016 | L26: =SUM(C26:K26) -> 87490 | N26: Total amount | O26: 484999516 | P26: 152441564 | Q26: 2716215003 | R26: 121073038 | S26: 1047629739 | T26: 2862424 | U26: 998629782 | V26: 2705729782 | W26: 2619790909 | X26: =SUM(O26:W26) -> 10849371757
B28: 2023 | C28: 2023 transactions Count | N28: 2023 | O28: 2023 transactions values
B29: Category | C29: CDM Payment | E29: Cheque payment | F29: Card Payment | H29: Sobha One | I29: Cash payment | J29: Wire Transfer Paymment | L29: Grand Total | N29: Category | O29: CDM Payment | Q29: Cheque payment | R29: Card Payment | T29: Sobha One | U29: Cash payment | V29: Wire Transfer Paymment | X29: Grand Total
C30: CDM Cash | D30: CDM Cheque | E30: Cheque | F30: Credit Card | G30: Website (Payment link) | H30: Sobha One App | I30: OTC Deposit | J30: DWT(Domestic) | K30: IWT(International) | O30: CDM Cash | P30: CDM Cheque | Q30: Cheque | R30: Credit Card | S30: Website (Payment link) | T30: Sobha One App | U30: OTC Deposit | V30: DWT(Domestic) | W30: IWT(International)
B31: New sales | C31: 1591 | D31: 204 | E31: 1665 | F31: 1134 | G31: 4353 | H31: 0 | I31: 4492 | J31: 2225 | K31: 3829 | L31: =SUM(C31:K31) -> 19493 | N31: New sales | O31: 71009342 | P31: 31367357 | Q31: 504411131 | R31: 49922445 | S31: 184256775 | T31: 0 | U31: 678324105 | V31: 329515124 | W31: 618412051 | X31: =SUM(O31:W31) -> 2467218330
B32: Registration | C32: 363 | D32: 95 | E32: 568 | F32: 370 | G32: 2464 | H32: 0 | I32: 3163 | J32: 1496 | K32: 2219 | L32: =SUM(C32:K32) -> 10738 | N32: Registration | O32: 9717164 | P32: 8793718 | Q32: 63265194 | R32: 10413527 | S32: 44740583 | T32: 0 | U32: 241028755 | V32: 87002328 | W32: 172643956 | X32: =SUM(O32:W32) -> 637605225
B33: Other charges | C33: 143 | D33: 16 | E33: 128 | F33: 77 | G33: 1024 | H33: 0 | I33: 376 | J33: 677 | K33: 91 | L33: =SUM(C33:K33) -> 2532 | N33: Other charges | O33: 1011054 | P33: 177350 | Q33: 974252 | R33: 453482 | S33: 4330590 | T33: 0 | U33: 1170040 | V33: 4067705 | W33: 716758 | X33: =SUM(O33:W33) -> 12901231
B34: Due + Advance | C34: 6123 | D34: 337 | E34: 4638 | F34: 1220 | G34: 6251 | H34: 1 | I34: 698 | J34: 6058 | K34: 5998 | L34: =SUM(C34:K34) -> 31324 | N34: Due + Advance | O34: 299844462 | P34: 117778534 | Q34: 1951915207 | R34: 61775331 | S34: 300018728 | T34: 500 | U34: 80772806 | V34: 915480235 | W34: 965416231 | X34: =SUM(O34:W34) -> 4693002034
B35: Total amount | C35: 7923 | D35: 603 | E35: 6357 | F35: 2719 | G35: 13665 | H35: 1 | I35: 8418 | J35: 9921 | K35: 11071 | L35: =SUM(C35:K35) -> 60678 | N35: Total amount | O35: 381584979 | P35: 158117224 | Q35: 2520568742 | R35: 122564868 | S35: 533349171 | T35: 500 | U35: 1001296321 | V35: 1336067642 | W35: 1757192867 | X35: =SUM(O35:W35) -> 7810742314

Sheet %of category
B1: 2026 | C1: 2026 transactions Count% | N1: 2026 | O1: 2026 transactions values%
B2: Category | C2: CDM Payment | E2: Cheque payment | F2: Card Payment | H2: Sobha One | I2: Cash payment | J2: Wire Transfer Paymment | L2: Grand Total | N2: Category | O2: CDM Payment | Q2: Cheque payment | R2: Card Payment | T2: Sobha One | U2: Cash payment | V2: Wire Transfer Paymment | X2: Grand Total
C3: CDM Cash | D3: CDM Cheque | E3: Cheque | F3: Credit Card | G3: Website (Payment link) | H3: Sobha One App | I3: OTC Deposit | J3: DWT(Domestic) | K3: IWT(International) | O3: CDM Cash | P3: CDM Cheque | Q3: Cheque | R3: Credit Card | S3: Website (Payment link) | T3: Sobha One App | U3: OTC Deposit | V3: DWT(Domestic) | W3: IWT(International)
B4: New sales | C4: =summary!C4/summary!$L4 -> 0.006989887 | D4: =summary!D4/summary!$L4 -> 0.003866746 | E4: =summary!E4/summary!$L4 -> 0.044467579 | F4: =summary!F4/summary!$L4 -> 0.016805473 | G4: =summary!G4/summary!$L4 -> 0.4405116 | H4: =summary!H4/summary!$L4 -> 0.039559786 | I4: =summary!I4/summary!$L4 -> 0.13013087 | J4: =summary!J4/summary!$L4 -> 0.12433076 | K4: =summary!K4/summary!$L4 -> 0.1933373 | L4: =SUM(C4:K4) -> 1 | N4: New sales | O4: =summary!O4/summary!$X4 -> 0.002280675 | P4: =summary!P4/summary!$X4 -> 0.0054298036 | Q4: =summary!Q4/summary!$X4 -> 0.089581074 | R4: =summary!R4/summary!$X4 -> 0.0072143927 | S4: =summary!S4/summary!$X4 -> 0.19871997 | T4: =summary!T4/summary!$X4 -> 0.016916827 | U4: =summary!U4/summary!$X4 -> 0.2122472 | V4: =summary!V4/summary!$X4 -> 0.20043483 | W4: =summary!W4/summary!$X4 -> 0.26717523 | X4: =SUM(O4:W4) -> 1
B5: Registration | C5: =summary!C5/summary!$L5 -> 0.0047221213 | D5: =summary!D5/summary!$L5 -> 0.0054486015 | E5: =summary!E5/summary!$L5 -> 0.024700327 | F5: =summary!F5/summary!$L5 -> 0.0065383218 | G5: =summary!G5/summary!$L5 -> 0.41772612 | H5: =summary!H5/summary!$L5 -> 0.0050853614 | I5: =summary!I5/summary!$L5 -> 0.14239012 | J5: =summary!J5/summary!$L5 -> 0.20523066 | K5: =summary!K5/summary!$L5 -> 0.18815837 | L5: =SUM(C5:K5) -> 1 | N5: Registration | O5: =summary!O5/summary!$X5 -> 0.0024177673 | P5: =summary!P5/summary!$X5 -> 0.0093297837 | Q5: =summary!Q5/summary!$X5 -> 0.066079051 | R5: =summary!R5/summary!$X5 -> 0.0013852592 | S5: =summary!S5/summary!$X5 -> 0.18170206 | T5: =summary!T5/summary!$X5 -> 0.002033982 | U5: =summary!U5/summary!$X5 -> 0.26041296 | V5: =summary!V5/summary!$X5 -> 0.19557931 | W5: =summary!W5/summary!$X5 -> 0.28105982 | X5: =SUM(O5:W5) -> 1
B6: Other charges | C6: =summary!C6/summary!$L6 -> 0.012126112 | D6: =summary!D6/summary!$L6 -> 0.0024252223 | E6: =summary!E6/summary!$L6 -> 0.015359741 | F6: =summary!F6/summary!$L6 -> 0.0109135 | G6: =summary!G6/summary!$L6 -> 0.32821342 | H6: =summary!H6/summary!$L6 -> 0.0052546483 | I6: =summary!I6/summary!$L6 -> 0.082053355 | J6: =summary!J6/summary!$L6 -> 0.34397736 | K6: =summary!K6/summary!$L6 -> 0.19967664 | L6: =SUM(C6:K6) -> 1 | N6: Other charges | O6: =summary!O6/summary!$X6 -> 0.014374849 | P6: =summary!P6/summary!$X6 -> 0.0063693143 | Q6: =summary!Q6/summary!$X6 -> 0.047065823 | R6: =summary!R6/summary!$X6 -> 0.01925468 | S6: =summary!S6/summary!$X6 -> 0.39590792 | T6: =summary!T6/summary!$X6 -> 0.0067642857 | U6: =summary!U6/summary!$X6 -> 0.047053556 | V6: =summary!V6/summary!$X6 -> 0.37543411 | W6: =summary!W6/summary!$X6 -> 0.087775459 | X6: =SUM(O6:W6) -> 1
B7: Due + Advance | C7: =summary!C7/summary!$L7 -> 0.049025109 | D7: =summary!D7/summary!$L7 -> 0.0063823818 | E7: =summary!E7/summary!$L7 -> 0.048674428 | F7: =summary!F7/summary!$L7 -> 0.015640342 | G7: =summary!G7/summary!$L7 -> 0.17165802 | H7: =summary!H7/summary!$L7 -> 0.24628279 | I7: =summary!I7/summary!$L7 -> 0.016446907 | J7: =summary!J7/summary!$L7 -> 0.26094123 | K7: =summary!K7/summary!$L7 -> 0.1849488 | L7: =SUM(C7:K7) -> 1 | N7: Due + Advance | O7: =summary!O7/summary!$X7 -> 0.016928363 | P7: =summary!P7/summary!$X7 -> 0.017015346 | Q7: =summary!Q7/summary!$X7 -> 0.14476874 | R7: =summary!R7/summary!$X7 -> 0.0050354522 | S7: =summary!S7/summary!$X7 -> 0.073683715 | T7: =summary!T7/summary!$X7 -> 0.090470395 | U7: =summary!U7/summary!$X7 -> 0.081905777 | V7: =summary!V7/summary!$X7 -> 0.34580173 | W7: =summary!W7/summary!$X7 -> 0.22439049 | X7: =SUM(O7:W7) -> 1
B8: Total amount | C8: =summary!C8/summary!$L8 -> 0.037363752 | D8: =summary!D8/summary!$L8 -> 0.0056273764 | E8: =summary!E8/summary!$L8 -> 0.043523447 | F8: =summary!F8/summary!$L8 -> 0.01513308 | G8: =summary!G8/summary!$L8 -> 0.24294043 | H8: =summary!H8/summary!$L8 -> 0.18423321 | I8: =summary!I8/summary!$L8 -> 0.048136882 | J8: =summary!J8/summary!$L8 -> 0.24002535 | K8: =summary!K8/summary!$L8 -> 0.18301648 | L8: =SUM(C8:K8) -> 1 | N8: Total amount | O8: =summary!O8/summary!$X8 -> 0.014293639 | P8: =summary!P8/summary!$X8 -> 0.015039241 | Q8: =summary!Q8/summary!$X8 -> 0.1337782 | R8: =summary!R8/summary!$X8 -> 0.0052638509 | S8: =summary!S8/summary!$X8 -> 0.096428766 | T8: =summary!T8/summary!$X8 -> 0.076513764 | U8: =summary!U8/summary!$X8 -> 0.10690118 | V8: =summary!V8/summary!$X8 -> 0.31958613 | W8: =summary!W8/summary!$X8 -> 0.23219523 | X8: =SUM(O8:W8) -> 1
B12: 2025 | C12: 2025 transactions Count% | N12: 2025 | O12: 2025 transactions values%
B13: Category | C13: CDM Payment | E13: Cheque payment | F13: Card Payment | H13: Sobha One | I13: Cash payment | J13: Wire Transfer Paymment | L13: Grand Total | N13: Category | O13: CDM Payment | Q13: Cheque payment | R13: Card Payment | T13: Sobha One | U13: Cash payment | V13: Wire Transfer Paymment | X13: Grand Total
C14: CDM Cash | D14: CDM Cheque | E14: Cheque | F14: Credit Card | G14: Website (Payment link) | H14: Sobha One App | I14: OTC Deposit | J14: DWT(Domestic) | K14: IWT(International) | O14: CDM Cash | P14: CDM Cheque | Q14: Cheque | R14: Credit Card | S14: Website (Payment link) | T14: Sobha One App | U14: OTC Deposit | V14: DWT(Domestic) | W14: IWT(International)
B15: New sales | C15: =summary!C13/summary!$L13 -> 0.012270241 | D15: =summary!D13/summary!$L13 -> 0.0015276204 | E15: =summary!E13/summary!$L13 -> 0.030626324 | F15: =summary!F13/summary!$L13 -> 0.020130094 | G15: =summary!G13/summary!$L13 -> 0.43662839 | H15: =summary!H13/summary!$L13 -> 0.0068989307 | I15: =summary!I13/summary!$L13 -> 0.15130833 | J15: =summary!J13/summary!$L13 -> 0.11604987 | K15: =summary!K13/summary!$L13 -> 0.22456019 | L15: =SUM(C15:K15) -> 1 | N15: New sales | O15: =summary!O13/summary!$X13 -> 0.0058647612 | P15: =summary!P13/summary!$X13 -> 0.0022829776 | Q15: =summary!Q13/summary!$X13 -> 0.080276564 | R15: =summary!R13/summary!$X13 -> 0.008903033 | S15: =summary!S13/summary!$X13 -> 0.19497711 | T15: =summary!T13/summary!$X13 -> 0.0042151907 | U15: =summary!U13/summary!$X13 -> 0.21907499 | V15: =summary!V13/summary!$X13 -> 0.16755127 | W15: =summary!W13/summary!$X13 -> 0.31685411 | X15: =SUM(O15:W15) -> 1
B16: Registration | C16: =summary!C14/summary!$L14 -> 0.0035111824 | D16: =summary!D14/summary!$L14 -> 0.0022135715 | E16: =summary!E14/summary!$L14 -> 0.026104877 | F16: =summary!F14/summary!$L14 -> 0.010991527 | G16: =summary!G14/summary!$L14 -> 0.3169987 | H16: =summary!H14/summary!$L14 -> 0.0010686207 | I16: =summary!I14/summary!$L14 -> 0.20639646 | J16: =summary!J14/summary!$L14 -> 0.1884589 | K16: =summary!K14/summary!$L14 -> 0.24425616 | L16: =SUM(C16:K16) -> 1 | N16: Registration | O16: =summary!O14/summary!$X14 -> 0.0019304077 | P16: =summary!P14/summary!$X14 -> 0.0014113875 | Q16: =summary!Q14/summary!$X14 -> 0.050954698 | R16: =summary!R14/summary!$X14 -> 0.0069602252 | S16: =summary!S14/summary!$X14 -> 0.16475169 | T16: =summary!T14/summary!$X14 -> 0.00064596919 | U16: =summary!U14/summary!$X14 -> 0.30242035 | V16: =summary!V14/summary!$X14 -> 0.17752161 | W16: =summary!W14/summary!$X14 -> 0.29340367 | X16: =SUM(O16:W16) -> 1
B17: Other charges | C17: =summary!C15/summary!$L15 -> 0.020042418 | D17: =summary!D15/summary!$L15 -> 0.0020148462 | E17: =summary!E15/summary!$L15 -> 0.031601273 | F17: =summary!F15/summary!$L15 -> 0.017603393 | G17: =summary!G15/summary!$L15 -> 0.2678685 | H17: =summary!H15/summary!$L15 -> 0.00095440085 | I17: =summary!I15/summary!$L15 -> 0.088016967 | J17: =summary!J15/summary!$L15 -> 0.37433722 | K17: =summary!K15/summary!$L15 -> 0.19756098 | L17: =SUM(C17:K17) -> 1 | N17: Other charges | O17: =summary!O15/summary!$X15 -> 0.026301347 | P17: =summary!P15/summary!$X15 -> 0.0040419115 | Q17: =summary!Q15/summary!$X15 -> 0.07831377 | R17: =summary!R15/summary!$X15 -> 0.028628049 | S17: =summary!S15/summary!$X15 -> 0.32881959 | T17: =summary!T15/summary!$X15 -> 0.0026245438 | U17: =summary!U15/summary!$X15 -> 0.05169832 | V17: =summary!V15/summary!$X15 -> 0.38250052 | W17: =summary!W15/summary!$X15 -> 0.097071954 | X17: =SUM(O17:W17) -> 1
B18: Due + Advance | C18: =summary!C16/summary!$L16 -> 0.076069982 | D18: =summary!D16/summary!$L16 -> 0.0044021456 | E18: =summary!E16/summary!$L16 -> 0.083968947 | F18: =summary!F16/summary!$L16 -> 0.014892606 | G18: =summary!G16/summary!$L16 -> 0.26007741 | H18: =summary!H16/summary!$L16 -> 0.060611547 | I18: =summary!I16/summary!$L16 -> 0.0047529593 | J18: =summary!J16/summary!$L16 -> 0.28761062 | K18: =summary!K16/summary!$L16 -> 0.20761379 | L18: =SUM(C18:K18) -> 1 | N18: Due + Advance | O18: =summary!O16/summary!$X16 -> 0.02674931 | P18: =summary!P16/summary!$X16 -> 0.010278356 | Q18: =summary!Q16/summary!$X16 -> 0.25461047 | R18: =summary!R16/summary!$X16 -> 0.0068070776 | S18: =summary!S16/summary!$X16 -> 0.092763444 | T18: =summary!T16/summary!$X16 -> 0.018230386 | U18: =summary!U16/summary!$X16 -> 0.027582322 | V18: =summary!V16/summary!$X16 -> 0.32520188 | W18: =summary!W16/summary!$X16 -> 0.23777675 | X18: =SUM(O18:W18) -> 1
B19: Total amount | C19: =summary!C17/summary!$L17 -> 0.050337609 | D19: =summary!D17/summary!$L17 -> 0.0032566174 | E19: =summary!E17/summary!$L17 -> 0.060551235 | F19: =summary!F17/summary!$L17 -> 0.016460596 | G19: =summary!G17/summary!$L17 -> 0.31665654 | H19: =summary!H17/summary!$L17 -> 0.038321579 | I19: =summary!I17/summary!$L17 -> 0.067535553 | J19: =summary!J17/summary!$L17 -> 0.23965836 | K19: =summary!K17/summary!$L17 -> 0.20722191 | L19: =SUM(C19:K19) -> 1 | N19: Total amount | O19: =summary!O17/summary!$X17 -> 0.021052079 | P19: =summary!P17/summary!$X17 -> 0.0081098652 | Q19: =summary!Q17/summary!$X17 -> 0.20673816 | R19: =summary!R17/summary!$X17 -> 0.0073307102 | S19: =summary!S17/summary!$X17 -> 0.11900022 | T19: =summary!T17/summary!$X17 -> 0.014321645 | U19: =summary!U17/summary!$X17 -> 0.082068001 | V19: =summary!V17/summary!$X17 -> 0.28420232 | W19: =summary!W17/summary!$X17 -> 0.25717701 | X19: =SUM(O19:W19) -> 1
B23: 2024 | C23: 2024 transactions Count% | N23: 2024 | O23: 2024 transactions Values%
B24: Category | C24: CDM Payment | E24: Cheque payment | F24: Card Payment | H24: Sobha One | I24: Cash payment | J24: Wire Transfer Paymment | L24: Grand Total | N24: Category | O24: CDM Payment | Q24: Cheque payment | R24: Card Payment | T24: Sobha One | U24: Cash payment | V24: Wire Transfer Paymment | X24: Grand Total
C25: CDM Cash | D25: CDM Cheque | E25: Cheque | F25: Credit Card | G25: Website (Payment link) | H25: Sobha One App | I25: OTC Deposit | J25: DWT(Domestic) | K25: IWT(International) | O25: CDM Cash | P25: CDM Cheque | Q25: Cheque | R25: Credit Card | S25: Website (Payment link) | T25: Sobha One App | U25: OTC Deposit | V25: DWT(Domestic) | W25: IWT(International)
B26: New sales | C26: =summary!C22/summary!$L22 -> 0.052248634 | D26: =summary!D22/summary!$L22 -> 0.0058931981 | E26: =summary!E22/summary!$L22 -> 0.055080003 | F26: =summary!F22/summary!$L22 -> 0.029696451 | G26: =summary!G22/summary!$L22 -> 0.33930335 | H26: =summary!H22/summary!$L22 -> 3.2922895e-05 | I26: =summary!I22/summary!$L22 -> 0.18627774 | J26: =summary!J22/summary!$L22 -> 0.14384013 | K26: =summary!K22/summary!$L22 -> 0.18762758 | L26: =SUM(C26:K26) -> 1 | N26: New sales | O26: =summary!O22/summary!$X22 -> 0.02143048 | P26: =summary!P22/summary!$X22 -> 0.0086691947 | Q26: =summary!Q22/summary!$X22 -> 0.13632355 | R26: =summary!R22/summary!$X22 -> 0.012900267 | S26: =summary!S22/summary!$X22 -> 0.13736905 | T26: =summary!T22/summary!$X22 -> 4.6649948e-05 | U26: =summary!U22/summary!$X22 -> 0.23222788 | V26: =summary!V22/summary!$X22 -> 0.17648321 | W26: =summary!W22/summary!$X22 -> 0.27454972 | X26: =SUM(O26:W26) -> 1
B27: Registration | C27: =summary!C23/summary!$L23 -> 0.020037807 | D27: =summary!D23/summary!$L23 -> 0.0053875236 | E27: =summary!E23/summary!$L23 -> 0.04905482 | F27: =summary!F23/summary!$L23 -> 0.014650284 | G27: =summary!G23/summary!$L23 -> 0.24338374 | H27: =summary!H23/summary!$L23 -> 0 | I27: =summary!I23/summary!$L23 -> 0.26852552 | J27: =summary!J23/summary!$L23 -> 0.17939509 | K27: =summary!K23/summary!$L23 -> 0.21956522 | L27: =SUM(C27:K27) -> 1 | N27: Registration | O27: =summary!O23/summary!$X23 -> 0.010034793 | P27: =summary!P23/summary!$X23 -> 0.0079217724 | Q27: =summary!Q23/summary!$X23 -> 0.08263918 | R27: =summary!R23/summary!$X23 -> 0.010509399 | S27: =summary!S23/summary!$X23 -> 0.1099604 | T27: =summary!T23/summary!$X23 -> 0 | U27: =summary!U23/summary!$X23 -> 0.33183198 | V27: =summary!V23/summary!$X23 -> 0.17971222 | W27: =summary!W23/summary!$X23 -> 0.26739026 | X27: =SUM(O27:W27) -> 1
B28: Other charges | C28: =summary!C24/summary!$L24 -> 0.055575868 | D28: =summary!D24/summary!$L24 -> 0.0036563071 | E28: =summary!E24/summary!$L24 -> 0.06142596 | F28: =summary!F24/summary!$L24 -> 0.0091407678 | G28: =summary!G24/summary!$L24 -> 0.37952468 | H28: =summary!H24/summary!$L24 -> 0 | I28: =summary!I24/summary!$L24 -> 0.15027422 | J28: =summary!J24/summary!$L24 -> 0.3166362 | K28: =summary!K24/summary!$L24 -> 0.023765996 | L28: =SUM(C28:K28) -> 1 | N28: Other charges | O28: =summary!O24/summary!$X24 -> 0.065428357 | P28: =summary!P24/summary!$X24 -> 0.0072918102 | Q28: =summary!Q24/summary!$X24 -> 0.13291326 | R28: =summary!R24/summary!$X24 -> 0.011792335 | S28: =summary!S24/summary!$X24 -> 0.32271563 | T28: =summary!T24/summary!$X24 -> 0 | U28: =summary!U24/summary!$X24 -> 0.080623733 | V28: =summary!V24/summary!$X24 -> 0.34798437 | W28: =summary!W24/summary!$X24 -> 0.031250501 | X28: =SUM(O28:W28) -> 1
B29: Due + Advance | C29: =summary!C25/summary!$L25 -> 0.15523124 | D29: =summary!D25/summary!$L25 -> 0.0063600371 | E29: =summary!E25/summary!$L25 -> 0.12330469 | F29: =summary!F25/summary!$L25 -> 0.020069918 | G29: =summary!G25/summary!$L25 -> 0.22731868 | H29: =summary!H25/summary!$L25 -> 0.00098980709 | I29: =summary!I25/summary!$L25 -> 0.0053491702 | J29: =summary!J25/summary!$L25 -> 0.26743745 | K29: =summary!K25/summary!$L25 -> 0.19393901 | L29: =SUM(C29:K29) -> 1 | N29: Due + Advance | O29: =summary!O25/summary!$X25 -> 0.058542008 | P29: =summary!P25/summary!$X25 -> 0.017109297 | Q29: =summary!Q25/summary!$X25 -> 0.31855889 | R29: =summary!R25/summary!$X25 -> 0.010414962 | S29: =summary!S25/summary!$X25 -> 0.075922579 | T29: =summary!T25/summary!$X25 -> 0.0003887526 | U29: =summary!U25/summary!$X25 -> 0.0055492056 | V29: =summary!V25/summary!$X25 -> 0.28909568 | W29: =summary!W25/summary!$X25 -> 0.22441862 | X29: =SUM(O29:W29) -> 1
B30: Total amount | C30: =summary!C26/summary!$L26 -> 0.10410333 | D30: =summary!D26/summary!$L26 -> 0.0057606584 | E30: =summary!E26/summary!$L26 -> 0.088170077 | F30: =summary!F26/summary!$L26 -> 0.022756887 | G30: =summary!G26/summary!$L26 -> 0.27559721 | H30: =summary!H26/summary!$L26 -> 0.00054863413 | I30: =summary!I26/summary!$L26 -> 0.10268602 | J30: =summary!J26/summary!$L26 -> 0.21731626 | K30: =summary!K26/summary!$L26 -> 0.18306092 | L30: =SUM(C30:K30) -> 1 | N30: Total amount | O30: =summary!O26/summary!$X26 -> 0.044703005 | P30: =summary!P26/summary!$X26 -> 0.014050727 | Q30: =summary!Q26/summary!$X26 -> 0.25035689 | R30: =summary!R26/summary!$X26 -> 0.011159452 | S30: =summary!S26/summary!$X26 -> 0.096561327 | T30: =summary!T26/summary!$X26 -> 0.00026383316 | U30: =summary!U26/summary!$X26 -> 0.092044941 | V30: =summary!V26/summary!$X26 -> 0.24939046 | W30: =summary!W26/summary!$X26 -> 0.24146937 | X30: =SUM(O30:W30) -> 1
B34: 2023 | C34: 2023 transactions Count% | N34: 2023 | O34: 2023 transactions values%
B35: Category | C35: CDM Payment | E35: Cheque payment | F35: Card Payment | H35: Sobha One | I35: Cash payment | J35: Wire Transfer Paymment | L35: Grand Total | N35: Category | O35: CDM Payment | Q35: Cheque payment | R35: Card Payment | T35: Sobha One | U35: Cash payment | V35: Wire Transfer Paymment | X35: Grand Total
C36: CDM Cash | D36: CDM Cheque | E36: Cheque | F36: Credit Card | G36: Website (Payment link) | H36: Sobha One App | I36: OTC Deposit | J36: DWT(Domestic) | K36: IWT(International) | O36: CDM Cash | P36: CDM Cheque | Q36: Cheque | R36: Credit Card | S36: Website (Payment link) | T36: Sobha One App | U36: OTC Deposit | V36: DWT(Domestic) | W36: IWT(International)
B37: New sales | C37: =summary!C31/summary!$L31 -> 0.081619043 | D37: =summary!D31/summary!$L31 -> 0.010465295 | E37: =summary!E31/summary!$L31 -> 0.085415277 | F37: =summary!F31/summary!$L31 -> 0.058174729 | G37: =summary!G31/summary!$L31 -> 0.22331093 | H37: =summary!H31/summary!$L31 -> 0 | I37: =summary!I31/summary!$L31 -> 0.2304417 | J37: =summary!J31/summary!$L31 -> 0.11414354 | K37: =summary!K31/summary!$L31 -> 0.19642949 | L37: =SUM(C37:K37) -> 1 | N37: New sales | O37: =summary!O31/summary!$X31 -> 0.028781134 | P37: =summary!P31/summary!$X31 -> 0.012713653 | Q37: =summary!Q31/summary!$X31 -> 0.20444528 | R37: =summary!R31/summary!$X31 -> 0.020234304 | S37: =summary!S31/summary!$X31 -> 0.07468199 | T37: =summary!T31/summary!$X31 -> 0 | U37: =summary!U31/summary!$X31 -> 0.27493477 | V37: =summary!V31/summary!$X31 -> 0.13355734 | W37: =summary!W31/summary!$X31 -> 0.25065153 | X37: =SUM(O37:W37) -> 1
B38: Registration | C38: =summary!C32/summary!$L32 -> 0.033805178 | D38: =summary!D32/summary!$L32 -> 0.0088470851 | E38: =summary!E32/summary!$L32 -> 0.052896256 | F38: =summary!F32/summary!$L32 -> 0.034457068 | G38: =summary!G32/summary!$L32 -> 0.22946545 | H38: =summary!H32/summary!$L32 -> 0 | I38: =summary!I32/summary!$L32 -> 0.29456137 | J38: =summary!J32/summary!$L32 -> 0.13931831 | K38: =summary!K32/summary!$L32 -> 0.20664928 | L38: =SUM(C38:K38) -> 1 | N38: Registration | O38: =summary!O32/summary!$X32 -> 0.015240095 | P38: =summary!P32/summary!$X32 -> 0.013791791 | Q38: =summary!Q32/summary!$X32 -> 0.099223142 | R38: =summary!R32/summary!$X32 -> 0.016332249 | S38: =summary!S32/summary!$X32 -> 0.070169725 | T38: =summary!T32/summary!$X32 -> 0 | U38: =summary!U32/summary!$X32 -> 0.37802193 | V38: =summary!V32/summary!$X32 -> 0.13645172 | W38: =summary!W32/summary!$X32 -> 0.27076936 | X38: =SUM(O38:W38) -> 1
B39: Other charges | C39: =summary!C33/summary!$L33 -> 0.056477093 | D39: =summary!D33/summary!$L33 -> 0.0063191153 | E39: =summary!E33/summary!$L33 -> 0.050552923 | F39: =summary!F33/summary!$L33 -> 0.030410742 | G39: =summary!G33/summary!$L33 -> 0.40442338 | H39: =summary!H33/summary!$L33 -> 0 | I39: =summary!I33/summary!$L33 -> 0.14849921 | J39: =summary!J33/summary!$L33 -> 0.26737757 | K39: =summary!K33/summary!$L33 -> 0.035939968 | L39: =SUM(C39:K39) -> 1 | N39: Other charges | O39: =summary!O33/summary!$X33 -> 0.078368801 | P39: =summary!P33/summary!$X33 -> 0.01374675 | Q39: =summary!Q33/summary!$X33 -> 0.075516205 | R39: =summary!R33/summary!$X33 -> 0.035150289 | S39: =summary!S33/summary!$X33 -> 0.33567262 | T39: =summary!T33/summary!$X33 -> 0 | U39: =summary!U33/summary!$X33 -> 0.090692121 | V39: =summary!V33/summary!$X33 -> 0.31529588 | W39: =summary!W33/summary!$X33 -> 0.055557334 | X39: =SUM(O39:W39) -> 1
B40: Due + Advance | C40: =summary!C34/summary!$L34 -> 0.19547312 | D40: =summary!D34/summary!$L34 -> 0.010758524 | E40: =summary!E34/summary!$L34 -> 0.14806538 | F40: =summary!F34/summary!$L34 -> 0.038947772 | G40: =summary!G34/summary!$L34 -> 0.19955944 | H40: =summary!H34/summary!$L34 -> 3.1924403e-05 | I40: =summary!I34/summary!$L34 -> 0.022283233 | J40: =summary!J34/summary!$L34 -> 0.19339803 | K40: =summary!K34/summary!$L34 -> 0.19148257 | L40: =SUM(C40:K40) -> 1 | N40: Due + Advance | O40: =summary!O34/summary!$X34 -> 0.063891824 | P40: =summary!P34/summary!$X34 -> 0.02509663 | Q40: =summary!Q34/summary!$X34 -> 0.41592038 | R40: =summary!R34/summary!$X34 -> 0.013163287 | S40: =summary!S34/summary!$X34 -> 0.063928958 | T40: =summary!T34/summary!$X34 -> 1.0654161e-07 | U40: =summary!U34/summary!$X34 -> 0.01721133 | V40: =summary!V34/summary!$X34 -> 0.19507348 | W40: =summary!W34/summary!$X34 -> 0.205714 | X40: =SUM(O40:W40) -> 1
B41: Total amount | C41: =summary!C35/summary!$L35 -> 0.13057451 | D41: =summary!D35/summary!$L35 -> 0.0099377039 | E41: =summary!E35/summary!$L35 -> 0.10476614 | F41: =summary!F35/summary!$L35 -> 0.04481031 | G41: =summary!G35/summary!$L35 -> 0.22520518 | H41: =summary!H35/summary!$L35 -> 1.6480438e-05 | I41: =summary!I35/summary!$L35 -> 0.13873232 | J41: =summary!J35/summary!$L35 -> 0.16350242 | K41: =summary!K35/summary!$L35 -> 0.18245493 | L41: =SUM(C41:K41) -> 1 | N41: Total amount | O41: =summary!O35/summary!$X35 -> 0.048853869 | P41: =summary!P35/summary!$X35 -> 0.020243559 | Q41: =summary!Q35/summary!$X35 -> 0.3227054 | R41: =summary!R35/summary!$X35 -> 0.015691834 | S41: =summary!S35/summary!$X35 -> 0.068284057 | T41: =summary!T35/summary!$X35 -> 6.4014402e-08 | U41: =summary!U35/summary!$X35 -> 0.12819477 | V41: =summary!V35/summary!$X35 -> 0.17105514 | W41: =summary!W35/summary!$X35 -> 0.2249713 | X41: =SUM(O41:W41) -> 1

Sheet Receipt Count
A1: 2026 | M1: 2025 | Y1: 2024 | AK1: 2023
A2: =_xlfn.CONCAT("Receipt count ", A1) -> Receipt count 2026 | M2: =_xlfn.CONCAT("Receipt count ", M1) -> Receipt count 2025 | Y2: =_xlfn.CONCAT("Receipt count ", Y1) -> Receipt count 2024 | AK2: =_xlfn.CONCAT("Receipt count ", AK1) -> Receipt count 2023
A3: New sales | M3: New sales | Y3: New sales | AK3: New sales
A4: Month | B4: CDM Payment | D4: Cheque payment | E4: Card Payment | G4: Sobha One | H4: Cash payment | I4: Wire Transfer Paymment | K4: Grand Total | M4: Month | N4: CDM Payment | P4: Cheque payment | Q4: Card Payment | S4: Sobha One | T4: Cash payment | U4: Wire Transfer Paymment | W4: Grand Total | Y4: Month | Z4: CDM Payment | AB4: Cheque payment | AC4: Card Payment | AE4: Sobha One | AF4: Cash payment | AG4: Wire Transfer Paymment | AI4: Grand Total | AK4: Month | AL4: CDM Payment | AN4: Cheque payment | AO4: Card Payment | AQ4: Sobha One | AR4: Cash payment | AS4: Wire Transfer Paymment | AU4: Grand Total
B5: CDM Cash | C5: CDM Cheque | D5: Cheque | E5: Credit Card | F5: Website (Payment link) | G5: Sobha One App | H5: OTC Deposit | I5: DWT(Domestic) | J5: IWT(International) | N5: CDM Cash | O5: CDM Cheque | P5: Cheque | Q5: Credit Card | R5: Website (Payment link) | S5: Sobha One App | T5: OTC Deposit | U5: DWT(Domestic) | V5: IWT(International) | Z5: CDM Cash | AA5: CDM Cheque | AB5: Cheque | AC5: Credit Card | AD5: Website (Payment link) | AE5: Sobha One App | AF5: OTC Deposit | AG5: DWT(Domestic) | AH5: IWT(International) | AL5: CDM Cash | AM5: CDM Cheque | AN5: Cheque | AO5: Credit Card | AP5: Website (Payment link) | AQ5: Sobha One App | AR5: OTC Deposit | AS5: DWT(Domestic) | AT5: IWT(International)
A6: Jan | B6: 14 | C6: 3 | D6: 81 | E6: 58 | F6: 902 | G6: 66 | H6: 279 | I6: 270 | J6: 446 | K6: =SUM(B6:J6) -> 2119 | M6: Jan | N6: 65 | O6: 10 | P6: 123 | Q6: 95 | R6: 1341 | S6: 3 | T6: 614 | U6: 478 | V6: 740 | W6: =SUM(N6:V6) -> 3469 | Y6: Jan | Z6: 99 | AA6: 22 | AB6: 132 | AC6: 72 | AD6: 377 | AE6: 0 | AF6: 428 | AG6: 234 | AH6: 349 | AI6: =SUM(Z6:AH6) -> 1713 | AK6: Jan | AL6: 59 | AM6: 14 | AN6: 92 | AO6: 129 | AP6: 241 | AQ6: 0 | AR6: 344 | AS6: 95 | AT6: 371 | AU6: =SUM(AL6:AT6) -> 1345
A7: Feb | B7: 22 | C7: 2 | D7: 65 | E7: 42 | F7: 998 | G7: 88 | H7: 349 | I7: 284 | J7: 457 | K7: =SUM(B7:J7) -> 2307 | M7: Feb | N7: 105 | O7: 10 | P7: 123 | Q7: 103 | R7: 1561 | S7: 0 | T7: 631 | U7: 536 | V7: 811 | W7: =SUM(N7:V7) -> 3880 | Y7: Feb | Z7: 127 | AA7: 25 | AB7: 126 | AC7: 79 | AD7: 498 | AE7: 0 | AF7: 482 | AG7: 216 | AH7: 392 | AI7: =SUM(Z7:AH7) -> 1945 | AK7: Feb | AL7: 104 | AM7: 19 | AN7: 99 | AO7: 80 | AP7: 222 | AQ7: 0 | AR7: 269 | AS7: 87 | AT7: 281 | AU7: =SUM(AL7:AT7) -> 1161
A8: Mar | B8: 9 | C8: 0 | D8: 17 | E8: 6 | F8: 381 | G8: 51 | H8: 76 | I8: 75 | J8: 191 | K8: =SUM(B8:J8) -> 806 | M8: Mar | N8: 46 | O8: 11 | P8: 152 | Q8: 90 | R8: 1986 | S8: 1 | T8: 606 | U8: 502 | V8: 1031 | W8: =SUM(N8:V8) -> 4425 | Y8: Mar | Z8: 151 | AA8: 15 | AB8: 170 | AC8: 67 | AD8: 701 | AE8: 0 | AF8: 444 | AG8: 303 | AH8: 536 | AI8: =SUM(Z8:AH8) -> 2387 | AK8: Mar | AL8: 98 | AM8: 18 | AN8: 96 | AO8: 79 | AP8: 219 | AQ8: 0 | AR8: 342 | AS8: 127 | AT8: 445 | AU8: =SUM(AL8:AT8) -> 1424
A9: Apr | B9: 2 | C9: 21 | D9: 113 | E9: 7 | F9: 601 | G9: 48 | H9: 145 | I9: 180 | J9: 196 | K9: =SUM(B9:J9) -> 1313 | M9: Apr | N9: 64 | O9: 7 | P9: 135 | Q9: 57 | R9: 1631 | S9: 1 | T9: 574 | U9: 368 | V9: 936 | W9: =SUM(N9:V9) -> 3773 | Y9: Apr | Z9: 194 | AA9: 10 | AB9: 139 | AC9: 65 | AD9: 676 | AE9: 0 | AF9: 342 | AG9: 416 | AH9: 452 | AI9: =SUM(Z9:AH9) -> 2294 | AK9: Apr | AL9: 84 | AM9: 13 | AN9: 115 | AO9: 46 | AP9: 268 | AQ9: 0 | AR9: 305 | AS9: 131 | AT9: 250 | AU9: =SUM(AL9:AT9) -> 1212
A10: May | B10: 0 | C10: 0 | D10: 23 | E10: 0 | F10: 80 | G10: 13 | H10: 26 | I10: 27 | J10: 10 | K10: =SUM(B10:J10) -> 179 | M10: May | N10: 42 | O10: 5 | P10: 151 | Q10: 89 | R10: 2118 | S10: 8 | T10: 748 | U10: 657 | V10: 1118 | W10: =SUM(N10:V10) -> 4936 | Y10: May | Z10: 179 | AA10: 23 | AB10: 178 | AC10: 66 | AD10: 734 | AE10: 0 | AF10: 446 | AG10: 411 | AH10: 393 | AI10: =SUM(Z10:AH10) -> 2430 | AK10: May | AL10: 154 | AM10: 15 | AN10: 187 | AO10: 109 | AP10: 456 | AQ10: 0 | AR10: 547 | AS10: 161 | AT10: 350 | AU10: =SUM(AL10:AT10) -> 1979
A11: Jun | B11: 0 | C11: 0 | D11: 0 | E11: 0 | F11: 0 | G11: 0 | H11: 0 | I11: 0 | J11: 0 | K11: =SUM(B11:J11) -> 0 | M11: Jun | N11: 25 | O11: 3 | P11: 78 | Q11: 53 | R11: 1375 | S11: 12 | T11: 383 | U11: 431 | V11: 775 | W11: =SUM(N11:V11) -> 3135 | Y11: Jun | Z11: 124 | AA11: 10 | AB11: 125 | AC11: 48 | AD11: 570 | AE11: 0 | AF11: 293 | AG11: 285 | AH11: 367 | AI11: =SUM(Z11:AH11) -> 1822 | AK11: Jun | AL11: 145 | AM11: 24 | AN11: 142 | AO11: 77 | AP11: 334 | AQ11: 0 | AR11: 419 | AS11: 192 | AT11: 231 | AU11: =SUM(AL11:AT11) -> 1564
A12: Jul | B12: 0 | C12: 0 | D12: 0 | E12: 0 | F12: 0 | G12: 0 | H12: 0 | I12: 0 | J12: 0 | K12: =SUM(B12:J12) -> 0 | M12: Jul | N12: 28 | O12: 5 | P12: 99 | Q12: 65 | R12: 1295 | S12: 13 | T12: 457 | U12: 311 | V12: 647 | W12: =SUM(N12:V12) -> 2920 | Y12: Jul | Z12: 153 | AA12: 19 | AB12: 94 | AC12: 57 | AD12: 554 | AE12: 0 | AF12: 371 | AG12: 282 | AH12: 329 | AI12: =SUM(Z12:AH12) -> 1859 | AK12: Jul | AL12: 177 | AM12: 8 | AN12: 157 | AO12: 63 | AP12: 352 | AQ12: 0 | AR12: 378 | AS12: 253 | AT12: 347 | AU12: =SUM(AL12:AT12) -> 1735
A13: Aug | B13: 0 | C13: 0 | D13: 0 | E13: 0 | F13: 0 | G13: 0 | H13: 0 | I13: 0 | J13: 0 | K13: =SUM(B13:J13) -> 0 | M13: Aug | N13: 28 | O13: 0 | P13: 81 | Q13: 63 | R13: 1127 | S13: 43 | T13: 399 | U13: 268 | V13: 567 | W13: =SUM(N13:V13) -> 2576 | Y13: Aug | Z13: 173 | AA13: 25 | AB13: 125 | AC13: 58 | AD13: 948 | AE13: 0 | AF13: 420 | AG13: 385 | AH13: 408 | AI13: =SUM(Z13:AH13) -> 2542 | AK13: Aug | AL13: 156 | AM13: 13 | AN13: 188 | AO13: 93 | AP13: 420 | AQ13: 0 | AR13: 262 | AS13: 305 | AT13: 251 | AU13: =SUM(AL13:AT13) -> 1688
A14: Sep | B14: 0 | C14: 0 | D14: 0 | E14: 0 | F14: 0 | G14: 0 | H14: 0 | I14: 0 | J14: 0 | K14: =SUM(B14:J14) -> 0 | M14: Sep | N14: 24 | O14: 3 | P14: 67 | Q14: 55 | R14: 1353 | S14: 56 | T14: 457 | U14: 307 | V14: 652 | W14: =SUM(N14:V14) -> 2974 | Y14: Sep | Z14: 131 | AA14: 10 | AB14: 115 | AC14: 82 | AD14: 970 | AE14: 0 | AF14: 535 | AG14: 373 | AH14: 479 | AI14: =SUM(Z14:AH14) -> 2695 | AK14: Sep | AL14: 110 | AM14: 30 | AN14: 157 | AO14: 71 | AP14: 416 | AQ14: 0 | AR14: 379 | AS14: 236 | AT14: 290 | AU14: =SUM(AL14:AT14) -> 1689
A15: Oct | B15: 0 | C15: 0 | D15: 0 | E15: 0 | F15: 0 | G15: 0 | H15: 0 | I15: 0 | J15: 0 | K15: =SUM(B15:J15) -> 0 | M15: Oct | N15: 15 | O15: 1 | P15: 79 | Q15: 70 | R15: 1548 | S15: 59 | T15: 433 | U15: 322 | V15: 723 | W15: =SUM(N15:V15) -> 3250 | Y15: Oct | Z15: 89 | AA15: 6 | AB15: 172 | AC15: 91 | AD15: 1206 | AE15: 0 | AF15: 557 | AG15: 449 | AH15: 537 | AI15: =SUM(Z15:AH15) -> 3107 | AK15: Oct | AL15: 167 | AM15: 30 | AN15: 149 | AO15: 129 | AP15: 537 | AQ15: 0 | AR15: 419 | AS15: 218 | AT15: 408 | AU15: =SUM(AL15:AT15) -> 2057
A16: Nov | B16: 0 | C16: 0 | D16: 0 | E16: 0 | F16: 0 | G16: 0 | H16: 0 | I16: 0 | J16: 0 | K16: =SUM(B16:J16) -> 0 | M16: Nov | N16: 43 | O16: 3 | P16: 79 | Q16: 37 | R16: 1216 | S16: 39 | T16: 444 | U16: 269 | V16: 515 | W16: =SUM(N16:V16) -> 2645 | Y16: Nov | Z16: 88 | AA16: 10 | AB16: 150 | AC16: 104 | AD16: 1568 | AE16: 0 | AF16: 588 | AG16: 531 | AH16: 683 | AI16: =SUM(Z16:AH16) -> 3722 | AK16: Nov | AL16: 180 | AM16: 7 | AN16: 153 | AO16: 117 | AP16: 450 | AQ16: 0 | AR16: 452 | AS16: 211 | AT16: 331 | AU16: =SUM(AL16:AT16) -> 1901
A17: Dec | B17: 0 | C17: 0 | D17: 0 | E17: 0 | F17: 0 | G17: 0 | H17: 0 | I17: 0 | J17: 0 | K17: =SUM(B17:J17) -> 0 | M17: Dec | N17: 13 | O17: 4 | P17: 76 | Q17: 40 | R17: 1170 | S17: 45 | T17: 395 | U17: 261 | V17: 599 | W17: =SUM(N17:V17) -> 2603 | Y17: Dec | Z17: 79 | AA17: 4 | AB17: 147 | AC17: 113 | AD17: 1504 | AE17: 1 | AF17: 752 | AG17: 484 | AH17: 774 | AI17: =SUM(Z17:AH17) -> 3858 | AK17: Dec | AL17: 157 | AM17: 13 | AN17: 130 | AO17: 141 | AP17: 438 | AQ17: 0 | AR17: 376 | AS17: 209 | AT17: 274 | AU17: =SUM(AL17:AT17) -> 1738
A18: Grand Total | B18: =SUM(B6:B17) -> 47 | C18: =SUM(C6:C17) -> 26 | D18: =SUM(D6:D17) -> 299 | E18: =SUM(E6:E17) -> 113 | F18: =SUM(F6:F17) -> 2962 | G18: =SUM(G6:G17) -> 266 | H18: =SUM(H6:H17) -> 875 | I18: =SUM(I6:I17) -> 836 | ... K18: =SUM(K6:K17) -> 6724 | M18: Grand Total | N18: =SUM(N6:N17) -> 498 | O18: =SUM(O6:O17) -> 62 | P18: =SUM(P6:P17) -> 1243 | Q18: =SUM(Q6:Q17) -> 817 | R18: =SUM(R6:R17) -> 17721 | S18: =SUM(S6:S17) -> 280 | T18: =SUM(T6:T17) -> 6141 | U18: =SUM(U6:U17) -> 4710 | ... W18: =SUM(W6:W17) -> 40586 | Y18: Grand Total | Z18: =SUM(Z6:Z17) -> 1587 | AA18: =SUM(AA6:AA17) -> 179 | AB18: =SUM(AB6:AB17) -> 1673 | AC18: =SUM(AC6:AC17) -> 902 | AD18: =SUM(AD6:AD17) -> 10306 | AE18: =SUM(AE6:AE17) -> 1 | AF18: =SUM(AF6:AF17) -> 5658 | AG18: =SUM(AG6:AG17) -> 4369 | ... AI18: =SUM(AI6:AI17) -> 30374 | AK18: Grand Total | AL18: =SUM(AL6:AL17) -> 1591 | AM18: =SUM(AM6:AM17) -> 204 | AN18: =SUM(AN6:AN17) -> 1665 | AO18: =SUM(AO6:AO17) -> 1134 | AP18: =SUM(AP6:AP17) -> 4353 | AQ18: =SUM(AQ6:AQ17) -> 0 | AR18: =SUM(AR6:AR17) -> 4492 | AS18: =SUM(AS6:AS17) -> 2225 | ... AU18: =SUM(AU6:AU17) -> 19493
A19: % of mode from New sales | B19: =B18/$K18 -> 0.006989887 | C19: =C18/$K18 -> 0.003866746 | D19: =D18/$K18 -> 0.044467579 | E19: =E18/$K18 -> 0.016805473 | F19: =F18/$K18 -> 0.4405116 | G19: =G18/$K18 -> 0.039559786 | H19: =H18/$K18 -> 0.13013087 | I19: =I18/$K18 -> 0.12433076 | ... K19: =K18/$K18 -> 1 | M19: % of mode from New sales | N19: =N18/$W18 -> 0.012270241 | O19: =O18/$W18 -> 0.0015276204 | P19: =P18/$W18 -> 0.030626324 | Q19: =Q18/$W18 -> 0.020130094 | R19: =R18/$W18 -> 0.43662839 | S19: =S18/$W18 -> 0.0068989307 | T19: =T18/$W18 -> 0.15130833 | U19: =U18/$W18 -> 0.11604987 | ... W19: =W18/$W18 -> 1 | Y19: % of mode from New sales | Z19: =Z18/$AI18 -> 0.052248634 | AA19: =AA18/$AI18 -> 0.0058931981 | AB19: =AB18/$AI18 -> 0.055080003 | AC19: =AC18/$AI18 -> 0.029696451 | AD19: =AD18/$AI18 -> 0.33930335 | AE19: =AE18/$AI18 -> 3.2922895e-05 | AF19: =AF18/$AI18 -> 0.18627774 | AG19: =AG18/$AI18 -> 0.14384013 | ... AI19: =AI18/$AI18 -> 1 | AK19: % of mode from New sales | AL19: =AL18/$AU18 -> 0.081619043 | AM19: =AM18/$AU18 -> 0.010465295 | AN19: =AN18/$AU18 -> 0.085415277 | AO19: =AO18/$AU18 -> 0.058174729 | AP19: =AP18/$AU18 -> 0.22331093 | AQ19: =AQ18/$AU18 -> 0 | AR19: =AR18/$AU18 -> 0.2304417 | AS19: =AS18/$AU18 -> 0.11414354 | ... AU19: =AU18/$AU18 -> 1
A21: Registration | M21: Registration | Y21: Registration | AK21: Registration
A22: Month | B22: CDM Payment | D22: Cheque payment | E22: Card Payment | G22: Sobha One | H22: Cash payment | I22: Wire Transfer Paymment | K22: Grand Total | M22: Month | N22: CDM Payment | P22: Cheque payment | Q22: Card Payment | S22: Sobha One | T22: Cash payment | U22: Wire Transfer Paymment | W22: Grand Total | Y22: Month | Z22: CDM Payment | AB22: Cheque payment | AC22: Card Payment | AE22: Sobha One | AF22: Cash payment | AG22: Wire Transfer Paymment | AI22: Grand Total | AK22: Month | AL22: CDM Payment | AN22: Cheque payment | AO22: Card Payment | AQ22: Sobha One | AR22: Cash payment | AS22: Wire Transfer Paymment | AU22: Grand Total
B23: CDM Cash | C23: CDM Cheque | D23: Cheque | E23: Credit Card | F23: Website (Payment link) | G23: Sobha One App | H23: OTC Deposit | I23: DWT(Domestic) | J23: IWT(International) | N23: CDM Cash | O23: CDM Cheque | P23: Cheque | Q23: Credit Card | R23: Website (Payment link) | S23: Sobha One App | T23: OTC Deposit | U23: DWT(Domestic) | V23: IWT(International) | Z23: CDM Cash | AA23: CDM Cheque | AB23: Cheque | AC23: Credit Card | AD23: Website (Payment link) | AE23: Sobha One App | AF23: OTC Deposit | AG23: DWT(Domestic) | AH23: IWT(International) | AL23: CDM Cash | AM23: CDM Cheque | AN23: Cheque | AO23: Credit Card | AP23: Website (Payment link) | AQ23: Sobha One App | AR23: OTC Deposit | AS23: DWT(Domestic) | AT23: IWT(International)
A24: Jan | B24: 5 | C24: 0 | D24: 17 | E24: 6 | F24: 269 | G24: 2 | H24: 138 | I24: 139 | J24: 173 | K24: =SUM(B24:J24) -> 749 | M24: Jan | N24: 9 | O24: 4 | P24: 41 | Q24: 9 | R24: 261 | S24: 0 | T24: 238 | U24: 272 | V24: 221 | W24: =SUM(N24:V24) -> 1055 | Y24: Jan | Z24: 24 | AA24: 5 | AB24: 40 | AC24: 23 | AD24: 189 | AE24: 0 | AF24: 263 | AG24: 139 | AH24: 202 | AI24: =SUM(Z24:AH24) -> 885 | AK24: Jan | AL24: 30 | AM24: 4 | AN24: 60 | AO24: 72 | AP24: 112 | AQ24: 0 | AR24: 274 | AS24: 66 | AT24: 259 | AU24: =SUM(AL24:AT24) -> 877
A25: Feb | B25: 1 | C25: 14 | D25: 18 | E25: 2 | F25: 192 | G25: 4 | H25: 137 | I25: 115 | J25: 171 | K25: =SUM(B25:J25) -> 654 | M25: Feb | N25: 3 | O25: 1 | P25: 21 | Q25: 5 | R25: 268 | S25: 0 | T25: 249 | U25: 215 | V25: 217 | W25: =SUM(N25:V25) -> 979 | Y25: Feb | Z25: 21 | AA25: 7 | AB25: 49 | AC25: 18 | AD25: 229 | AE25: 0 | AF25: 306 | AG25: 148 | AH25: 218 | AI25: =SUM(Z25:AH25) -> 996 | AK25: Feb | AL25: 41 | AM25: 16 | AN25: 33 | AO25: 37 | AP25: 216 | AQ25: 0 | AR25: 157 | AS25: 60 | AT25: 184 | AU25: =SUM(AL25:AT25) -> 744
A26: Mar | B26: 2 | C26: 0 | D26: 22 | E26: 1 | F26: 192 | G26: 4 | H26: 49 | I26: 70 | J26: 93 | K26: =SUM(B26:J26) -> 433 | M26: Mar | N26: 5 | O26: 8 | P26: 40 | Q26: 13 | R26: 302 | S26: 0 | T26: 232 | U26: 223 | V26: 330 | W26: =SUM(N26:V26) -> 1153 | Y26: Mar | Z26: 23 | AA26: 6 | AB26: 58 | AC26: 17 | AD26: 228 | AE26: 0 | AF26: 301 | AG26: 135 | AH26: 246 | AI26: =SUM(Z26:AH26) -> 1014 | AK26: Mar | AL26: 27 | AM26: 8 | AN26: 38 | AO26: 41 | AP26: 233 | AQ26: 0 | AR26: 265 | AS26: 84 | AT26: 196 | AU26: =SUM(AL26:AT26) -> 892
A27: Apr | B27: 4 | C27: 1 | D27: 4 | E27: 8 | F27: 413 | G27: 4 | H27: 55 | I27: 224 | J27: 77 | K27: =SUM(B27:J27) -> 790 | M27: Apr | N27: 4 | O27: 2 | P27: 36 | Q27: 16 | R27: 359 | S27: 0 | T27: 274 | U27: 200 | V27: 365 | W27: =SUM(N27:V27) -> 1256 | Y27: Apr | Z27: 20 | AA27: 4 | AB27: 45 | AC27: 18 | AD27: 249 | AE27: 0 | AF27: 253 | AG27: 237 | AH27: 226 | AI27: =SUM(Z27:AH27) -> 1052 | AK27: Apr | AL27: 17 | AM27: 2 | AN27: 60 | AO27: 26 | AP27: 152 | AQ27: 0 | AR27: 236 | AS27: 85 | AT27: 160 | AU27: =SUM(AL27:AT27) -> 738
A28: May | B28: 1 | C28: 0 | D28: 7 | E28: 1 | F28: 84 | G28: 0 | H28: 13 | I28: 17 | J28: 4 | K28: =SUM(B28:J28) -> 127 | M28: May | N28: 4 | O28: 6 | P28: 38 | Q28: 24 | R28: 354 | S28: 1 | T28: 266 | U28: 239 | V28: 338 | W28: =SUM(N28:V28) -> 1270 | Y28: May | Z28: 31 | AA28: 15 | AB28: 65 | AC28: 12 | AD28: 260 | AE28: 0 | AF28: 295 | AG28: 213 | AH28: 222 | AI28: =SUM(Z28:AH28) -> 1113 | AK28: May | AL28: 34 | AM28: 6 | AN28: 63 | AO28: 28 | AP28: 284 | AQ28: 0 | AR28: 332 | AS28: 148 | AT28: 217 | AU28: =SUM(AL28:AT28) -> 1112
A29: Jun | B29: 0 | C29: 0 | D29: 0 | E29: 0 | F29: 0 | G29: 0 | H29: 0 | I29: 0 | J29: 0 | K29: =SUM(B29:J29) -> 0 | M29: Jun | N29: 3 | O29: 4 | P29: 23 | Q29: 7 | R29: 332 | S29: 0 | T29: 206 | U29: 269 | V29: 277 | W29: =SUM(N29:V29) -> 1121 | Y29: Jun | Z29: 21 | AA29: 1 | AB29: 47 | AC29: 9 | AD29: 196 | AE29: 0 | AF29: 206 | AG29: 176 | AH29: 153 | AI29: =SUM(Z29:AH29) -> 809 | AK29: Jun | AL29: 21 | AM29: 3 | AN29: 41 | AO29: 13 | AP29: 213 | AQ29: 0 | AR29: 249 | AS29: 123 | AT29: 175 | AU29: =SUM(AL29:AT29) -> 838
A30: Jul | B30: 0 | C30: 0 | D30: 0 | E30: 0 | F30: 0 | G30: 0 | H30: 0 | I30: 0 | J30: 0 | K30: =SUM(B30:J30) -> 0 | M30: Jul | N30: 3 | O30: 2 | P30: 42 | Q30: 17 | R30: 499 | S30: 0 | T30: 261 | U30: 251 | V30: 299 | W30: =SUM(N30:V30) -> 1374 | Y30: Jul | Z30: 26 | AA30: 3 | AB30: 33 | AC30: 8 | AD30: 189 | AE30: 0 | AF30: 210 | AG30: 153 | AH30: 220 | AI30: =SUM(Z30:AH30) -> 842 | AK30: Jul | AL30: 52 | AM30: 8 | AN30: 42 | AO30: 17 | AP30: 185 | AQ30: 0 | AR30: 295 | AS30: 161 | AT30: 177 | AU30: =SUM(AL30:AT30) -> 937
A31: Aug | B31: 0 | C31: 0 | D31: 0 | E31: 0 | F31: 0 | G31: 0 | H31: 0 | I31: 0 | J31: 0 | K31: =SUM(B31:J31) -> 0 | M31: Aug | N31: 5 | O31: 1 | P31: 17 | Q31: 13 | R31: 378 | S31: 2 | T31: 219 | U31: 194 | V31: 216 | W31: =SUM(N31:V31) -> 1045 | Y31: Aug | Z31: 15 | AA31: 2 | AB31: 41 | AC31: 13 | AD31: 211 | AE31: 0 | AF31: 170 | AG31: 118 | AH31: 161 | AI31: =SUM(Z31:AH31) -> 731 | AK31: Aug | AL31: 44 | AM31: 10 | AN31: 47 | AO31: 33 | AP31: 160 | AQ31: 0 | AR31: 202 | AS31: 192 | AT31: 145 | AU31: =SUM(AL31:AT31) -> 833
A32: Sep | B32: 0 | C32: 0 | D32: 0 | E32: 0 | F32: 0 | G32: 0 | H32: 0 | I32: 0 | J32: 0 | K32: =SUM(B32:J32) -> 0 | M32: Sep | N32: 0 | O32: 0 | P32: 25 | Q32: 13 | R32: 333 | S32: 5 | T32: 218 | U32: 185 | V32: 257 | W32: =SUM(N32:V32) -> 1036 | Y32: Sep | Z32: 10 | AA32: 5 | AB32: 26 | AC32: 13 | AD32: 163 | AE32: 0 | AF32: 207 | AG32: 140 | AH32: 136 | AI32: =SUM(Z32:AH32) -> 700 | AK32: Sep | AL32: 15 | AM32: 12 | AN32: 50 | AO32: 16 | AP32: 195 | AQ32: 0 | AR32: 257 | AS32: 138 | AT32: 162 | AU32: =SUM(AL32:AT32) -> 845
A33: Oct | B33: 0 | C33: 0 | D33: 0 | E33: 0 | F33: 0 | G33: 0 | H33: 0 | I33: 0 | J33: 0 | K33: =SUM(B33:J33) -> 0 | M33: Oct | N33: 1 | O33: 0 | P33: 22 | Q33: 10 | R33: 444 | S33: 2 | T33: 184 | U33: 151 | V33: 276 | W33: =SUM(N33:V33) -> 1090 | Y33: Oct | Z33: 2 | AA33: 2 | AB33: 38 | AC33: 6 | AD33: 200 | AE33: 0 | AF33: 201 | AG33: 128 | AH33: 168 | AI33: =SUM(Z33:AH33) -> 745 | AK33: Oct | AL33: 35 | AM33: 8 | AN33: 29 | AO33: 40 | AP33: 252 | AQ33: 0 | AR33: 288 | AS33: 149 | AT33: 218 | AU33: =SUM(AL33:AT33) -> 1019
A34: Nov | B34: 0 | C34: 0 | D34: 0 | E34: 0 | F34: 0 | G34: 0 | H34: 0 | I34: 0 | J34: 0 | K34: =SUM(B34:J34) -> 0 | M34: Nov | N34: 8 | O34: 1 | P34: 18 | Q34: 11 | R34: 294 | S34: 2 | T34: 164 | U34: 144 | V34: 185 | W34: =SUM(N34:V34) -> 827 | Y34: Nov | Z34: 8 | AA34: 4 | AB34: 49 | AC34: 6 | AD34: 219 | AE34: 0 | AF34: 191 | AG34: 170 | AH34: 158 | AI34: =SUM(Z34:AH34) -> 805 | AK34: Nov | AL34: 30 | AM34: 7 | AN34: 60 | AO34: 31 | AP34: 189 | AQ34: 0 | AR34: 315 | AS34: 164 | AT34: 174 | AU34: =SUM(AL34:AT34) -> 970
A35: Dec | B35: 0 | C35: 0 | D35: 0 | E35: 0 | F35: 0 | G35: 0 | H35: 0 | I35: 0 | J35: 0 | K35: =SUM(B35:J35) -> 0 | M35: Dec | N35: 1 | O35: 0 | P35: 19 | Q35: 6 | R35: 329 | S35: 2 | T35: 193 | U35: 126 | V35: 219 | W35: =SUM(N35:V35) -> 895 | Y35: Dec | Z35: 11 | AA35: 3 | AB35: 28 | AC35: 12 | AD35: 242 | AE35: 0 | AF35: 238 | AG35: 141 | AH35: 213 | AI35: =SUM(Z35:AH35) -> 888 | AK35: Dec | AL35: 17 | AM35: 11 | AN35: 45 | AO35: 16 | AP35: 273 | AQ35: 0 | AR35: 293 | AS35: 126 | AT35: 152 | AU35: =SUM(AL35:AT35) -> 933
A36: Grand Total | B36: =SUM(B24:B35) -> 13 | C36: =SUM(C24:C35) -> 15 | D36: =SUM(D24:D35) -> 68 | E36: =SUM(E24:E35) -> 18 | F36: =SUM(F24:F35) -> 1150 | G36: =SUM(G24:G35) -> 14 | H36: =SUM(H24:H35) -> 392 | I36: =SUM(I24:I35) -> 565 | ... K36: =SUM(K24:K35) -> 2753 | M36: Grand Total | N36: =SUM(N24:N35) -> 46 | O36: =SUM(O24:O35) -> 29 | P36: =SUM(P24:P35) -> 342 | Q36: =SUM(Q24:Q35) -> 144 | R36: =SUM(R24:R35) -> 4153 | S36: =SUM(S24:S35) -> 14 | T36: =SUM(T24:T35) -> 2704 | U36: =SUM(U24:U35) -> 2469 | ... W36: =SUM(W24:W35) -> 13101 | Y36: Grand Total | Z36: =SUM(Z24:Z35) -> 212 | AA36: =SUM(AA24:AA35) -> 57 | AB36: =SUM(AB24:AB35) -> 519 | AC36: =SUM(AC24:AC35) -> 155 | AD36: =SUM(AD24:AD35) -> 2575 | AE36: =SUM(AE24:AE35) -> 0 | AF36: =SUM(AF24:AF35) -> 2841 | AG36: =SUM(AG24:AG35) -> 1898 | ... AI36: =SUM(AI24:AI35) -> 10580 | AK36: Grand Total | AL36: =SUM(AL24:AL35) -> 363 | AM36: =SUM(AM24:AM35) -> 95 | AN36: =SUM(AN24:AN35) -> 568 | AO36: =SUM(AO24:AO35) -> 370 | AP36: =SUM(AP24:AP35) -> 2464 | AQ36: =SUM(AQ24:AQ35) -> 0 | AR36: =SUM(AR24:AR35) -> 3163 | AS36: =SUM(AS24:AS35) -> 1496 | ... AU36: =SUM(AU24:AU35) -> 10738
A37: % of Mode from Registration | B37: =B36/$K36 -> 0.0047221213 | C37: =C36/$K36 -> 0.0054486015 | D37: =D36/$K36 -> 0.024700327 | E37: =E36/$K36 -> 0.0065383218 | F37: =F36/$K36 -> 0.41772612 | G37: =G36/$K36 -> 0.0050853614 | H37: =H36/$K36 -> 0.14239012 | I37: =I36/$K36 -> 0.20523066 | ... K37: =K36/$K36 -> 1 | M37: % of Mode from Registration | N37: =N36/$W36 -> 0.0035111824 | O37: =O36/$W36 -> 0.0022135715 | P37: =P36/$W36 -> 0.026104877 | Q37: =Q36/$W36 -> 0.010991527 | R37: =R36/$W36 -> 0.3169987 | S37: =S36/$W36 -> 0.0010686207 | T37: =T36/$W36 -> 0.20639646 | U37: =U36/$W36 -> 0.1884589 | ... W37: =W36/$W36 -> 1 | Y37: % of Mode from Registration | Z37: =Z36/$AI36 -> 0.020037807 | AA37: =AA36/$AI36 -> 0.0053875236 | AB37: =AB36/$AI36 -> 0.04905482 | AC37: =AC36/$AI36 -> 0.014650284 | AD37: =AD36/$AI36 -> 0.24338374 | AE37: =AE36/$AI36 -> 0 | AF37: =AF36/$AI36 -> 0.26852552 | AG37: =AG36/$AI36 -> 0.17939509 | ... AI37: =AI36/$AI36 -> 1 | AK37: % of Mode from Registration | AL37: =AL36/$AU36 -> 0.033805178 | AM37: =AM36/$AU36 -> 0.0088470851 | AN37: =AN36/$AU36 -> 0.052896256 | AO37: =AO36/$AU36 -> 0.034457068 | AP37: =AP36/$AU36 -> 0.22946545 | AQ37: =AQ36/$AU36 -> 0 | AR37: =AR36/$AU36 -> 0.29456137 | AS37: =AS36/$AU36 -> 0.13931831 | ... AU37: =AU36/$AU36 -> 1
A39: Other charges | M39: Other charges | Y39: Other charges | AK39: Other charges
A40: Month | B40: CDM Payment | D40: Cheque payment | E40: Card Payment | G40: Sobha One | H40: Cash payment | I40: Wire Transfer Paymment | K40: Grand Total | M40: Month | N40: CDM Payment | P40: Cheque payment | Q40: Card Payment | S40: Sobha One | T40: Cash payment | U40: Wire Transfer Paymment | W40: Grand Total | Y40: Month | Z40: CDM Payment | AB40: Cheque payment | AC40: Card Payment | AE40: Sobha One | AF40: Cash payment | AG40: Wire Transfer Paymment | AI40: Grand Total | AK40: Month | AL40: CDM Payment | AN40: Cheque payment | AO40: Card Payment | AQ40: Sobha One | AR40: Cash payment | AS40: Wire Transfer Paymment | AU40: Grand Total
B41: CDM Cash | C41: CDM Cheque | D41: Cheque | E41: Credit Card | F41: Website (Payment link) | G41: Sobha One App | H41: OTC Deposit | I41: DWT(Domestic) | J41: IWT(International) | N41: CDM Cash | O41: CDM Cheque | P41: Cheque | Q41: Credit Card | R41: Website (Payment link) | S41: Sobha One App | T41: OTC Deposit | U41: DWT(Domestic) | V41: IWT(International) | Z41: CDM Cash | AA41: CDM Cheque | AB41: Cheque | AC41: Credit Card | AD41: Website (Payment link) | AE41: Sobha One App | AF41: OTC Deposit | AG41: DWT(Domestic) | AH41: IWT(International) | AL41: CDM Cash | AM41: CDM Cheque | AN41: Cheque | AO41: Credit Card | AP41: Website (Payment link) | AQ41: Sobha One App | AR41: OTC Deposit | AS41: DWT(Domestic) | AT41: IWT(International)
A42: Jan | B42: 4 | C42: 0 | D42: 9 | E42: 2 | F42: 167 | G42: 6 | H42: 42 | I42: 223 | J42: 192 | K42: =SUM(B42:J42) -> 645 | M42: Jan | N42: 22 | O42: 0 | P42: 16 | Q42: 0 | R42: 122 | S42: 0 | T42: 26 | U42: 183 | V42: 43 | W42: =SUM(N42:V42) -> 412 | Y42: Jan | Z42: 20 | AA42: 0 | AB42: 15 | AC42: 4 | AD42: 129 | AE42: 0 | AF42: 71 | AG42: 73 | AH42: 8 | AI42: =SUM(Z42:AH42) -> 320 | AK42: Jan | AL42: 4 | AM42: 0 | AN42: 1 | AO42: 14 | AP42: 11 | AQ42: 0 | AR42: 43 | AS42: 32 | AT42: 21 | AU42: =SUM(AL42:AT42) -> 126
A43: Feb | B43: 11 | C43: 0 | D43: 12 | E43: 15 | F43: 159 | G43: 5 | H43: 29 | I43: 213 | J43: 112 | K43: =SUM(B43:J43) -> 556 | M43: Feb | N43: 14 | O43: 1 | P43: 14 | Q43: 5 | R43: 148 | S43: 0 | T43: 17 | U43: 154 | V43: 21 | W43: =SUM(N43:V43) -> 374 | Y43: Feb | Z43: 18 | AA43: 1 | AB43: 13 | AC43: 3 | AD43: 178 | AE43: 0 | AF43: 50 | AG43: 80 | AH43: 5 | AI43: =SUM(Z43:AH43) -> 348 | AK43: Feb | AL43: 11 | AM43: 0 | AN43: 10 | AO43: 37 | AP43: 52 | AQ43: 0 | AR43: 8 | AS43: 28 | AT43: 13 | AU43: =SUM(AL43:AT43) -> 159
A44: Mar | B44: 12 | C44: 2 | D44: 4 | E44: 1 | F44: 116 | G44: 1 | H44: 19 | I44: 124 | J44: 93 | K44: =SUM(B44:J44) -> 372 | M44: Mar | N44: 4 | O44: 0 | P44: 20 | Q44: 4 | R44: 144 | S44: 0 | T44: 13 | U44: 119 | V44: 14 | W44: =SUM(N44:V44) -> 318 | Y44: Mar | Z44: 18 | AA44: 2 | AB44: 18 | AC44: 0 | AD44: 119 | AE44: 0 | AF44: 35 | AG44: 98 | AH44: 8 | AI44: =SUM(Z44:AH44) -> 298 | AK44: Mar | AL44: 8 | AM44: 0 | AN44: 8 | AO44: 14 | AP44: 76 | AQ44: 0 | AR44: 13 | AS44: 54 | AT44: 7 | AU44: =SUM(AL44:AT44) -> 180
A45: Apr | B45: 3 | C45: 4 | D45: 12 | E45: 9 | F45: 312 | G45: 1 | H45: 93 | I45: 282 | J45: 85 | K45: =SUM(B45:J45) -> 801 | M45: Apr | N45: 13 | O45: 0 | P45: 18 | Q45: 2 | R45: 119 | S45: 0 | T45: 24 | U45: 113 | V45: 16 | W45: =SUM(N45:V45) -> 305 | Y45: Apr | Z45: 15 | AA45: 0 | AB45: 34 | AC45: 3 | AD45: 63 | AE45: 0 | AF45: 21 | AG45: 45 | AH45: 6 | AI45: =SUM(Z45:AH45) -> 187 | AK45: Apr | AL45: 12 | AM45: 0 | AN45: 2 | AO45: 1 | AP45: 46 | AQ45: 0 | AR45: 12 | AS45: 26 | AT45: 4 | AU45: =SUM(AL45:AT45) -> 103
A46: May | B46: 0 | C46: 0 | D46: 1 | E46: 0 | F46: 58 | G46: 0 | H46: 20 | I46: 9 | J46: 12 | K46: =SUM(B46:J46) -> 100 | M46: May | N46: 18 | O46: 2 | P46: 28 | Q46: 11 | R46: 185 | S46: 0 | T46: 152 | U46: 637 | V46: 399 | W46: =SUM(N46:V46) -> 1432 | Y46: May | Z46: 32 | AA46: 2 | AB46: 16 | AC46: 4 | AD46: 73 | AE46: 0 | AF46: 43 | AG46: 105 | AH46: 5 | AI46: =SUM(Z46:AH46) -> 280 | AK46: May | AL46: 13 | AM46: 1 | AN46: 1 | AO46: 0 | AP46: 67 | AQ46: 0 | AR46: 24 | AS46: 54 | AT46: 3 | AU46: =SUM(AL46:AT46) -> 163
A47: Jun | B47: 0 | C47: 0 | D47: 0 | E47: 0 | F47: 0 | G47: 0 | H47: 0 | I47: 0 | J47: 0 | K47: =SUM(B47:J47) -> 0 | M47: Jun | N47: 29 | O47: 0 | P47: 20 | Q47: 15 | R47: 159 | S47: 0 | T47: 85 | U47: 512 | V47: 225 | W47: =SUM(N47:V47) -> 1045 | Y47: Jun | Z47: 3 | AA47: 1 | AB47: 6 | AC47: 2 | AD47: 60 | AE47: 0 | AF47: 31 | AG47: 92 | AH47: 5 | AI47: =SUM(Z47:AH47) -> 200 | AK47: Jun | AL47: 8 | AM47: 0 | AN47: 11 | AO47: 1 | AP47: 97 | AQ47: 0 | AR47: 10 | AS47: 42 | AT47: 6 | AU47: =SUM(AL47:AT47) -> 175
A48: Jul | B48: 0 | C48: 0 | D48: 0 | E48: 0 | F48: 0 | G48: 0 | H48: 0 | I48: 0 | J48: 0 | K48: =SUM(B48:J48) -> 0 | M48: Jul | N48: 42 | O48: 8 | P48: 41 | Q48: 64 | R48: 526 | S48: 0 | T48: 116 | U48: 568 | V48: 215 | W48: =SUM(N48:V48) -> 1580 | Y48: Jul | Z48: 10 | AA48: 0 | AB48: 7 | AC48: 4 | AD48: 62 | AE48: 0 | AF48: 36 | AG48: 71 | AH48: 3 | AI48: =SUM(Z48:AH48) -> 193 | AK48: Jul | AL48: 17 | AM48: 5 | AN48: 4 | AO48: 3 | AP48: 102 | AQ48: 0 | AR48: 14 | AS48: 66 | AT48: 3 | AU48: =SUM(AL48:AT48) -> 214
A49: Aug | B49: 0 | C49: 0 | D49: 0 | E49: 0 | F49: 0 | G49: 0 | H49: 0 | I49: 0 | J49: 0 | K49: =SUM(B49:J49) -> 0 | M49: Aug | N49: 15 | O49: 1 | P49: 30 | Q49: 27 | R49: 359 | S49: 3 | T49: 103 | U49: 415 | V49: 291 | W49: =SUM(N49:V49) -> 1244 | Y49: Aug | Z49: 6 | AA49: 0 | AB49: 14 | AC49: 0 | AD49: 70 | AE49: 0 | AF49: 18 | AG49: 68 | AH49: 8 | AI49: =SUM(Z49:AH49) -> 184 | AK49: Aug | AL49: 13 | AM49: 3 | AN49: 4 | AO49: 0 | AP49: 137 | AQ49: 0 | AR49: 20 | AS49: 103 | AT49: 7 | AU49: =SUM(AL49:AT49) -> 287
A50: Sep | B50: 0 | C50: 0 | D50: 0 | E50: 0 | F50: 0 | G50: 0 | H50: 0 | I50: 0 | J50: 0 | K50: =SUM(B50:J50) -> 0 | M50: Sep | N50: 2 | O50: 0 | P50: 32 | Q50: 19 | R50: 212 | S50: 1 | T50: 131 | U50: 239 | V50: 295 | W50: =SUM(N50:V50) -> 931 | Y50: Sep | Z50: 8 | AA50: 0 | AB50: 9 | AC50: 2 | AD50: 64 | AE50: 0 | AF50: 21 | AG50: 55 | AH50: 3 | AI50: =SUM(Z50:AH50) -> 162 | AK50: Sep | AL50: 8 | AM50: 0 | AN50: 1 | AO50: 1 | AP50: 133 | AQ50: 0 | AR50: 36 | AS50: 74 | AT50: 8 | AU50: =SUM(AL50:AT50) -> 261
A51: Oct | B51: 0 | C51: 0 | D51: 0 | E51: 0 | F51: 0 | G51: 0 | H51: 0 | I51: 0 | J51: 0 | K51: =SUM(B51:J51) -> 0 | M51: Oct | N51: 14 | O51: 0 | P51: 20 | Q51: 6 | R51: 229 | S51: 1 | T51: 64 | U51: 164 | V51: 57 | W51: =SUM(N51:V51) -> 555 | Y51: Oct | Z51: 4 | AA51: 1 | AB51: 15 | AC51: 0 | AD51: 61 | AE51: 0 | AF51: 36 | AG51: 62 | AH51: 5 | AI51: =SUM(Z51:AH51) -> 184 | AK51: Oct | AL51: 19 | AM51: 3 | AN51: 6 | AO51: 2 | AP51: 136 | AQ51: 0 | AR51: 54 | AS51: 49 | AT51: 6 | AU51: =SUM(AL51:AT51) -> 275
A52: Nov | B52: 0 | C52: 0 | D52: 0 | E52: 0 | F52: 0 | G52: 0 | H52: 0 | I52: 0 | J52: 0 | K52: =SUM(B52:J52) -> 0 | M52: Nov | N52: 8 | O52: 5 | P52: 37 | Q52: 3 | R52: 175 | S52: 3 | T52: 57 | U52: 241 | V52: 205 | W52: =SUM(N52:V52) -> 734 | Y52: Nov | Z52: 8 | AA52: 1 | AB52: 8 | AC52: 2 | AD52: 83 | AE52: 0 | AF52: 31 | AG52: 62 | AH52: 4 | AI52: =SUM(Z52:AH52) -> 199 | AK52: Nov | AL52: 27 | AM52: 2 | AN52: 74 | AO52: 0 | AP52: 76 | AQ52: 0 | AR52: 62 | AS52: 69 | AT52: 9 | AU52: =SUM(AL52:AT52) -> 319
A53: Dec | B53: 0 | C53: 0 | D53: 0 | E53: 0 | F53: 0 | G53: 0 | H53: 0 | I53: 0 | J53: 0 | K53: =SUM(B53:J53) -> 0 | M53: Dec | N53: 8 | O53: 2 | P53: 22 | Q53: 10 | R53: 148 | S53: 1 | T53: 42 | U53: 185 | V53: 82 | W53: =SUM(N53:V53) -> 500 | Y53: Dec | Z53: 10 | AA53: 2 | AB53: 13 | AC53: 1 | AD53: 76 | AE53: 0 | AF53: 18 | AG53: 55 | AH53: 5 | AI53: =SUM(Z53:AH53) -> 180 | AK53: Dec | AL53: 3 | AM53: 2 | AN53: 6 | AO53: 4 | AP53: 91 | AQ53: 0 | AR53: 80 | AS53: 80 | AT53: 4 | AU53: =SUM(AL53:AT53) -> 270
A54: Grand Total | B54: =SUM(B42:B53) -> 30 | C54: =SUM(C42:C53) -> 6 | D54: =SUM(D42:D53) -> 38 | E54: =SUM(E42:E53) -> 27 | F54: =SUM(F42:F53) -> 812 | G54: =SUM(G42:G53) -> 13 | H54: =SUM(H42:H53) -> 203 | I54: =SUM(I42:I53) -> 851 | ... K54: =SUM(K42:K53) -> 2474 | M54: Grand Total | N54: =SUM(N42:N53) -> 189 | O54: =SUM(O42:O53) -> 19 | P54: =SUM(P42:P53) -> 298 | Q54: =SUM(Q42:Q53) -> 166 | R54: =SUM(R42:R53) -> 2526 | S54: =SUM(S42:S53) -> 9 | T54: =SUM(T42:T53) -> 830 | U54: =SUM(U42:U53) -> 3530 | ... W54: =SUM(W42:W53) -> 9430 | Y54: Grand Total | Z54: =SUM(Z42:Z53) -> 152 | AA54: =SUM(AA42:AA53) -> 10 | AB54: =SUM(AB42:AB53) -> 168 | AC54: =SUM(AC42:AC53) -> 25 | AD54: =SUM(AD42:AD53) -> 1038 | AE54: =SUM(AE42:AE53) -> 0 | AF54: =SUM(AF42:AF53) -> 411 | AG54: =SUM(AG42:AG53) -> 866 | ... AI54: =SUM(AI42:AI53) -> 2735 | AK54: Grand Total | AL54: =SUM(AL42:AL53) -> 143 | AM54: =SUM(AM42:AM53) -> 16 | AN54: =SUM(AN42:AN53) -> 128 | AO54: =SUM(AO42:AO53) -> 77 | AP54: =SUM(AP42:AP53) -> 1024 | AQ54: =SUM(AQ42:AQ53) -> 0 | AR54: =SUM(AR42:AR53) -> 376 | AS54: =SUM(AS42:AS53) -> 677 | ... AU54: =SUM(AU42:AU53) -> 2532
A55: % of Mode from Other charges | B55: =B54/$K54 -> 0.012126112 | C55: =C54/$K54 -> 0.0024252223 | D55: =D54/$K54 -> 0.015359741 | E55: =E54/$K54 -> 0.0109135 | F55: =F54/$K54 -> 0.32821342 | G55: =G54/$K54 -> 0.0052546483 | H55: =H54/$K54 -> 0.082053355 | I55: =I54/$K54 -> 0.34397736 | ... K55: =K54/$K54 -> 1 | M55: % of Mode from Other charges | N55: =N54/$W54 -> 0.020042418 | O55: =O54/$W54 -> 0.0020148462 | P55: =P54/$W54 -> 0.031601273 | Q55: =Q54/$W54 -> 0.017603393 | R55: =R54/$W54 -> 0.2678685 | S55: =S54/$W54 -> 0.00095440085 | T55: =T54/$W54 -> 0.088016967 | U55: =U54/$W54 -> 0.37433722 | ... W55: =W54/$W54 -> 1 | Y55: % of Mode from Other charges | Z55: =Z54/$AI54 -> 0.055575868 | AA55: =AA54/$AI54 -> 0.0036563071 | AB55: =AB54/$AI54 -> 0.06142596 | AC55: =AC54/$AI54 -> 0.0091407678 | AD55: =AD54/$AI54 -> 0.37952468 | AE55: =AE54/$AI54 -> 0 | AF55: =AF54/$AI54 -> 0.15027422 | AG55: =AG54/$AI54 -> 0.3166362 | ... AI55: =AI54/$AI54 -> 1 | AK55: % of Mode from Other charges | AL55: =AL54/$AU54 -> 0.056477093 | AM55: =AM54/$AU54 -> 0.0063191153 | AN55: =AN54/$AU54 -> 0.050552923 | AO55: =AO54/$AU54 -> 0.030410742 | AP55: =AP54/$AU54 -> 0.40442338 | AQ55: =AQ54/$AU54 -> 0 | AR55: =AR54/$AU54 -> 0.14849921 | AS55: =AS54/$AU54 -> 0.26737757 | ... AU55: =AU54/$AU54 -> 1
A57: Due + Advance | M57: Due + Advance | Y57: Due + Advance | AK57: Due + Advance
A58: Month | B58: CDM Payment | D58: Cheque payment | E58: Card Payment | G58: Sobha One | H58: Cash payment | I58: Wire Transfer Paymment | K58: Grand Total | M58: Month | N58: CDM Payment | P58: Cheque payment | Q58: Card Payment | S58: Sobha One | T58: Cash payment | U58: Wire Transfer Paymment | W58: Grand Total | Y58: Month | Z58: CDM Payment | AB58: Cheque payment | AC58: Card Payment | AE58: Sobha One | AF58: Cash payment | AG58: Wire Transfer Paymment | AI58: Grand Total | AK58: Month | AL58: CDM Payment | AN58: Cheque payment | AO58: Card Payment | AQ58: Sobha One | AR58: Cash payment | AS58: Wire Transfer Paymment | AU58: Grand Total
B59: CDM Cash | C59: CDM Cheque | D59: Cheque | E59: Credit Card | F59: Website (Payment link) | G59: Sobha One App | H59: OTC Deposit | I59: DWT(Domestic) | J59: IWT(International) | N59: CDM Cash | O59: CDM Cheque | P59: Cheque | Q59: Credit Card | R59: Website (Payment link) | S59: Sobha One App | T59: OTC Deposit | U59: DWT(Domestic) | V59: IWT(International) | Z59: CDM Cash | AA59: CDM Cheque | AB59: Cheque | AC59: Credit Card | AD59: Website (Payment link) | AE59: Sobha One App | AF59: OTC Deposit | AG59: DWT(Domestic) | AH59: IWT(International) | AL59: CDM Cash | AM59: CDM Cheque | AN59: Cheque | AO59: Credit Card | AP59: Website (Payment link) | AQ59: Sobha One App | AR59: OTC Deposit | AS59: DWT(Domestic) | AT59: IWT(International)
A60: Jan | B60: 487 | C60: 46 | D60: 396 | E60: 131 | F60: 1598 | G60: 1722 | H60: 26 | I60: 2228 | J60: 1636 | K60: =SUM(B60:J60) -> 8270 | M60: Jan | N60: 560 | O60: 22 | P60: 532 | Q60: 134 | R60: 1611 | S60: 11 | T60: 22 | U60: 1662 | V60: 1211 | W60: =SUM(N60:V60) -> 5765 | Y60: Jan | Z60: 696 | AA60: 17 | AB60: 463 | AC60: 123 | AD60: 539 | AE60: 0 | AF60: 10 | AG60: 803 | AH60: 646 | AI60: =SUM(Z60:AH60) -> 3297 | AK60: Jan | AL60: 225 | AM60: 7 | AN60: 171 | AO60: 119 | AP60: 420 | AQ60: 0 | AR60: 357 | AS60: 160 | AT60: 609 | AU60: =SUM(AL60:AT60) -> 2068
A61: Feb | B61: 476 | C61: 50 | D61: 404 | E61: 191 | F61: 985 | G61: 1907 | H61: 52 | I61: 1948 | J61: 1356 | K61: =SUM(B61:J61) -> 7369 | M61: Feb | N61: 609 | O61: 33 | P61: 662 | Q61: 108 | R61: 1931 | S61: 13 | T61: 12 | U61: 1627 | V61: 1153 | W61: =SUM(N61:V61) -> 6148 | Y61: Feb | Z61: 677 | AA61: 24 | AB61: 491 | AC61: 117 | AD61: 658 | AE61: 1 | AF61: 35 | AG61: 824 | AH61: 635 | AI61: =SUM(Z61:AH61) -> 3462 | AK61: Feb | AL61: 515 | AM61: 14 | AN61: 368 | AO61: 92 | AP61: 410 | AQ61: 0 | AR61: 50 | AS61: 385 | AT61: 458 | AU61: =SUM(AL61:AT61) -> 2292
A62: Mar | B62: 220 | C62: 50 | D62: 209 | E62: 69 | F62: 873 | G62: 1653 | H62: 25 | I62: 1531 | J62: 1157 | K62: =SUM(B62:J62) -> 5787 | M62: Mar | N62: 734 | O62: 32 | P62: 686 | Q62: 82 | R62: 1700 | S62: 87 | T62: 14 | U62: 1828 | V62: 1368 | W62: =SUM(N62:V62) -> 6531 | Y62: Mar | Z62: 593 | AA62: 25 | AB62: 528 | AC62: 85 | AD62: 745 | AE62: 2 | AF62: 15 | AG62: 840 | AH62: 623 | AI62: =SUM(Z62:AH62) -> 3456 | AK62: Mar | AL62: 516 | AM62: 19 | AN62: 359 | AO62: 122 | AP62: 458 | AQ62: 0 | AR62: 54 | AS62: 482 | AT62: 652 | AU62: =SUM(AL62:AT62) -> 2662
A63: Apr | B63: 210 | C63: 35 | D63: 270 | E63: 52 | F63: 1224 | G63: 1435 | H63: 321 | I63: 1596 | J63: 1055 | K63: =SUM(B63:J63) -> 6198 | M63: Apr | N63: 544 | O63: 21 | P63: 733 | Q63: 126 | R63: 1833 | S63: 175 | T63: 28 | U63: 2063 | V63: 1576 | W63: =SUM(N63:V63) -> 7099 | Y63: Apr | Z63: 524 | AA63: 25 | AB63: 355 | AC63: 47 | AD63: 709 | AE63: 8 | AF63: 20 | AG63: 886 | AH63: 588 | AI63: =SUM(Z63:AH63) -> 3162 | AK63: Apr | AL63: 511 | AM63: 19 | AN63: 308 | AO63: 110 | AP63: 455 | AQ63: 0 | AR63: 38 | AS63: 426 | AT63: 424 | AU63: =SUM(AL63:AT63) -> 2291
A64: May | B64: 5 | C64: 1 | D64: 109 | E64: 3 | F64: 215 | G64: 306 | H64: 45 | I64: 138 | J64: 70 | K64: =SUM(B64:J64) -> 892 | M64: May | N64: 674 | O64: 30 | P64: 838 | Q64: 101 | R64: 2180 | S64: 255 | T64: 56 | U64: 2410 | V64: 1745 | W64: =SUM(N64:V64) -> 8289 | Y64: May | Z64: 785 | AA64: 36 | AB64: 479 | AC64: 58 | AD64: 945 | AE64: 5 | AF64: 8 | AG64: 1051 | AH64: 660 | AI64: =SUM(Z64:AH64) -> 4027 | AK64: May | AL64: 447 | AM64: 15 | AN64: 356 | AO64: 84 | AP64: 606 | AQ64: 0 | AR64: 65 | AS64: 452 | AT64: 445 | AU64: =SUM(AL64:AT64) -> 2470
A65: Jun | B65: 0 | C65: 0 | D65: 0 | E65: 0 | F65: 0 | G65: 0 | H65: 0 | I65: 0 | J65: 0 | K65: =SUM(B65:J65) -> 0 | M65: Jun | N65: 676 | O65: 29 | P65: 496 | Q65: 75 | R65: 2118 | S65: 200 | T65: 29 | U65: 2142 | V65: 1608 | W65: =SUM(N65:V65) -> 7373 | Y65: Jun | Z65: 515 | AA65: 33 | AB65: 472 | AC65: 47 | AD65: 793 | AE65: 1 | AF65: 7 | AG65: 886 | AH65: 650 | AI65: =SUM(Z65:AH65) -> 3404 | AK65: Jun | AL65: 481 | AM65: 40 | AN65: 246 | AO65: 51 | AP65: 452 | AQ65: 0 | AR65: 32 | AS65: 416 | AT65: 368 | AU65: =SUM(AL65:AT65) -> 2086
A66: Jul | B66: 0 | C66: 0 | D66: 0 | E66: 0 | F66: 0 | G66: 0 | H66: 0 | I66: 0 | J66: 0 | K66: =SUM(B66:J66) -> 0 | M66: Jul | N66: 541 | O66: 23 | P66: 658 | Q66: 127 | R66: 2349 | S66: 307 | T66: 23 | U66: 2405 | V66: 1727 | W66: =SUM(N66:V66) -> 8160 | Y66: Jul | Z66: 696 | AA66: 17 | AB66: 434 | AC66: 86 | AD66: 954 | AE66: 3 | AF66: 14 | AG66: 1012 | AH66: 831 | AI66: =SUM(Z66:AH66) -> 4047 | AK66: Jul | AL66: 550 | AM66: 14 | AN66: 351 | AO66: 107 | AP66: 486 | AQ66: 0 | AR66: 29 | AS66: 479 | AT66: 467 | AU66: =SUM(AL66:AT66) -> 2483
A67: Aug | B67: 0 | C67: 0 | D67: 0 | E67: 0 | F67: 0 | G67: 0 | H67: 0 | I67: 0 | J67: 0 | K67: =SUM(B67:J67) -> 0 | M67: Aug | N67: 451 | O67: 23 | P67: 591 | Q67: 130 | R67: 1944 | S67: 535 | T67: 44 | U67: 2123 | V67: 1490 | W67: =SUM(N67:V67) -> 7331 | Y67: Aug | Z67: 544 | AA67: 28 | AB67: 478 | AC67: 91 | AD67: 992 | AE67: 3 | AF67: 61 | AG67: 1027 | AH67: 820 | AI67: =SUM(Z67:AH67) -> 4044 | AK67: Aug | AL67: 618 | AM67: 22 | AN67: 577 | AO67: 105 | AP67: 576 | AQ67: 0 | AR67: 16 | AS67: 576 | AT67: 522 | AU67: =SUM(AL67:AT67) -> 3012
A68: Sep | B68: 0 | C68: 0 | D68: 0 | E68: 0 | F68: 0 | G68: 0 | H68: 0 | I68: 0 | J68: 0 | K68: =SUM(B68:J68) -> 0 | M68: Sep | N68: 444 | O68: 46 | P68: 535 | Q68: 87 | R68: 1955 | S68: 533 | T68: 28 | U68: 2214 | V68: 1743 | W68: =SUM(N68:V68) -> 7585 | Y68: Sep | Z68: 542 | AA68: 18 | AB68: 471 | AC68: 50 | AD68: 938 | AE68: 0 | AF68: 24 | AG68: 1274 | AH68: 867 | AI68: =SUM(Z68:AH68) -> 4184 | AK68: Sep | AL68: 410 | AM68: 46 | AN68: 418 | AO68: 144 | AP68: 508 | AQ68: 0 | AR68: 15 | AS68: 719 | AT68: 444 | AU68: =SUM(AL68:AT68) -> 2704
A69: Oct | B69: 0 | C69: 0 | D69: 0 | E69: 0 | F69: 0 | G69: 0 | H69: 0 | I69: 0 | J69: 0 | K69: =SUM(B69:J69) -> 0 | M69: Oct | N69: 513 | O69: 27 | P69: 576 | Q69: 109 | R69: 1977 | S69: 903 | T69: 50 | U69: 2449 | V69: 1665 | W69: =SUM(N69:V69) -> 8269 | Y69: Oct | Z69: 521 | AA69: 23 | AB69: 567 | AC69: 73 | AD69: 1066 | AE69: 0 | AF69: 17 | AG69: 1230 | AH69: 944 | AI69: =SUM(Z69:AH69) -> 4441 | AK69: Oct | AL69: 525 | AM69: 49 | AN69: 507 | AO69: 103 | AP69: 670 | AQ69: 0 | AR69: 14 | AS69: 554 | AT69: 483 | AU69: =SUM(AL69:AT69) -> 2905
A70: Nov | B70: 0 | C70: 0 | D70: 0 | E70: 0 | F70: 0 | G70: 0 | H70: 0 | I70: 0 | J70: 0 | K70: =SUM(B70:J70) -> 0 | M70: Nov | N70: 470 | O70: 55 | P70: 668 | Q70: 114 | R70: 1658 | S70: 1104 | T70: 44 | U70: 2202 | V70: 1407 | W70: =SUM(N70:V70) -> 7722 | Y70: Nov | Z70: 713 | AA70: 30 | AB70: 594 | AC70: 83 | AD70: 1189 | AE70: 7 | AF70: 14 | AG70: 1437 | AH70: 898 | AI70: =SUM(Z70:AH70) -> 4965 | AK70: Nov | AL70: 631 | AM70: 23 | AN70: 545 | AO70: 99 | AP70: 574 | AQ70: 1 | AR70: 18 | AS70: 646 | AT70: 574 | AU70: =SUM(AL70:AT70) -> 3111
A71: Dec | B71: 0 | C71: 0 | D71: 0 | E71: 0 | F71: 0 | G71: 0 | H71: 0 | I71: 0 | J71: 0 | K71: =SUM(B71:J71) -> 0 | M71: Dec | N71: 506 | O71: 48 | P71: 445 | Q71: 123 | R71: 1726 | S71: 1233 | T71: 70 | U71: 2290 | V71: 1653 | W71: =SUM(N71:V71) -> 8094 | Y71: Dec | Z71: 565 | AA71: 26 | AB71: 523 | AC71: 93 | AD71: 1266 | AE71: 17 | AF71: 29 | AG71: 1429 | AH71: 1047 | AI71: =SUM(Z71:AH71) -> 4995 | AK71: Dec | AL71: 694 | AM71: 69 | AN71: 432 | AO71: 84 | AP71: 636 | AQ71: 0 | AR71: 10 | AS71: 763 | AT71: 552 | AU71: =SUM(AL71:AT71) -> 3240
A72: Grand Total | B72: =SUM(B60:B71) -> 1398 | C72: =SUM(C60:C71) -> 182 | D72: =SUM(D60:D71) -> 1388 | E72: =SUM(E60:E71) -> 446 | F72: =SUM(F60:F71) -> 4895 | G72: =SUM(G60:G71) -> 7023 | H72: =SUM(H60:H71) -> 469 | I72: =SUM(I60:I71) -> 7441 | ... K72: =SUM(K60:K71) -> 28516 | M72: Grand Total | N72: =SUM(N60:N71) -> 6722 | O72: =SUM(O60:O71) -> 389 | P72: =SUM(P60:P71) -> 7420 | Q72: =SUM(Q60:Q71) -> 1316 | R72: =SUM(R60:R71) -> 22982 | S72: =SUM(S60:S71) -> 5356 | T72: =SUM(T60:T71) -> 420 | U72: =SUM(U60:U71) -> 25415 | ... W72: =SUM(W60:W71) -> 88366 | Y72: Grand Total | Z72: =SUM(Z60:Z71) -> 7371 | AA72: =SUM(AA60:AA71) -> 302 | AB72: =SUM(AB60:AB71) -> 5855 | AC72: =SUM(AC60:AC71) -> 953 | AD72: =SUM(AD60:AD71) -> 10794 | AE72: =SUM(AE60:AE71) -> 47 | AF72: =SUM(AF60:AF71) -> 254 | AG72: =SUM(AG60:AG71) -> 12699 | ... AI72: =SUM(AI60:AI71) -> 47484 | AK72: Grand Total | AL72: =SUM(AL60:AL71) -> 6123 | AM72: =SUM(AM60:AM71) -> 337 | AN72: =SUM(AN60:AN71) -> 4638 | AO72: =SUM(AO60:AO71) -> 1220 | AP72: =SUM(AP60:AP71) -> 6251 | AQ72: =SUM(AQ60:AQ71) -> 1 | AR72: =SUM(AR60:AR71) -> 698 | AS72: =SUM(AS60:AS71) -> 6058 | ... AU72: =SUM(AU60:AU71) -> 31324
A73: % of Mode from Dues+ Advance | B73: =B72/$K72 -> 0.049025109 | C73: =C72/$K72 -> 0.0063823818 | D73: =D72/$K72 -> 0.048674428 | E73: =E72/$K72 -> 0.015640342 | F73: =F72/$K72 -> 0.17165802 | G73: =G72/$K72 -> 0.24628279 | H73: =H72/$K72 -> 0.016446907 | I73: =I72/$K72 -> 0.26094123 | ... K73: =K72/$K72 -> 1 | M73: % of Mode from Dues+ Advance | N73: =N72/$W72 -> 0.076069982 | O73: =O72/$W72 -> 0.0044021456 | P73: =P72/$W72 -> 0.083968947 | Q73: =Q72/$W72 -> 0.014892606 | R73: =R72/$W72 -> 0.26007741 | S73: =S72/$W72 -> 0.060611547 | T73: =T72/$W72 -> 0.0047529593 | U73: =U72/$W72 -> 0.28761062 | ... W73: =W72/$W72 -> 1 | Y73: % of Mode from Dues+ Advance | Z73: =Z72/$AI72 -> 0.15523124 | AA73: =AA72/$AI72 -> 0.0063600371 | AB73: =AB72/$AI72 -> 0.12330469 | AC73: =AC72/$AI72 -> 0.020069918 | AD73: =AD72/$AI72 -> 0.22731868 | AE73: =AE72/$AI72 -> 0.00098980709 | AF73: =AF72/$AI72 -> 0.0053491702 | AG73: =AG72/$AI72 -> 0.26743745 | ... AI73: =AI72/$AI72 -> 1 | AK73: % of Mode from Dues+ Advance | AL73: =AL72/$AU72 -> 0.19547312 | AM73: =AM72/$AU72 -> 0.010758524 | AN73: =AN72/$AU72 -> 0.14806538 | AO73: =AO72/$AU72 -> 0.038947772 | AP73: =AP72/$AU72 -> 0.19955944 | AQ73: =AQ72/$AU72 -> 3.1924403e-05 | AR73: =AR72/$AU72 -> 0.022283233 | AS73: =AS72/$AU72 -> 0.19339803 | ... AU73: =AU72/$AU72 -> 1
A76: Total Amount | M76: Total Amount | Y76: Total Amount | AK76: Total Amount
A77: Month | B77: CDM Payment | D77: Cheque payment | E77: Card Payment | G77: Sobha One | H77: Cash payment | I77: Wire Transfer Paymment | K77: Grand Total | M77: Month | N77: CDM Payment | P77: Cheque payment | Q77: Card Payment | S77: Sobha One | T77: Cash payment | U77: Wire Transfer Paymment | W77: Grand Total | Y77: Month | Z77: CDM Payment | AB77: Cheque payment | AC77: Card Payment | AE77: Sobha One | AF77: Cash payment | AG77: Wire Transfer Paymment | AI77: Grand Total | AK77: Month | AL77: CDM Payment | AN77: Cheque payment | AO77: Card Payment | AQ77: Sobha One | AR77: Cash payment | AS77: Wire Transfer Paymment | AU77: Grand Total
B78: CDM Cash | C78: CDM Cheque | D78: Cheque | E78: Credit Card | F78: Website (Payment link) | G78: Sobha One App | H78: OTC Deposit | I78: DWT(Domestic) | J78: IWT(International) | N78: CDM Cash | O78: CDM Cheque | P78: Cheque | Q78: Credit Card | R78: Website (Payment link) | S78: Sobha One App | T78: OTC Deposit | U78: DWT(Domestic) | V78: IWT(International) | Z78: CDM Cash | AA78: CDM Cheque | AB78: Cheque | AC78: Credit Card | AD78: Website (Payment link) | AE78: Sobha One App | AF78: OTC Deposit | AG78: DWT(Domestic) | AH78: IWT(International) | AL78: CDM Cash | AM78: CDM Cheque | AN78: Cheque | AO78: Credit Card | AP78: Website (Payment link) | AQ78: Sobha One App | AR78: OTC Deposit | AS78: DWT(Domestic) | AT78: IWT(International)
A79: Jan | B79: 508 | C79: 47 | D79: 477 | E79: 194 | F79: 2864 | G79: 1775 | H79: 475 | I79: 2777 | J79: 2318 | K79: =SUM(B79:J79) -> 11435 | M79: Jan | N79: 653 | O79: 36 | P79: 668 | Q79: 236 | R79: 3271 | S79: 14 | T79: 881 | U79: 2532 | V79: 2052 | W79: =SUM(N79:V79) -> 10343 | Y79: Jan | Z79: 819 | AA79: 41 | AB79: 612 | AC79: 217 | AD79: 1209 | AE79: 0 | AF79: 762 | AG79: 1193 | AH79: 1122 | AI79: =SUM(Z79:AH79) -> 5975 | AK79: Jan | AL79: 305 | AM79: 25 | AN79: 297 | AO79: 320 | AP79: 738 | AQ79: 0 | AR79: 916 | AS79: 328 | AT79: 1125 | AU79: =SUM(AL79:AT79) -> 4054
A80: Feb | B80: 504 | C80: 66 | D80: 476 | E80: 249 | F80: 2260 | G80: 1986 | H80: 553 | I80: 2487 | J80: 1971 | K80: =SUM(B80:J80) -> 10552 | M80: Feb | N80: 721 | O80: 43 | P80: 780 | Q80: 215 | R80: 3843 | S80: 13 | T80: 900 | U80: 2459 | V80: 2014 | W80: =SUM(N80:V80) -> 10988 | Y80: Feb | Z80: 826 | AA80: 52 | AB80: 632 | AC80: 213 | AD80: 1534 | AE80: 1 | AF80: 846 | AG80: 1216 | AH80: 1172 | AI80: =SUM(Z80:AH80) -> 6492 | AK80: Feb | AL80: 645 | AM80: 47 | AN80: 457 | AO80: 240 | AP80: 851 | AQ80: 0 | AR80: 449 | AS80: 523 | AT80: 810 | AU80: =SUM(AL80:AT80) -> 4022
A81: Mar | B81: 238 | C81: 51 | D81: 242 | E81: 77 | F81: 1519 | G81: 1703 | H81: 167 | I81: 1769 | J81: 1474 | K81: =SUM(B81:J81) -> 7240 | M81: Mar | N81: 780 | O81: 48 | P81: 855 | Q81: 185 | R81: 4053 | S81: 87 | T81: 853 | U81: 2589 | V81: 2507 | W81: =SUM(N81:V81) -> 11957 | Y81: Mar | Z81: 762 | AA81: 41 | AB81: 729 | AC81: 168 | AD81: 1751 | AE81: 2 | AF81: 784 | AG81: 1316 | AH81: 1286 | AI81: =SUM(Z81:AH81) -> 6839 | AK81: Mar | AL81: 629 | AM81: 38 | AN81: 440 | AO81: 247 | AP81: 956 | AQ81: 0 | AR81: 640 | AS81: 692 | AT81: 1127 | AU81: =SUM(AL81:AT81) -> 4769
A82: Apr | B82: 218 | C82: 57 | D82: 388 | E82: 73 | F82: 2510 | G82: 1485 | H82: 601 | I82: 2249 | J82: 1364 | K82: =SUM(B82:J82) -> 8945 | M82: Apr | N82: 619 | O82: 30 | P82: 866 | Q82: 201 | R82: 3835 | S82: 176 | T82: 879 | U82: 2671 | V82: 2665 | W82: =SUM(N82:V82) -> 11942 | Y82: Apr | Z82: 736 | AA82: 34 | AB82: 511 | AC82: 131 | AD82: 1633 | AE82: 8 | AF82: 622 | AG82: 1495 | AH82: 1173 | AI82: =SUM(Z82:AH82) -> 6343 | AK82: Apr | AL82: 598 | AM82: 34 | AN82: 433 | AO82: 179 | AP82: 895 | AQ82: 0 | AR82: 561 | AS82: 637 | AT82: 759 | AU82: =SUM(AL82:AT82) -> 4096
A83: May | B83: 6 | C83: 1 | D83: 134 | E83: 4 | F83: 431 | G83: 319 | H83: 103 | I83: 187 | J83: 93 | K83: =SUM(B83:J83) -> 1278 | M83: May | N83: 724 | O83: 40 | P83: 1019 | Q83: 221 | R83: 4732 | S83: 263 | T83: 1188 | U83: 3840 | V83: 3333 | W83: =SUM(N83:V83) -> 15360 | Y83: May | Z83: 994 | AA83: 73 | AB83: 688 | AC83: 135 | AD83: 1949 | AE83: 5 | AF83: 788 | AG83: 1690 | AH83: 1195 | AI83: =SUM(Z83:AH83) -> 7517 | AK83: May | AL83: 612 | AM83: 34 | AN83: 544 | AO83: 213 | AP83: 1373 | AQ83: 0 | AR83: 926 | AS83: 775 | AT83: 920 | AU83: =SUM(AL83:AT83) -> 5397
A84: Jun | B84: 0 | C84: 0 | D84: 0 | E84: 0 | F84: 0 | G84: 0 | H84: 0 | I84: 0 | J84: 0 | K84: =SUM(B84:J84) -> 0 | M84: Jun | N84: 726 | O84: 35 | P84: 595 | Q84: 149 | R84: 3916 | S84: 212 | T84: 695 | U84: 3277 | V84: 2702 | W84: =SUM(N84:V84) -> 12307 | Y84: Jun | Z84: 644 | AA84: 43 | AB84: 621 | AC84: 104 | AD84: 1589 | AE84: 1 | AF84: 534 | AG84: 1379 | AH84: 1079 | AI84: =SUM(Z84:AH84) -> 5994 | AK84: Jun | AL84: 623 | AM84: 49 | AN84: 393 | AO84: 137 | AP84: 1056 | AQ84: 0 | AR84: 689 | AS84: 735 | AT84: 706 | AU84: =SUM(AL84:AT84) -> 4388
A85: Jul | B85: 0 | C85: 0 | D85: 0 | E85: 0 | F85: 0 | G85: 0 | H85: 0 | I85: 0 | J85: 0 | K85: =SUM(B85:J85) -> 0 | M85: Jul | N85: 598 | O85: 37 | P85: 793 | Q85: 270 | R85: 4559 | S85: 317 | T85: 851 | U85: 3422 | V85: 2741 | W85: =SUM(N85:V85) -> 13588 | Y85: Jul | Z85: 860 | AA85: 37 | AB85: 538 | AC85: 150 | AD85: 1711 | AE85: 3 | AF85: 620 | AG85: 1467 | AH85: 1304 | AI85: =SUM(Z85:AH85) -> 6690 | AK85: Jul | AL85: 751 | AM85: 32 | AN85: 491 | AO85: 182 | AP85: 1091 | AQ85: 0 | AR85: 709 | AS85: 897 | AT85: 910 | AU85: =SUM(AL85:AT85) -> 5063
A86: Aug | B86: 0 | C86: 0 | D86: 0 | E86: 0 | F86: 0 | G86: 0 | H86: 0 | I86: 0 | J86: 0 | K86: =SUM(B86:J86) -> 0 | M86: Aug | N86: 495 | O86: 25 | P86: 688 | Q86: 228 | R86: 3714 | S86: 573 | T86: 763 | U86: 2912 | V86: 2414 | W86: =SUM(N86:V86) -> 11812 | Y86: Aug | Z86: 725 | AA86: 46 | AB86: 616 | AC86: 159 | AD86: 2168 | AE86: 3 | AF86: 637 | AG86: 1527 | AH86: 1303 | AI86: =SUM(Z86:AH86) -> 7184 | AK86: Aug | AL86: 809 | AM86: 44 | AN86: 740 | AO86: 221 | AP86: 1249 | AQ86: 0 | AR86: 491 | AS86: 1105 | AT86: 857 | AU86: =SUM(AL86:AT86) -> 5516
A87: Sep | B87: 0 | C87: 0 | D87: 0 | E87: 0 | F87: 0 | G87: 0 | H87: 0 | I87: 0 | J87: 0 | K87: =SUM(B87:J87) -> 0 | M87: Sep | N87: 466 | O87: 48 | P87: 627 | Q87: 174 | R87: 3777 | S87: 589 | T87: 824 | U87: 2855 | V87: 2795 | W87: =SUM(N87:V87) -> 12155 | Y87: Sep | Z87: 674 | AA87: 32 | AB87: 589 | AC87: 145 | AD87: 2078 | AE87: 0 | AF87: 767 | AG87: 1780 | AH87: 1363 | AI87: =SUM(Z87:AH87) -> 7428 | AK87: Sep | AL87: 529 | AM87: 83 | AN87: 570 | AO87: 228 | AP87: 1218 | AQ87: 0 | AR87: 681 | AS87: 1111 | AT87: 845 | AU87: =SUM(AL87:AT87) -> 5265
A88: Oct | B88: 0 | C88: 0 | D88: 0 | E88: 0 | F88: 0 | G88: 0 | H88: 0 | I88: 0 | J88: 0 | K88: =SUM(B88:J88) -> 0 | M88: Oct | N88: 537 | O88: 27 | P88: 666 | Q88: 192 | R88: 4100 | S88: 963 | T88: 714 | U88: 3004 | V88: 2549 | W88: =SUM(N88:V88) -> 12752 | Y88: Oct | Z88: 608 | AA88: 29 | AB88: 742 | AC88: 167 | AD88: 2473 | AE88: 0 | AF88: 798 | AG88: 1814 | AH88: 1534 | AI88: =SUM(Z88:AH88) -> 8165 | AK88: Oct | AL88: 726 | AM88: 87 | AN88: 640 | AO88: 269 | AP88: 1565 | AQ88: 0 | AR88: 763 | AS88: 933 | AT88: 1061 | AU88: =SUM(AL88:AT88) -> 6044
A89: Nov | B89: 0 | C89: 0 | D89: 0 | E89: 0 | F89: 0 | G89: 0 | H89: 0 | I89: 0 | J89: 0 | K89: =SUM(B89:J89) -> 0 | M89: Nov | N89: 527 | O89: 58 | P89: 775 | Q89: 165 | R89: 3296 | S89: 1142 | T89: 686 | U89: 2777 | V89: 2191 | W89: =SUM(N89:V89) -> 11617 | Y89: Nov | Z89: 805 | AA89: 42 | AB89: 759 | AC89: 189 | AD89: 2987 | AE89: 7 | AF89: 814 | AG89: 2116 | AH89: 1616 | AI89: =SUM(Z89:AH89) -> 9335 | AK89: Nov | AL89: 844 | AM89: 39 | AN89: 778 | AO89: 244 | AP89: 1261 | AQ89: 1 | AR89: 838 | AS89: 1054 | AT89: 1023 | AU89: =SUM(AL89:AT89) -> 6082
A90: Dec | B90: 0 | C90: 0 | D90: 0 | E90: 0 | F90: 0 | G90: 0 | H90: 0 | I90: 0 | J90: 0 | K90: =SUM(B90:J90) -> 0 | M90: Dec | N90: 527 | O90: 50 | P90: 537 | Q90: 175 | R90: 3285 | S90: 1264 | T90: 658 | U90: 2765 | V90: 2389 | W90: =SUM(N90:V90) -> 11650 | Y90: Dec | Z90: 655 | AA90: 34 | AB90: 677 | AC90: 213 | AD90: 3030 | AE90: 18 | AF90: 1012 | AG90: 2020 | AH90: 1869 | AI90: =SUM(Z90:AH90) -> 9528 | AK90: Dec | AL90: 852 | AM90: 91 | AN90: 574 | AO90: 239 | AP90: 1412 | AQ90: 0 | AR90: 755 | AS90: 1131 | AT90: 928 | AU90: =SUM(AL90:AT90) -> 5982
A91: Grand Total | B91: =SUM(B79:B90) -> 1474 | C91: =SUM(C79:C90) -> 222 | D91: =SUM(D79:D90) -> 1717 | E91: =SUM(E79:E90) -> 597 | F91: =SUM(F79:F90) -> 9584 | G91: =SUM(G79:G90) -> 7268 | H91: =SUM(H79:H90) -> 1899 | I91: =SUM(I79:I90) -> 9469 | ... K91: =SUM(K79:K90) -> 39450 | M91: Grand Total | N91: =SUM(N79:N90) -> 7373 | O91: =SUM(O79:O90) -> 477 | P91: =SUM(P79:P90) -> 8869 | Q91: =SUM(Q79:Q90) -> 2411 | R91: =SUM(R79:R90) -> 46381 | S91: =SUM(S79:S90) -> 5613 | T91: =SUM(T79:T90) -> 9892 | U91: =SUM(U79:U90) -> 35103 | ... W91: =SUM(W79:W90) -> 146471 | Y91: Grand Total | Z91: =SUM(Z79:Z90) -> 9108 | AA91: =SUM(AA79:AA90) -> 504 | AB91: =SUM(AB79:AB90) -> 7714 | AC91: =SUM(AC79:AC90) -> 1991 | AD91: =SUM(AD79:AD90) -> 24112 | AE91: =SUM(AE79:AE90) -> 48 | AF91: =SUM(AF79:AF90) -> 8984 | AG91: =SUM(AG79:AG90) -> 19013 | ... AI91: =SUM(AI79:AI90) -> 87490 | AK91: Grand Total | AL91: =SUM(AL79:AL90) -> 7923 | AM91: =SUM(AM79:AM90) -> 603 | AN91: =SUM(AN79:AN90) -> 6357 | AO91: =SUM(AO79:AO90) -> 2719 | AP91: =SUM(AP79:AP90) -> 13665 | AQ91: =SUM(AQ79:AQ90) -> 1 | AR91: =SUM(AR79:AR90) -> 8418 | AS91: =SUM(AS79:AS90) -> 9921 | ... AU91: =SUM(AU79:AU90) -> 60678
A92: % of Mode from Total amount | B92: =B91/$K91 -> 0.037363752 | C92: =C91/$K91 -> 0.0056273764 | D92: =D91/$K91 -> 0.043523447 | E92: =E91/$K91 -> 0.01513308 | F92: =F91/$K91 -> 0.24294043 | G92: =G91/$K91 -> 0.18423321 | H92: =H91/$K91 -> 0.048136882 | I92: =I91/$K91 -> 0.24002535 | ... K92: =K91/$K91 -> 1 | M92: % of Mode from Total amount | N92: =N91/$W91 -> 0.050337609 | O92: =O91/$W91 -> 0.0032566174 | P92: =P91/$W91 -> 0.060551235 | Q92: =Q91/$W91 -> 0.016460596 | R92: =R91/$W91 -> 0.31665654 | S92: =S91/$W91 -> 0.038321579 | T92: =T91/$W91 -> 0.067535553 | U92: =U91/$W91 -> 0.23965836 | ... W92: =W91/$W91 -> 1 | Y92: % of Mode from Total amount | Z92: =Z91/$AI91 -> 0.10410333 | AA92: =AA91/$AI91 -> 0.0057606584 | AB92: =AB91/$AI91 -> 0.088170077 | AC92: =AC91/$AI91 -> 0.022756887 | AD92: =AD91/$AI91 -> 0.27559721 | AE92: =AE91/$AI91 -> 0.00054863413 | AF92: =AF91/$AI91 -> 0.10268602 | AG92: =AG91/$AI91 -> 0.21731626 | ... AI92: =AI91/$AI91 -> 1 | AK92: % of Mode from Total amount | AL92: =AL91/$AU91 -> 0.13057451 | AM92: =AM91/$AU91 -> 0.0099377039 | AN92: =AN91/$AU91 -> 0.10476614 | AO92: =AO91/$AU91 -> 0.04481031 | AP92: =AP91/$AU91 -> 0.22520518 | AQ92: =AQ91/$AU91 -> 1.6480438e-05 | AR92: =AR91/$AU91 -> 0.13873232 | AS92: =AS91/$AU91 -> 0.16350242 | ... AU92: =AU91/$AU91 -> 1
K93: 39450 | W93: 146471 | AI93: 87490 | AU93: 60678

Sheet Receipt Value
A1: 2026 | M1: 2025 | Y1: 2024 | AK1: 2023
A2: =_xlfn.CONCAT("Receipt Value -", A1) -> Receipt Value -2026 | M2: =_xlfn.CONCAT("Receipt Value -", M1) -> Receipt Value -2025 | Y2: =_xlfn.CONCAT("Receipt Value-", Y1) -> Receipt Value-2024 | AK2: =_xlfn.CONCAT("Receipt Value -", AK1) -> Receipt Value -2023
A3: New sales | M3: New sales | Y3: New sales | AK3: New sales
A4: Month | B4: CDM Payment | D4: Cheque payment | E4: Card Payment | H4: Cash payment | I4: Wire Transfer Paymment | K4: Grand Total | M4: Month | N4: CDM Payment | P4: Cheque payment | Q4: Card Payment | T4: Cash payment | U4: Wire Transfer Paymment | W4: Grand Total | Y4: Month | Z4: CDM Payment | AB4: Cheque payment | AC4: Card Payment | AF4: Cash payment | AG4: Wire Transfer Paymment | AI4: Grand Total | AK4: Month | AL4: CDM Payment | AN4: Cheque payment | AO4: Card Payment | AR4: Cash payment | AS4: Wire Transfer Paymment | AU4: Grand Total
B5: CDM Cash | C5: CDM Cheque | D5: Cheque | E5: Credit Card | F5: Website (Payment link) | G5: Sobha One App | H5: OTC Deposit | I5: DWT(Domestic) | J5: IWT(International) | N5: CDM Cash | O5: CDM Cheque | P5: Cheque | Q5: Credit Card | R5: Website (Payment link) | S5: Sobha One App | T5: OTC Deposit | U5: DWT(Domestic) | V5: IWT(International) | Z5: CDM Cash | AA5: CDM Cheque | AB5: Cheque | AC5: Credit Card | AD5: Website (Payment link) | AE5: Sobha One App | AF5: OTC Deposit | AG5: DWT(Domestic) | AH5: IWT(International) | AL5: CDM Cash | AM5: CDM Cheque | AN5: Cheque | AO5: Credit Card | AP5: Website (Payment link) | AQ5: Sobha One App | AR5: OTC Deposit | AS5: DWT(Domestic) | AT5: IWT(International)
A6: Jan | B6: 280556 | C6: 201998 | D6: 19663871 | E6: 3080676 | F6: 42563684 | G6: 3098603 | H6: 49118148 | I6: 48446307 | J6: 64998588 | K6: =SUM(B6:J6) -> 231452431 | M6: Jan | N6: 3608586 | O6: 3028661 | P6: 26219958 | Q6: 4814003 | R6: 53342547 | S6: 484257 | T6: 79789150 | U6: 63533617 | V6: 104022112 | W6: =SUM(N6:V6) -> 338842891 | Y6: Jan | Z6: 4626009 | AA6: 2003014 | AB6: 38299327 | AC6: 3488130 | AD6: 17542803 | AE6: 0 | AF6: 55397883 | AG6: 30405587 | AH6: 60238008 | AI6: =SUM(Z6:AH6) -> 212000761 | AK6: Jan | AL6: 2171623 | AM6: 2079223 | AN6: 23949169 | AO6: 5542318 | AP6: 11126818 | AQ6: 0 | AR6: 55772019 | AS6: 11066297 | AT6: 75493126 | AU6: =SUM(AL6:AT6) -> 187200593
A7: Feb | B7: 700840 | C7: 50000 | D7: 12435951 | E7: 1687982 | F7: 47570899 | G7: 4953235 | H7: 65034972 | I7: 43998558 | J7: 74747926 | K7: =SUM(B7:J7) -> 251180363 | M7: Feb | N7: 3469933 | O7: 1380195 | P7: 29150825 | Q7: 4478431 | R7: 63939232 | S7: 0 | T7: 78908738 | U7: 87752038 | V7: 109468063 | W7: =SUM(N7:V7) -> 378547455 | Y7: Feb | Z7: 6054163 | AA7: 2518853 | AB7: 38688214 | AC7: 3063797 | AD7: 23770353 | AE7: 0 | AF7: 65348154 | AG7: 31538154 | AH7: 68006323 | AI7: =SUM(Z7:AH7) -> 238988011 | AK7: Feb | AL7: 6198860 | AM7: 4003987 | AN7: 14543872 | AO7: 3429403 | AP7: 8354560 | AQ7: 0 | AR7: 50091387 | AS7: 14423923 | AT7: 52154023 | AU7: =SUM(AL7:AT7) -> 153200015
A8: Mar | B8: 352778 | C8: 0 | D8: 12188290 | E8: 171070 | F8: 16040649 | G8: 1211698 | H8: 9664640 | I8: 9439879 | J8: 24204724 | K8: =SUM(B8:J8) -> 73273728 | M8: Mar | N8: 2061728 | O8: 1890973 | P8: 34277104 | Q8: 3903283 | R8: 76026086 | S8: 866 | T8: 64014062 | U8: 61815614 | V8: 136933936 | W8: =SUM(N8:V8) -> 380923652 | Y8: Mar | Z8: 7164956 | AA8: 2198527 | AB8: 62826559 | AC8: 3514378 | AD8: 30227389 | AE8: 0 | AF8: 68487921 | AG8: 40183754 | AH8: 110900035 | AI8: =SUM(Z8:AH8) -> 325503519 | AK8: Mar | AL8: 4232412 | AM8: 1427888 | AN8: 10669447 | AO8: 4040501 | AP8: 9701884 | AQ8: 0 | AR8: 53542647 | AS8: 11825795 | AT8: 77518500 | AU8: =SUM(AL8:AT8) -> 172959074
A9: Apr | B9: 255540 | C9: 3532774 | D9: 14623731 | E9: 88968 | F9: 28783390 | G9: 2104288 | H9: 20004594 | I9: 31181264 | J9: 21144692 | K9: =SUM(B9:J9) -> 121719241 | M9: Apr | N9: 3700892 | O9: 705664 | P9: 45300364 | Q9: 2393548 | R9: 67438037 | S9: 194169 | T9: 72607988 | U9: 51190068 | V9: 123587495 | W9: =SUM(N9:V9) -> 367118225 | Y9: Apr | Z9: 7525361 | AA9: 1398936 | AB9: 37978574 | AC9: 3389093 | AD9: 31537703 | AE9: 0 | AF9: 51362174 | AG9: 44337898 | AH9: 70127804 | AI9: =SUM(Z9:AH9) -> 247657543 | AK9: Apr | AL9: 2662388 | AM9: 543038 | AN9: 27737141 | AO9: 2326943 | AP9: 11420554 | AQ9: 0 | AR9: 42268989 | AS9: 14843264 | AT9: 41202397 | AU9: =SUM(AL9:AT9) -> 143004714
A10: May | B10: 0 | C10: 0 | D10: 3529447 | E10: 0 | F10: 3556479 | G10: 423824 | H10: 4121717 | I10: 6644410 | J10: 1134993 | K10: =SUM(B10:J10) -> 19410870 | M10: May | N10: 2150244 | O10: 1143450 | P10: 32398457 | Q10: 3460395 | R10: 88224813 | S10: 740248 | T10: 121193088 | U10: 85891398 | V10: 150527688 | W10: =SUM(N10:V10) -> 485729781 | Y10: May | Z10: 8060785 | AA10: 2923100 | AB10: 36750872 | AC10: 3828716 | AD10: 32615176 | AE10: 0 | AF10: 58903619 | AG10: 50436958 | AH10: 50294977 | AI10: =SUM(Z10:AH10) -> 243814203 | AK10: May | AL10: 5812457 | AM10: 625944 | AN10: 58343549 | AO10: 4868840 | AP10: 17568373 | AQ10: 0 | AR10: 65687524 | AS10: 22722982 | AT10: 62908303 | AU10: =SUM(AL10:AT10) -> 238537972
A11: Jun | B11: 0 | C11: 0 | D11: 0 | E11: 0 | F11: 0 | G11: 0 | H11: 0 | I11: 0 | J11: 0 | K11: =SUM(B11:J11) -> 0 | M11: Jun | N11: 809493 | O11: 278934 | P11: 15021891 | Q11: 1923002 | R11: 57132892 | S11: 908962 | T11: 53963932 | U11: 54124344 | V11: 112186360 | W11: =SUM(N11:V11) -> 296349810 | Y11: Jun | Z11: 5352965 | AA11: 8525315 | AB11: 19109484 | AC11: 2181786 | AD11: 22726086 | AE11: 0 | AF11: 35169648 | AG11: 43823164 | AH11: 55395060 | AI11: =SUM(Z11:AH11) -> 192283508 | AK11: Jun | AL11: 6599307 | AM11: 2034870 | AN11: 79416269 | AO11: 3425933 | AP11: 12616036 | AQ11: 0 | AR11: 76503452 | AS11: 23069417 | AT11: 29656372 | AU11: =SUM(AL11:AT11) -> 233321656
A12: Jul | B12: 0 | C12: 0 | D12: 0 | E12: 0 | F12: 0 | G12: 0 | H12: 0 | I12: 0 | J12: 0 | K12: =SUM(B12:J12) -> 0 | M12: Jul | N12: 923720 | O12: 131384 | P12: 17443235 | Q12: 2016440 | R12: 60120676 | S12: 1137861 | T12: 59293875 | U12: 38828488 | V12: 82871555 | W12: =SUM(N12:V12) -> 262767234 | Y12: Jul | Z12: 5929550 | AA12: 2693027 | AB12: 26496607 | AC12: 2672292 | AD12: 23855505 | AE12: 0 | AF12: 43509829 | AG12: 35580067 | AH12: 53554383 | AI12: =SUM(Z12:AH12) -> 194291260 | AK12: Jul | AL12: 6955674 | AM12: 1573936 | AN12: 69253491 | AO12: 2568654 | AP12: 13451546 | AQ12: 0 | AR12: 68618555 | AS12: 37360352 | AT12: 47945886 | AU12: =SUM(AL12:AT12) -> 247728094
A13: Aug | B13: 0 | C13: 0 | D13: 0 | E13: 0 | F13: 0 | G13: 0 | H13: 0 | I13: 0 | J13: 0 | K13: =SUM(B13:J13) -> 0 | M13: Aug | N13: 899766 | O13: 0 | P13: 20023669 | Q13: 2205427 | R13: 50152988 | S13: 3429364 | T13: 47160204 | U13: 35410677 | V13: 65605501 | W13: =SUM(N13:V13) -> 224887596 | Y13: Aug | Z13: 5877361 | AA13: 1045485 | AB13: 28459236 | AC13: 2193240 | AD13: 40718200 | AE13: 0 | AF13: 61667138 | AG13: 41918298 | AH13: 65648493 | AI13: =SUM(Z13:AH13) -> 247527451 | AK13: Aug | AL13: 6004042 | AM13: 3595379 | AN13: 49826116 | AO13: 3951497 | AP13: 20639486 | AQ13: 0 | AR13: 48065291 | AS13: 49775929 | AT13: 48502848 | AU13: =SUM(AL13:AT13) -> 230360588
A14: Sep | B14: 0 | C14: 0 | D14: 0 | E14: 0 | F14: 0 | G14: 0 | H14: 0 | I14: 0 | J14: 0 | K14: =SUM(B14:J14) -> 0 | M14: Sep | N14: 1878932 | O14: 93339 | P14: 39266815 | Q14: 3401787 | R14: 54820599 | S14: 2219138 | T14: 68190923 | U14: 41393566 | V14: 76777371 | W14: =SUM(N14:V14) -> 288042470 | Y14: Sep | Z14: 5943813 | AA14: 881061 | AB14: 33993718 | AC14: 3974330 | AD14: 42088933 | AE14: 0 | AF14: 61676511 | AG14: 50670615 | AH14: 65875649 | AI14: =SUM(Z14:AH14) -> 265104630 | AK14: Sep | AL14: 5728265 | AM14: 9546360 | AN14: 58206923 | AO14: 2611379 | AP14: 19071596 | AQ14: 0 | AR14: 50184831 | AS14: 30090378 | AT14: 44534332 | AU14: =SUM(AL14:AT14) -> 219974064
A15: Oct | B15: 0 | C15: 0 | D15: 0 | E15: 0 | F15: 0 | G15: 0 | H15: 0 | I15: 0 | J15: 0 | K15: =SUM(B15:J15) -> 0 | M15: Oct | N15: 450799 | O15: 1000 | P15: 14246552 | Q15: 2636814 | R15: 67368279 | S15: 2996708 | T15: 64155098 | U15: 43726968 | V15: 85259940 | W15: =SUM(N15:V15) -> 280842158 | Y15: Oct | Z15: 4761646 | AA15: 1088466 | AB15: 40235970 | AC15: 3391675 | AD15: 49921140 | AE15: 0 | AF15: 79147404 | AG15: 64236697 | AH15: 80588077 | AI15: =SUM(Z15:AH15) -> 323371075 | AK15: Oct | AL15: 10184263 | AM15: 2027268 | AN15: 28317408 | AO15: 5390763 | AP15: 23428446 | AQ15: 0 | AR15: 45280742 | AS15: 44340957 | AT15: 53691007 | AU15: =SUM(AL15:AT15) -> 212660854
A16: Nov | B16: 0 | C16: 0 | D16: 0 | E16: 0 | F16: 0 | G16: 0 | H16: 0 | I16: 0 | J16: 0 | K16: =SUM(B16:J16) -> 0 | M16: Nov | N16: 2030520 | O16: 65150 | P16: 13156526 | Q16: 1440926 | R16: 49760065 | S16: 1865276 | T16: 55341782 | U16: 37182314 | V16: 74409148 | W16: =SUM(N16:V16) -> 235251707 | Y16: Nov | Z16: 3484697 | AA16: 2244536 | AB16: 44116588 | AC16: 4596725 | AD16: 63766988 | AE16: 0 | AF16: 80923262 | AG16: 70601839 | AH16: 94145283 | AI16: =SUM(Z16:AH16) -> 363879918 | AK16: Nov | AL16: 7535590 | AM16: 2680793 | AN16: 35649472 | AO16: 4694376 | AP16: 18322958 | AQ16: 0 | AR16: 65006306 | AS16: 39153210 | AT16: 43945786 | AU16: =SUM(AL16:AT16) -> 216988491
A17: Dec | B17: 0 | C17: 0 | D17: 0 | E17: 0 | F17: 0 | G17: 0 | H17: 0 | I17: 0 | J17: 0 | K17: =SUM(B17:J17) -> 0 | M17: Dec | N17: 426411 | O17: 5197 | P17: 20255602 | Q17: 1347122 | R17: 56740210 | S17: 2130668 | T17: 72532849 | U17: 39414921 | V17: 89146079 | W17: =SUM(N17:V17) -> 281999059 | Y17: Dec | Z17: 4127066 | AA17: 354935 | AB17: 31384718 | AC17: 5185843 | AD17: 62931325 | AE17: 150000 | AF17: 85120729 | AG17: 63737737 | AH17: 108023405 | AI17: =SUM(Z17:AH17) -> 361015758 | AK17: Dec | AL17: 6924461 | AM17: 1228671 | AN17: 48498274 | AO17: 7071838 | AP17: 18554518 | AQ17: 0 | AR17: 57302362 | AS17: 30842620 | AT17: 40859471 | AU17: =SUM(AL17:AT17) -> 211282215
A18: Grand Total | B18: =SUM(B6:B17) -> 1589714 | C18: =SUM(C6:C17) -> 3784772 | D18: =SUM(D6:D17) -> 62441290 | E18: =SUM(E6:E17) -> 5028696 | F18: =SUM(F6:F17) -> 138515101 | G18: =SUM(G6:G17) -> 11791648 | H18: =SUM(H6:H17) -> 147944071 | I18: =SUM(I6:I17) -> 139710418 | ... K18: =SUM(K6:K17) -> 697036633 | M18: Grand Total | N18: =SUM(N6:N17) -> 22411024 | O18: =SUM(O6:O17) -> 8723947 | P18: =SUM(P6:P17) -> 306760998 | Q18: =SUM(Q6:Q17) -> 34021178 | R18: =SUM(R6:R17) -> 745066424 | S18: =SUM(S6:S17) -> 16107517 | T18: =SUM(T6:T17) -> 837151689 | U18: =SUM(U6:U17) -> 640264013 | ... W18: =SUM(W6:W17) -> 3821302038 | Y18: Grand Total | Z18: =SUM(Z6:Z17) -> 68908372 | AA18: =SUM(AA6:AA17) -> 27875255 | AB18: =SUM(AB6:AB17) -> 438339867 | AC18: =SUM(AC6:AC17) -> 41480005 | AD18: =SUM(AD6:AD17) -> 441701601 | AE18: =SUM(AE6:AE17) -> 150000 | AF18: =SUM(AF6:AF17) -> 746714272 | AG18: =SUM(AG6:AG17) -> 567470768 | ... AI18: =SUM(AI6:AI17) -> 3215437637 | AK18: Grand Total | AL18: =SUM(AL6:AL17) -> 71009342 | AM18: =SUM(AM6:AM17) -> 31367357 | AN18: =SUM(AN6:AN17) -> 504411131 | AO18: =SUM(AO6:AO17) -> 49922445 | AP18: =SUM(AP6:AP17) -> 184256775 | AQ18: =SUM(AQ6:AQ17) -> 0 | AR18: =SUM(AR6:AR17) -> 678324105 | AS18: =SUM(AS6:AS17) -> 329515124 | ... AU18: =SUM(AU6:AU17) -> 2467218330
A19: % of mode from New sale | B19: =B18/$K18 -> 0.002280675 | C19: =C18/$K18 -> 0.0054298036 | D19: =D18/$K18 -> 0.089581074 | E19: =E18/$K18 -> 0.0072143927 | F19: =F18/$K18 -> 0.19871997 | G19: =G18/$K18 -> 0.016916827 | H19: =H18/$K18 -> 0.2122472 | I19: =I18/$K18 -> 0.20043483 | ... K19: =K18/$K18 -> 1 | M19: % of mode from New sale | N19: =N18/$W18 -> 0.0058647612 | O19: =O18/$W18 -> 0.0022829776 | P19: =P18/$W18 -> 0.080276564 | Q19: =Q18/$W18 -> 0.008903033 | R19: =R18/$W18 -> 0.19497711 | S19: =S18/$W18 -> 0.0042151907 | T19: =T18/$W18 -> 0.21907499 | U19: =U18/$W18 -> 0.16755127 | ... W19: =W18/$W18 -> 1 | Y19: % of mode from New sale | Z19: =Z18/$AI18 -> 0.02143048 | AA19: =AA18/$AI18 -> 0.0086691947 | AB19: =AB18/$AI18 -> 0.13632355 | AC19: =AC18/$AI18 -> 0.012900267 | AD19: =AD18/$AI18 -> 0.13736905 | AE19: =AE18/$AI18 -> 4.6649948e-05 | AF19: =AF18/$AI18 -> 0.23222788 | AG19: =AG18/$AI18 -> 0.17648321 | ... AI19: =AI18/$AI18 -> 1 | AK19: % of mode from New sale | AL19: =AL18/$AU18 -> 0.028781134 | AM19: =AM18/$AU18 -> 0.012713653 | AN19: =AN18/$AU18 -> 0.20444528 | AO19: =AO18/$AU18 -> 0.020234304 | AP19: =AP18/$AU18 -> 0.07468199 | AQ19: =AQ18/$AU18 -> 0 | AR19: =AR18/$AU18 -> 0.27493477 | AS19: =AS18/$AU18 -> 0.13355734 | ... AU19: =AU18/$AU18 -> 1
A20: % of mode in New sale from Grand total | B20: =IFERROR(B18/B$98,"") -> 0.023171723 | C20: =IFERROR(C18/C$98,"") -> 0.052431943 | D20: =IFERROR(D18/D$98,"") -> 0.097245306 | E20: =IFERROR(E18/E$98,"") -> 0.19903706 | F20: =IFERROR(F18/F$98,"") -> 0.29927653 | G20: =IFERROR(G18/G$98,"") -> 0.032108283 | H20: =IFERROR(H18/H$98,"") -> 0.28833491 | I20: =IFERROR(I18/I$98,"") -> 0.091079998 | ... K20: =IFERROR(K18/K$98,"") -> 0.14522378 | M20: % of mode in New sale from Grand total | N20: =IFERROR(N18/N$98,"") -> 0.060629094 | O20: =IFERROR(O18/O$98,"") -> 0.061265187 | P20: =IFERROR(P18/P$98,"") -> 0.084507233 | Q20: =IFERROR(Q18/Q$98,"") -> 0.26431248 | R20: =IFERROR(R18/R$98,"") -> 0.35658381 | S20: =IFERROR(S18/S$98,"") -> 0.064054561 | T20: =IFERROR(T18/T$98,"") -> 0.58095793 | U20: =IFERROR(U18/U$98,"") -> 0.12830567 | ... W20: =IFERROR(W18/W$98,"") -> 0.2176335 | Y20: % of mode in New sale from Grand total | Z20: =IFERROR(Z18/Z$98,"") -> 0.14207926 | AA20: =IFERROR(AA18/AA$98,"") -> 0.18285863 | AB20: =IFERROR(AB18/AB$98,"") -> 0.16137893 | AC20: =IFERROR(AC18/AC$98,"") -> 0.34260316 | AD20: =IFERROR(AD18/AD$98,"") -> 0.42161995 | AE20: =IFERROR(AE18/AE$98,"") -> 0.052403138 | AF20: =IFERROR(AF18/AF$98,"") -> 0.74773884 | AG20: =IFERROR(AG18/AG$98,"") -> 0.20972928 | ... AI20: =IFERROR(AI18/AI$98,"") -> 0.29637086 | AK20: % of mode in New sale from Grand total | AL20: =IFERROR(AL18/AL$98,"") -> 0.18609051 | AM20: =IFERROR(AM18/AM$98,"") -> 0.19838039 | AN20: =IFERROR(AN18/AN$98,"") -> 0.20011798 | AO20: =IFERROR(AO18/AO$98,"") -> 0.40731448 | AP20: =IFERROR(AP18/AP$98,"") -> 0.34547119 | AQ20: =IFERROR(AQ18/AQ$98,"") -> 0 | AR20: =IFERROR(AR18/AR$98,"") -> 0.67744592 | AS20: =IFERROR(AS18/AS$98,"") -> 0.24663057 | ... AU20: =IFERROR(AU18/AU$98,"") -> 0.31587501
A23: Registration | M23: Registration | Y23: Registration | AK23: Registration
A24: Month | B24: CDM Payment | D24: Cheque payment | E24: Card Payment | H24: Cash payment | I24: Wire Transfer Paymment | K24: Grand Total | M24: Month | N24: CDM Payment | P24: Cheque payment | Q24: Card Payment | T24: Cash payment | U24: Wire Transfer Paymment | W24: Grand Total | Y24: Month | Z24: CDM Payment | AB24: Cheque payment | AC24: Card Payment | AF24: Cash payment | AG24: Wire Transfer Paymment | AI24: Grand Total | AK24: Month | AL24: CDM Payment | AN24: Cheque payment | AO24: Card Payment | AR24: Cash payment | AS24: Wire Transfer Paymment | AU24: Grand Total
B25: CDM Cash | C25: CDM Cheque | D25: Cheque | E25: Credit Card | F25: Website (Payment link) | G25: Sobha One App | H25: OTC Deposit | I25: DWT(Domestic) | J25: IWT(International) | N25: CDM Cash | O25: CDM Cheque | P25: Cheque | Q25: Credit Card | R25: Website (Payment link) | S25: Sobha One App | T25: OTC Deposit | U25: DWT(Domestic) | V25: IWT(International) | Z25: CDM Cash | AA25: CDM Cheque | AB25: Cheque | AC25: Credit Card | AD25: Website (Payment link) | AE25: Sobha One App | AF25: OTC Deposit | AG25: DWT(Domestic) | AH25: IWT(International) | AL25: CDM Cash | AM25: CDM Cheque | AN25: Cheque | AO25: Credit Card | AP25: Website (Payment link) | AQ25: Sobha One App | AR25: OTC Deposit | AS25: DWT(Domestic) | AT25: IWT(International)
A26: Jan | B26: 141038 | C26: 0 | D26: 2647386 | E26: 105885 | F26: 10466850 | G26: 1300 | H26: 16454968 | I26: 12513493 | J26: 18252052 | K26: =SUM(B26:J26) -> 60582972 | M26: Jan | N26: 322341 | O26: 214177 | P26: 3770492 | Q26: 380860 | R26: 7953581 | S26: 0 | T26: 19948113 | U26: 14584519 | V26: 18546249 | W26: =SUM(N26:V26) -> 65720332 | Y26: Jan | Z26: 378719 | AA26: 159730 | AB26: 3988525 | AC26: 1837041 | AD26: 2900616 | AE26: 0 | AF26: 17940818 | AG26: 7861551 | AH26: 16257779 | AI26: =SUM(Z26:AH26) -> 51324779 | AK26: Jan | AL26: 1037420 | AM26: 458278 | AN26: 7890080 | AO26: 1820447 | AP26: 3629738 | AQ26: 0 | AR26: 18088670 | AS26: 5089026 | AT26: 23128382 | AU26: =SUM(AL26:AT26) -> 61142041
A27: Feb | B27: 9000 | C27: 1350615 | D27: 3764071 | E27: 1740 | F27: 8215901 | G27: 54289 | H27: 18225160 | I27: 10427987 | J27: 16015552 | K27: =SUM(B27:J27) -> 58064315 | M27: Feb | N27: 92721 | O27: 52902 | P27: 3048013 | Q27: 186804 | R27: 7864759 | S27: 0 | T27: 23062403 | U27: 14432357 | V27: 16164072 | W27: =SUM(N27:V27) -> 64904031 | Y27: Feb | Z27: 702308 | AA27: 362489 | AB27: 6024219 | AC27: 295660 | AD27: 4033793 | AE27: 0 | AF27: 23621017 | AG27: 8414588 | AH27: 18908928 | AI27: =SUM(Z27:AH27) -> 62363002 | AK27: Feb | AL27: 1097606 | AM27: 1179518 | AN27: 3327035 | AO27: 861882 | AP27: 3380361 | AQ27: 0 | AR27: 14529058 | AS27: 4248839 | AT27: 18436971 | AU27: =SUM(AL27:AT27) -> 47061270
A28: Mar | B28: 40720 | C28: 0 | D28: 3783120 | E28: 1410 | F28: 5213764 | G28: 200410 | H28: 5039904 | I28: 3537807 | J28: 7815963 | K28: =SUM(B28:J28) -> 25633098 | M28: Mar | N28: 171703 | O28: 308192 | P28: 4597535 | Q28: 512694 | R28: 10787403 | S28: 0 | T28: 18176637 | U28: 12916604 | V28: 21968352 | W28: =SUM(N28:V28) -> 69439120 | Y28: Mar | Z28: 776317 | AA28: 558187 | AB28: 6426581 | AC28: 648317 | AD28: 4236784 | AE28: 0 | AF28: 23382087 | AG28: 7032960 | AH28: 20006523 | AI28: =SUM(Z28:AH28) -> 63067756 | AK28: Mar | AL28: 816230 | AM28: 451192 | AN28: 3904214 | AO28: 1238657 | AP28: 2977541 | AQ28: 0 | AR28: 18415028 | AS28: 5309195 | AT28: 18517469 | AU28: =SUM(AL28:AT28) -> 51629526
A29: Apr | B29: 208272 | C29: 194620 | D29: 438797 | E29: 10397 | F29: 5197438 | G29: 80877 | H29: 2691283 | I29: 4911555 | J29: 4278186 | K29: =SUM(B29:J29) -> 18011425 | M29: Apr | N29: 259920 | O29: 57802 | P29: 7275261 | Q29: 275910 | R29: 11383726 | S29: 0 | T29: 22511230 | U29: 14088571 | V29: 24100815 | W29: =SUM(N29:V29) -> 79953235 | Y29: Apr | Z29: 711121 | AA29: 379774 | AB29: 3629319 | AC29: 528159 | AD29: 6817428 | AE29: 0 | AF29: 15864940 | AG29: 12304122 | AH29: 15750303 | AI29: =SUM(Z29:AH29) -> 55985166 | AK29: Apr | AL29: 313711 | AM29: 3203 | AN29: 4725737 | AO29: 714167 | AP29: 3022249 | AQ29: 0 | AR29: 16674517 | AS29: 5920481 | AT29: 14056944 | AU29: =SUM(AL29:AT29) -> 45431009
A30: May | B30: 1410 | C30: 0 | D30: 310895 | E30: 110000 | F30: 1000248 | G30: 0 | H30: 719291 | I30: 1001763 | J30: 188465 | K30: =SUM(B30:J30) -> 3332072 | M30: May | N30: 112387 | O30: 285955 | P30: 3584872 | Q30: 1203523 | R30: 13677783 | S30: 162 | T30: 22385225 | U30: 13513997 | V30: 24267139 | W30: =SUM(N30:V30) -> 79031043 | Y30: May | Z30: 939963 | AA30: 1353955 | AB30: 5684288 | AC30: 308720 | AD30: 7600749 | AE30: 0 | AF30: 22251198 | AG30: 11910976 | AH30: 16238807 | AI30: =SUM(Z30:AH30) -> 66288656 | AK30: May | AL30: 856311 | AM30: 167131 | AN30: 5954803 | AO30: 1075593 | AP30: 5738637 | AQ30: 0 | AR30: 20230111 | AS30: 7197130 | AT30: 19594071 | AU30: =SUM(AL30:AT30) -> 60813787
A31: Jun | B31: 0 | C31: 0 | D31: 0 | E31: 0 | F31: 0 | G31: 0 | H31: 0 | I31: 0 | J31: 0 | K31: =SUM(B31:J31) -> 0 | M31: Jun | N31: 154525 | O31: 106486 | P31: 1807388 | Q31: 258023 | R31: 10242328 | S31: 0 | T31: 21847127 | U31: 14189712 | V31: 20223446 | W31: =SUM(N31:V31) -> 68829035 | Y31: Jun | Z31: 972949 | AA31: 45048 | AB31: 3720347 | AC31: 422245 | AD31: 5382916 | AE31: 0 | AF31: 12708837 | AG31: 10540071 | AH31: 9222270 | AI31: =SUM(Z31:AH31) -> 43014683 | AK31: Jun | AL31: 763939 | AM31: 342036 | AN31: 5044846 | AO31: 402647 | AP31: 3237695 | AQ31: 0 | AR31: 17012623 | AS31: 5511178 | AT31: 11201442 | AU31: =SUM(AL31:AT31) -> 43516406
A32: Jul | B32: 0 | C32: 0 | D32: 0 | E32: 0 | F32: 0 | G32: 0 | H32: 0 | I32: 0 | J32: 0 | K32: =SUM(B32:J32) -> 0 | M32: Jul | N32: 64909 | O32: 20000 | P32: 3669834 | Q32: 99793 | R32: 12611401 | S32: 0 | T32: 19464552 | U32: 12280782 | V32: 22687663 | W32: =SUM(N32:V32) -> 70898934 | Y32: Jul | Z32: 663481 | AA32: 249970 | AB32: 2408034 | AC32: 165385 | AD32: 5787988 | AE32: 0 | AF32: 15398530 | AG32: 9267062 | AH32: 14117807 | AI32: =SUM(Z32:AH32) -> 48058257 | AK32: Jul | AL32: 1568111 | AM32: 527830 | AN32: 6639905 | AO32: 602263 | AP32: 3348951 | AQ32: 0 | AR32: 30793644 | AS32: 8156989 | AT32: 11655229 | AU32: =SUM(AL32:AT32) -> 63292922
A33: Aug | B33: 0 | C33: 0 | D33: 0 | E33: 0 | F33: 0 | G33: 0 | H33: 0 | I33: 0 | J33: 0 | K33: =SUM(B33:J33) -> 0 | M33: Aug | N33: 109791 | O33: 1410 | P33: 1356249 | Q33: 357304 | R33: 12510813 | S33: 126024 | T33: 18675617 | U33: 12623087 | V33: 16042107 | W33: =SUM(N33:V33) -> 61802402 | Y33: Aug | Z33: 536011 | AA33: 265999 | AB33: 3881160 | AC33: 557267 | AD33: 5457740 | AE33: 0 | AF33: 16154157 | AG33: 6883106 | AH33: 11294475 | AI33: =SUM(Z33:AH33) -> 45029915 | AK33: Aug | AL33: 1165746 | AM33: 1044806 | AN33: 4696053 | AO33: 1136549 | AP33: 3186239 | AQ33: 0 | AR33: 23703934 | AS33: 10398685 | AT33: 12254222 | AU33: =SUM(AL33:AT33) -> 57586234
A34: Sep | B34: 0 | C34: 0 | D34: 0 | E34: 0 | F34: 0 | G34: 0 | H34: 0 | I34: 0 | J34: 0 | K34: =SUM(B34:J34) -> 0 | M34: Sep | N34: 0 | O34: 0 | P34: 6204784 | Q34: 497973 | R34: 11975541 | S34: 288853 | T34: 20659306 | U34: 8547893 | V34: 19225548 | W34: =SUM(N34:V34) -> 67399898 | Y34: Sep | Z34: 164688 | AA34: 463669 | AB34: 3072698 | AC34: 561075 | AD34: 5997277 | AE34: 0 | AF34: 15704566 | AG34: 9130180 | AH34: 10882198 | AI34: =SUM(Z34:AH34) -> 45976351 | AK34: Sep | AL34: 133492 | AM34: 1318360 | AN34: 6765087 | AO34: 280211 | AP34: 3242378 | AQ34: 0 | AR34: 19464937 | AS34: 6666091 | AT34: 9994817 | AU34: =SUM(AL34:AT34) -> 47865373
A35: Oct | B35: 0 | C35: 0 | D35: 0 | E35: 0 | F35: 0 | G35: 0 | H35: 0 | I35: 0 | J35: 0 | K35: =SUM(B35:J35) -> 0 | M35: Oct | N35: 994 | O35: 0 | P35: 2169293 | Q35: 394561 | R35: 14464119 | S35: 45650 | T35: 18693109 | U35: 10549895 | V35: 21506933 | W35: =SUM(N35:V35) -> 67824554 | Y35: Oct | Z35: 62478 | AA35: 446228 | AB35: 3568150 | AC35: 292591 | AD35: 6558891 | AE35: 0 | AF35: 14088414 | AG35: 8086276 | AH35: 10221951 | AI35: =SUM(Z35:AH35) -> 43324979 | AK35: Oct | AL35: 981616 | AM35: 349167 | AN35: 2646788 | AO35: 978128 | AP35: 6151854 | AQ35: 0 | AR35: 17336993 | AS35: 10933622 | AT35: 12794893 | AU35: =SUM(AL35:AT35) -> 52173061
A36: Nov | B36: 0 | C36: 0 | D36: 0 | E36: 0 | F36: 0 | G36: 0 | H36: 0 | I36: 0 | J36: 0 | K36: =SUM(B36:J36) -> 0 | M36: Nov | N36: 176333 | O36: 102151 | P36: 2112329 | Q36: 1344615 | R36: 9607748 | S36: 39894 | T36: 14039832 | U36: 10050284 | V36: 14989500 | W36: =SUM(N36:V36) -> 52462686 | Y36: Nov | Z36: 101308 | AA36: 310042 | AB36: 7383201 | AC36: 594899 | AD36: 7539079 | AE36: 0 | AF36: 17807878 | AG36: 11621007 | AH36: 11283750 | AI36: =SUM(Z36:AH36) -> 56641164 | AK36: Nov | AL36: 620227 | AM36: 597119 | AN36: 6765236 | AO36: 689959 | AP36: 2680854 | AQ36: 0 | AR36: 22942544 | AS36: 9852469 | AT36: 11414597 | AU36: =SUM(AL36:AT36) -> 55563005
A37: Dec | B37: 0 | C37: 0 | D37: 0 | E37: 0 | F37: 0 | G37: 0 | H37: 0 | I37: 0 | J37: 0 | K37: =SUM(B37:J37) -> 0 | M37: Dec | N37: 106009 | O37: 0 | P37: 1888495 | Q37: 154577 | R37: 11052666 | S37: 25330 | T37: 26751058 | U37: 6750742 | V37: 19151495 | W37: =SUM(N37:V37) -> 65880372 | Y37: Dec | Z37: 392200 | AA37: 458483 | AB37: 2931884 | AC37: 492952 | AD37: 7834299 | AE37: 0 | AF37: 16764715 | AG37: 11592771 | AH37: 16392753 | AI37: =SUM(Z37:AH37) -> 56860057 | AK37: Dec | AL37: 362755 | AM37: 2355078 | AN37: 4905410 | AO37: 613024 | AP37: 4144086 | AQ37: 0 | AR37: 21836696 | AS37: 7718623 | AT37: 9594919 | AU37: =SUM(AL37:AT37) -> 51530591
A38: Grand Total | B38: =SUM(B26:B37) -> 400440 | C38: =SUM(C26:C37) -> 1545235 | D38: =SUM(D26:D37) -> 10944269 | E38: =SUM(E26:E37) -> 229432 | F38: =SUM(F26:F37) -> 30094201 | G38: =SUM(G26:G37) -> 336876 | H38: =SUM(H26:H37) -> 43130606 | I38: =SUM(I26:I37) -> 32392605 | ... K38: =SUM(K26:K37) -> 165623882 | M38: Grand Total | N38: =SUM(N26:N37) -> 1571633 | O38: =SUM(O26:O37) -> 1149075 | P38: =SUM(P26:P37) -> 41484545 | Q38: =SUM(Q26:Q37) -> 5666637 | R38: =SUM(R26:R37) -> 134131868 | S38: =SUM(S26:S37) -> 525913 | T38: =SUM(T26:T37) -> 246214209 | U38: =SUM(U26:U37) -> 144528443 | ... W38: =SUM(W26:W37) -> 814145642 | Y38: Grand Total | Z38: =SUM(Z26:Z37) -> 6401543 | AA38: =SUM(AA26:AA37) -> 5053574 | AB38: =SUM(AB26:AB37) -> 52718406 | AC38: =SUM(AC26:AC37) -> 6704311 | AD38: =SUM(AD26:AD37) -> 70147560 | AE38: =SUM(AE26:AE37) -> 0 | AF38: =SUM(AF26:AF37) -> 211687157 | AG38: =SUM(AG26:AG37) -> 114644670 | ... AI38: =SUM(AI26:AI37) -> 637934765 | AK38: Grand Total | AL38: =SUM(AL26:AL37) -> 9717164 | AM38: =SUM(AM26:AM37) -> 8793718 | AN38: =SUM(AN26:AN37) -> 63265194 | AO38: =SUM(AO26:AO37) -> 10413527 | AP38: =SUM(AP26:AP37) -> 44740583 | AQ38: =SUM(AQ26:AQ37) -> 0 | AR38: =SUM(AR26:AR37) -> 241028755 | AS38: =SUM(AS26:AS37) -> 87002328 | ... AU38: =SUM(AU26:AU37) -> 637605225
A39: % of mode from Registration | B39: =B38/$K38 -> 0.0024177673 | C39: =C38/$K38 -> 0.0093297837 | D39: =D38/$K38 -> 0.066079051 | E39: =E38/$K38 -> 0.0013852592 | F39: =F38/$K38 -> 0.18170206 | G39: =G38/$K38 -> 0.002033982 | H39: =H38/$K38 -> 0.26041296 | I39: =I38/$K38 -> 0.19557931 | ... K39: =K38/$K38 -> 1 | M39: % of mode from Registration | N39: =N38/$W38 -> 0.0019304077 | O39: =O38/$W38 -> 0.0014113875 | P39: =P38/$W38 -> 0.050954698 | Q39: =Q38/$W38 -> 0.0069602252 | R39: =R38/$W38 -> 0.16475169 | S39: =S38/$W38 -> 0.00064596919 | T39: =T38/$W38 -> 0.30242035 | U39: =U38/$W38 -> 0.17752161 | ... W39: =W38/$W38 -> 1 | Y39: % of mode from Registration | Z39: =Z38/$AI38 -> 0.010034793 | AA39: =AA38/$AI38 -> 0.0079217724 | AB39: =AB38/$AI38 -> 0.08263918 | AC39: =AC38/$AI38 -> 0.010509399 | AD39: =AD38/$AI38 -> 0.1099604 | AE39: =AE38/$AI38 -> 0 | AF39: =AF38/$AI38 -> 0.33183198 | AG39: =AG38/$AI38 -> 0.17971222 | ... AI39: =AI38/$AI38 -> 1 | AK39: % of mode from Registration | AL39: =AL38/$AU38 -> 0.015240095 | AM39: =AM38/$AU38 -> 0.013791791 | AN39: =AN38/$AU38 -> 0.099223142 | AO39: =AO38/$AU38 -> 0.016332249 | AP39: =AP38/$AU38 -> 0.070169725 | AQ39: =AQ38/$AU38 -> 0 | AR39: =AR38/$AU38 -> 0.37802193 | AS39: =AS38/$AU38 -> 0.13645172 | ... AU39: =AU38/$AU38 -> 1
A40: % of mode in Registration from Grand total | B40: =B38/B$98 -> 0.0058368265 | C40: =IFERROR((C38/C$98),0) -> 0.021406752 | D40: =D38/D$98 -> 0.017044471 | E40: =E38/E$98 -> 0.0090809766 | F40: =F38/F$98 -> 0.065021705 | G40: =G38/G$98 -> 0.00091730265 | H40: =H38/H$98 -> 0.084059194 | I40: =I38/I$98 -> 0.021117383 | J40: =J38/J$98 -> 0.041768663 | K40: =K38/K$98 -> 0.034506833 | M40: % of mode in Registration from Grand total | N40: =N38/N$98 -> 0.0042517774 | O40: =O38/O$98 -> 0.0080695463 | P40: =P38/P$98 -> 0.011428259 | Q40: =Q38/Q$98 -> 0.044024428 | R40: =R38/R$98 -> 0.064194616 | S40: =S38/S$98 -> 0.0020913916 | T40: =T38/T$98 -> 0.17086521 | U40: =U38/U$98 -> 0.028962769 | ... W40: =W38/W$98 -> 0.046367799 | Y40: % of mode in Registration from Grand total | Z40: =Z38/Z$98 -> 0.013199071 | AA40: =AA38/AA$98 -> 0.033150893 | AB40: =AB38/AB$98 -> 0.019408775 | AC40: =AC38/AC$98 -> 0.055374104 | AD40: =AD38/AD$98 -> 0.066958351 | AE40: =AE38/AE$98 -> 0 | AF40: =AF38/AF$98 -> 0.21197761 | AG40: =AG38/AG$98 -> 0.042371071 | ... AI40: =AI38/AI$98 -> 0.058799236 | AK40: % of mode in Registration from Grand total | AL40: =AL38/AL$98 -> 0.025465269 | AM40: =AM38/AM$98 -> 0.055615181 | AN40: =AN38/AN$98 -> 0.025099571 | AO40: =AO38/AO$98 -> 0.084963393 | AP40: =AP38/AP$98 -> 0.083886102 | AQ40: =AQ38/AQ$98 -> 0 | AR40: =AR38/AR$98 -> 0.24071671 | AS40: =AS38/AS$98 -> 0.065118206 | ... AU40: =AU38/AU$98 -> 0.081631835
A43: Other charges | M43: Other charges | Y43: Other charges | AK43: Other charges
A44: Month | B44: CDM Payment | D44: Cheque payment | E44: Card Payment | H44: Cash payment | I44: Wire Transfer Paymment | K44: Grand Total | M44: Month | N44: CDM Payment | P44: Cheque payment | Q44: Card Payment | T44: Cash payment | U44: Wire Transfer Paymment | W44: Grand Total | Y44: Month | Z44: CDM Payment | AB44: Cheque payment | AC44: Card Payment | AF44: Cash payment | AG44: Wire Transfer Paymment | AI44: Grand Total | AK44: Month | AL44: CDM Payment | AN44: Cheque payment | AO44: Card Payment | AR44: Cash payment | AS44: Wire Transfer Paymment | AU44: Grand Total
B45: CDM Cash | C45: CDM Cheque | D45: Cheque | E45: Credit Card | F45: Website (Payment link) | G45: Sobha One App | H45: OTC Deposit | I45: DWT(Domestic) | J45: IWT(International) | N45: CDM Cash | O45: CDM Cheque | P45: Cheque | Q45: Credit Card | R45: Website (Payment link) | S45: Sobha One App | T45: OTC Deposit | U45: DWT(Domestic) | V45: IWT(International) | Z45: CDM Cash | AA45: CDM Cheque | AB45: Cheque | AC45: Credit Card | AD45: Website (Payment link) | AE45: Sobha One App | AF45: OTC Deposit | AG45: DWT(Domestic) | AH45: IWT(International) | AL45: CDM Cash | AM45: CDM Cheque | AN45: Cheque | AO45: Credit Card | AP45: Website (Payment link) | AQ45: Sobha One App | AR45: OTC Deposit | AS45: DWT(Domestic) | AT45: IWT(International)
A46: Jan | B46: 4154 | C46: 0 | D46: 139870 | E46: 50000 | F46: 805483 | G46: 46678 | H46: 81974 | I46: 923938 | J46: 290200 | K46: =SUM(B46:J46) -> 2342297 | M46: Jan | N46: 154019 | O46: 0 | P46: 230364 | Q46: 0 | R46: 890522 | S46: 0 | T46: 127954 | U46: 1460995 | V46: 351880 | W46: =SUM(N46:V46) -> 3215734 | Y46: Jan | Z46: 96643 | AA46: 0 | AB46: 229390 | AC46: 82139 | AD46: 582874 | AE46: 0 | AF46: 321381 | AG46: 381283 | AH46: 128790 | AI46: =SUM(Z46:AH46) -> 1822500 | AK46: Jan | AL46: 30211 | AM46: 0 | AN46: 6024 | AO46: 90126 | AP46: 76596 | AQ46: 0 | AR46: 202268 | AS46: 133536 | AT46: 150231 | AU46: =SUM(AL46:AT46) -> 688992
A47: Feb | B47: 63093 | C47: 0 | D47: 225014 | E47: 91985 | F47: 764767 | G47: 36743 | H47: 78804 | I47: 1093458 | J47: 247314 | K47: =SUM(B47:J47) -> 2601178 | M47: Feb | N47: 138548 | O47: 25000 | P47: 194613 | Q47: 88621 | R47: 926833 | S47: 0 | T47: 54697 | U47: 1247276 | V47: 183741 | W47: =SUM(N47:V47) -> 2859329 | Y47: Feb | Z47: 123670 | AA47: 10000 | AB47: 236806 | AC47: 14931 | AD47: 1017744 | AE47: 0 | AF47: 169896 | AG47: 744442 | AH47: 34967 | AI47: =SUM(Z47:AH47) -> 2352456 | AK47: Feb | AL47: 57027 | AM47: 0 | AN47: 122419 | AO47: 177885 | AP47: 225015 | AQ47: 0 | AR47: 7500 | AS47: 171610 | AT47: 106909 | AU47: =SUM(AL47:AT47) -> 868365
A48: Mar | B48: 86288 | C48: 27367 | D48: 65111 | E48: 7346 | F48: 568875 | G48: 2651 | H48: 41897 | I48: 421866 | J48: 263557 | K48: =SUM(B48:J48) -> 1484958 | M48: Mar | N48: 35112 | O48: 0 | P48: 330646 | Q48: 77209 | R48: 917195 | S48: 0 | T48: 39000 | U48: 943778 | V48: 87752 | W48: =SUM(N48:V48) -> 2430692 | Y48: Mar | Z48: 93791 | AA48: 35000 | AB48: 161362 | AC48: 0 | AD48: 931395 | AE48: 0 | AF48: 122095 | AG48: 799807 | AH48: 41180 | AI48: =SUM(Z48:AH48) -> 2184630 | AK48: Mar | AL48: 96358 | AM48: 0 | AN48: 102398 | AO48: 90724 | AP48: 337187 | AQ48: 0 | AR48: 12485 | AS48: 219195 | AT48: 87839 | AU48: =SUM(AL48:AT48) -> 946186
A49: Apr | B49: 30440 | C49: 54150 | D49: 170458 | E49: 97098 | F49: 2471338 | G49: 500 | H49: 367535 | I49: 2288916 | J49: 305969 | K49: =SUM(B49:J49) -> 5786404 | M49: Apr | N49: 58792 | O49: 0 | P49: 215950 | Q49: 17141 | R49: 996530 | S49: 0 | T49: 119835 | U49: 813653 | V49: 219591 | W49: =SUM(N49:V49) -> 2441492 | Y49: Apr | Z49: 68500 | AA49: 0 | AB49: 502151 | AC49: 5385 | AD49: 342892 | AE49: 0 | AF49: 61723 | AG49: 255157 | AH49: 65811 | AI49: =SUM(Z49:AH49) -> 1301619 | AK49: Apr | AL49: 155440 | AM49: 0 | AN49: 44468 | AO49: 1254 | AP49: 286265 | AQ49: 0 | AR49: 31688 | AS49: 157988 | AT49: 28862 | AU49: =SUM(AL49:AT49) -> 705965
A50: May | B50: 0 | C50: 0 | D50: 1914 | E50: 0 | F50: 456523 | G50: 0 | H50: 32000 | I50: 76776 | J50: 16345 | K50: =SUM(B50:J50) -> 583558 | M50: May | N50: 190504 | O50: 2000 | P50: 413243 | Q50: 160578 | R50: 1255327 | S50: 0 | T50: 279700 | U50: 1548399 | V50: 497507 | W50: =SUM(N50:V50) -> 4347258 | Y50: May | Z50: 424790 | AA50: 1490 | AB50: 236485 | AC50: 39060 | AD50: 546495 | AE50: 0 | AF50: 193684 | AG50: 834629 | AH50: 60434 | AI50: =SUM(Z50:AH50) -> 2337067 | AK50: May | AL50: 87172 | AM50: 1000 | AN50: 2765 | AO50: 0 | AP50: 263501 | AQ50: 0 | AR50: 28200 | AS50: 445083 | AT50: 6850 | AU50: =SUM(AL50:AT50) -> 834571
A51: Jun | B51: 0 | C51: 0 | D51: 0 | E51: 0 | F51: 0 | G51: 0 | H51: 0 | I51: 0 | J51: 0 | K51: =SUM(B51:J51) -> 0 | M51: Jun | N51: 178804 | O51: 0 | P51: 253917 | Q51: 90077 | R51: 882290 | S51: 0 | T51: 154802 | U51: 2568232 | V51: 534956 | W51: =SUM(N51:V51) -> 4663078 | Y51: Jun | Z51: 5601 | AA51: 25000 | AB51: 55062 | AC51: 18500 | AD51: 321887 | AE51: 0 | AF51: 134000 | AG51: 785064 | AH51: 72311 | AI51: =SUM(Z51:AH51) -> 1417425 | AK51: Jun | AL51: 38102 | AM51: 0 | AN51: 55000 | AO51: 5320 | AP51: 334745 | AQ51: 0 | AR51: 18900 | AS51: 193829 | AT51: 59272 | AU51: =SUM(AL51:AT51) -> 705168
A52: Jul | B52: 0 | C52: 0 | D52: 0 | E52: 0 | F52: 0 | G52: 0 | H52: 0 | I52: 0 | J52: 0 | K52: =SUM(B52:J52) -> 0 | M52: Jul | N52: 203846 | O52: 32000 | P52: 403059 | Q52: 465082 | R52: 3629718 | S52: 0 | T52: 403318 | U52: 4144626 | V52: 895726 | W52: =SUM(N52:V52) -> 10177375 | Y52: Jul | Z52: 123508 | AA52: 0 | AB52: 134599 | AC52: 48252 | AD52: 203473 | AE52: 0 | AF52: 121900 | AG52: 483121 | AH52: 54993 | AI52: =SUM(Z52:AH52) -> 1169846 | AK52: Jul | AL52: 90002 | AM52: 10541 | AN52: 53733 | AO52: 7059 | AP52: 443657 | AQ52: 0 | AR52: 26538 | AS52: 481531 | AT52: 14320 | AU52: =SUM(AL52:AT52) -> 1127381
A53: Aug | B53: 0 | C53: 0 | D53: 0 | E53: 0 | F53: 0 | G53: 0 | H53: 0 | I53: 0 | J53: 0 | K53: =SUM(B53:J53) -> 0 | M53: Aug | N53: 108512 | O53: 9489 | P53: 278321 | Q53: 230815 | R53: 2387267 | S53: 75000 | T53: 276833 | U53: 1595021 | V53: 584955 | W53: =SUM(N53:V53) -> 5546213 | Y53: Aug | Z53: 11000 | AA53: 0 | AB53: 285495 | AC53: 0 | AD53: 444402 | AE53: 0 | AF53: 72248 | AG53: 532889 | AH53: 39419 | AI53: =SUM(Z53:AH53) -> 1385453 | AK53: Aug | AL53: 29819 | AM53: 50500 | AN53: 26945 | AO53: 0 | AP53: 445458 | AQ53: 0 | AR53: 55025 | AS53: 585542 | AT53: 20803 | AU53: =SUM(AL53:AT53) -> 1214092
A54: Sep | B54: 0 | C54: 0 | D54: 0 | E54: 0 | F54: 0 | G54: 0 | H54: 0 | I54: 0 | J54: 0 | K54: =SUM(B54:J54) -> 0 | M54: Sep | N54: 5828 | O54: 0 | P54: 402726 | Q54: 116900 | R54: 1172951 | S54: 150 | T54: 400330 | U54: 1283195 | V54: 601225 | W54: =SUM(N54:V54) -> 3983305 | Y54: Sep | Z54: 117386 | AA54: 0 | AB54: 183476 | AC54: 7450 | AD54: 315182 | AE54: 0 | AF54: 52500 | AG54: 292661 | AH54: 30500 | AI54: =SUM(Z54:AH54) -> 999155 | AK54: Sep | AL54: 80305 | AM54: 0 | AN54: 25000 | AO54: 2118 | AP54: 475554 | AQ54: 0 | AR54: 63771 | AS54: 589163 | AT54: 67270 | AU54: =SUM(AL54:AT54) -> 1303181
A55: Oct | B55: 0 | C55: 0 | D55: 0 | E55: 0 | F55: 0 | G55: 0 | H55: 0 | I55: 0 | J55: 0 | K55: =SUM(B55:J55) -> 0 | M55: Oct | N55: 69401 | O55: 0 | P55: 315205 | Q55: 43942 | R55: 1419641 | S55: 10508 | T55: 339383 | U55: 1134072 | V55: 237541 | W55: =SUM(N55:V55) -> 3569693 | Y55: Oct | Z55: 12500 | AA55: 25000 | AB55: 254347 | AC55: 0 | AD55: 349310 | AE55: 0 | AF55: 90781 | AG55: 304676 | AH55: 13146 | AI55: =SUM(Z55:AH55) -> 1049760 | AK55: Oct | AL55: 66317 | AM55: 50500 | AN55: 148288 | AO55: 5996 | AP55: 503249 | AQ55: 0 | AR55: 165014 | AS55: 203837 | AT55: 87401 | AU55: =SUM(AL55:AT55) -> 1230602
A56: Nov | B56: 0 | C56: 0 | D56: 0 | E56: 0 | F56: 0 | G56: 0 | H56: 0 | I56: 0 | J56: 0 | K56: =SUM(B56:J56) -> 0 | M56: Nov | N56: 74414 | O56: 125000 | P56: 552177 | Q56: 14517 | R56: 696164 | S56: 16841 | T56: 207874 | U56: 835302 | V56: 258638 | W56: =SUM(N56:V56) -> 2780927 | Y56: Nov | Z56: 40875 | AA56: 10000 | AB56: 99490 | AC56: 4863 | AD56: 564938 | AE56: 0 | AF56: 93750 | AG56: 510562 | AH56: 13925 | AI56: =SUM(Z56:AH56) -> 1338403 | AK56: Nov | AL56: 251031 | AM56: 14809 | AN56: 314047 | AO56: 0 | AP56: 420817 | AQ56: 0 | AR56: 294018 | AS56: 386227 | AT56: 51501 | AU56: =SUM(AL56:AT56) -> 1732450
A57: Dec | B57: 0 | C57: 0 | D57: 0 | E57: 0 | F57: 0 | G57: 0 | H57: 0 | I57: 0 | J57: 0 | K57: =SUM(B57:J57) -> 0 | M57: Dec | N57: 59926 | O57: 2865 | P57: 214222 | Q57: 85854 | R57: 799450 | S57: 25000 | T57: 107752 | U57: 1007131 | V57: 262194 | W57: =SUM(N57:V57) -> 2564394 | Y57: Dec | Z57: 106441 | AA57: 30000 | AB57: 109242 | AC57: 152 | AD57: 420083 | AE57: 0 | AF57: 75178 | AG57: 589371 | AH57: 29479 | AI57: =SUM(Z57:AH57) -> 1359946 | AK57: Dec | AL57: 29270 | AM57: 50000 | AN57: 73165 | AO57: 73000 | AP57: 518546 | AQ57: 0 | AR57: 264633 | AS57: 500164 | AT57: 35500 | AU57: =SUM(AL57:AT57) -> 1544278
A58: Grand Total | B58: =SUM(B46:B57) -> 183975 | C58: =SUM(C46:C57) -> 81517 | D58: =SUM(D46:D57) -> 602367 | E58: =SUM(E46:E57) -> 246429 | F58: =SUM(F46:F57) -> 5066986 | G58: =SUM(G46:G57) -> 86572 | H58: =SUM(H46:H57) -> 602210 | I58: =SUM(I46:I57) -> 4804954 | ... K58: =SUM(K46:K57) -> 12798395 | M58: Grand Total | N58: =SUM(N46:N57) -> 1277706 | O58: =SUM(O46:O57) -> 196354 | P58: =SUM(P46:P57) -> 3804443 | Q58: =SUM(Q46:Q57) -> 1390736 | R58: =SUM(R46:R57) -> 15973888 | S58: =SUM(S46:S57) -> 127499 | T58: =SUM(T46:T57) -> 2511478 | U58: =SUM(U46:U57) -> 18581680 | ... W58: =SUM(W46:W57) -> 48579490 | Y58: Grand Total | Z58: =SUM(Z46:Z57) -> 1224705 | AA58: =SUM(AA46:AA57) -> 136490 | AB58: =SUM(AB46:AB57) -> 2487905 | AC58: =SUM(AC46:AC57) -> 220732 | AD58: =SUM(AD46:AD57) -> 6040675 | AE58: =SUM(AE46:AE57) -> 0 | AF58: =SUM(AF46:AF57) -> 1509136 | AG58: =SUM(AG46:AG57) -> 6513662 | ... AI58: =SUM(AI46:AI57) -> 18718260 | AK58: Grand Total | AL58: =SUM(AL46:AL57) -> 1011054 | AM58: =SUM(AM46:AM57) -> 177350 | AN58: =SUM(AN46:AN57) -> 974252 | AO58: =SUM(AO46:AO57) -> 453482 | AP58: =SUM(AP46:AP57) -> 4330590 | AQ58: =SUM(AQ46:AQ57) -> 0 | AR58: =SUM(AR46:AR57) -> 1170040 | AS58: =SUM(AS46:AS57) -> 4067705 | ... AU58: =SUM(AU46:AU57) -> 12901231
A59: % of mode from Other charges | B59: =B58/$K58 -> 0.014374849 | C59: =C58/$K58 -> 0.0063693143 | D59: =D58/$K58 -> 0.047065823 | E59: =E58/$K58 -> 0.01925468 | F59: =F58/$K58 -> 0.39590792 | G59: =G58/$K58 -> 0.0067642857 | H59: =H58/$K58 -> 0.047053556 | I59: =I58/$K58 -> 0.37543411 | ... K59: =K58/$K58 -> 1 | M59: % of mode from Other charges | N59: =N58/$W58 -> 0.026301347 | O59: =O58/$W58 -> 0.0040419115 | P59: =P58/$W58 -> 0.07831377 | Q59: =Q58/$W58 -> 0.028628049 | R59: =R58/$W58 -> 0.32881959 | S59: =S58/$W58 -> 0.0026245438 | T59: =T58/$W58 -> 0.05169832 | U59: =U58/$W58 -> 0.38250052 | ... W59: =W58/$W58 -> 1 | Y59: % of mode from Other charges | Z59: =Z58/$AI58 -> 0.065428357 | AA59: =AA58/$AI58 -> 0.0072918102 | AB59: =AB58/$AI58 -> 0.13291326 | AC59: =AC58/$AI58 -> 0.011792335 | AD59: =AD58/$AI58 -> 0.32271563 | AE59: =AE58/$AI58 -> 0 | AF59: =AF58/$AI58 -> 0.080623733 | AG59: =AG58/$AI58 -> 0.34798437 | ... AI59: =AI58/$AI58 -> 1 | AK59: % of mode from Other charges | AL59: =AL58/$AU58 -> 0.078368801 | AM59: =AM58/$AU58 -> 0.01374675 | AN59: =AN58/$AU58 -> 0.075516205 | AO59: =AO58/$AU58 -> 0.035150289 | AP59: =AP58/$AU58 -> 0.33567262 | AQ59: =AQ58/$AU58 -> 0 | AR59: =AR58/$AU58 -> 0.090692121 | AS59: =AS58/$AU58 -> 0.31529588 | ... AU59: =AU58/$AU58 -> 1
A60: % of mode in Other charges from Grand total | B60: =B58/B$98 -> 0.0026816256 | C60: =IFERROR((C58/C$98),0) -> 0.0011292872 | D60: =D58/D$98 -> 0.00093811904 | E60: =E58/E$98 -> 0.0097537222 | F60: =F58/F$98 -> 0.010947759 | G60: =G58/G$98 -> 0.00023573281 | H60: =H58/H$98 -> 0.0011736744 | I60: =I58/I$98 -> 0.003132445 | J60: =J58/J$98 -> 0.0010079929 | K60: =K58/K$98 -> 0.0026664758 | M60: % of mode in Other charges from Grand total | N60: =N58/N$98 -> 0.0034566095 | O60: =O58/O$98 -> 0.0013789245 | P60: =P58/P$98 -> 0.0010480568 | Q60: =Q58/Q$98 -> 0.010804708 | R60: =R58/R$98 -> 0.007644996 | S60: =S58/S$98 -> 0.00050702368 | T60: =T58/T$98 -> 0.0017428897 | U60: =U58/U$98 -> 0.0037236747 | ... W60: =W58/W$98 -> 0.0027667335 | Y60: % of mode in Other charges from Grand total | Z60: =Z58/Z$98 -> 0.0025251675 | AA60: =AA58/AA$98 -> 0.00089535948 | AB60: =AB58/AB$98 -> 0.00091594553 | AC60: =AC58/AC$98 -> 0.0018231309 | AD60: =AD58/AD$98 -> 0.00576604 | AE60: =AE58/AE$98 -> 0 | AF60: =AF58/AF$98 -> 0.0015112067 | AG60: =AG58/AG$98 -> 0.0024073587 | ... AI60: =AI58/AI$98 -> 0.0017252852 | AK60: % of mode in Other charges from Grand total | AL60: =AL58/AL$98 -> 0.0026496169 | AM60: =AM58/AM$98 -> 0.0011216362 | AN60: =AN58/AN$98 -> 0.0003865207 | AO60: =AO58/AO$98 -> 0.0036999346 | AP60: =AP58/AP$98 -> 0.0081196151 | AQ60: =AQ58/AQ$98 -> 0 | AR60: =AR58/AR$98 -> 0.0011685252 | AS60: =AS58/AS$98 -> 0.0030445352 | ... AU60: =AU58/AU$98 -> 0.0016517292
A63: Due + Advance | M63: Due + Advance | Y63: Due + Advance | AK63: Due + Advance
A64: Month | B64: CDM Payment | D64: Cheque payment | E64: Card Payment | H64: Cash payment | I64: Wire Transfer Paymment | K64: Grand Total | M64: Month | N64: CDM Payment | P64: Cheque payment | Q64: Card Payment | T64: Cash payment | U64: Wire Transfer Paymment | W64: Grand Total | Y64: Month | Z64: CDM Payment | AB64: Cheque payment | AC64: Card Payment | AF64: Cash payment | AG64: Wire Transfer Paymment | AI64: Grand Total | AK64: Month | AL64: CDM Payment | AN64: Cheque payment | AO64: Card Payment | AR64: Cash payment | AS64: Wire Transfer Paymment | AU64: Grand Total
A65: Month | B65: CDM Cash | C65: CDM Cheque | D65: Cheque | E65: Credit Card | F65: Website (Payment link) | G65: Sobha One App | H65: OTC Deposit | I65: DWT(Domestic) | J65: IWT(International) | M65: Month | N65: CDM Cash | O65: CDM Cheque | P65: Cheque | Q65: Credit Card | R65: Website (Payment link) | S65: Sobha One App | T65: OTC Deposit | U65: DWT(Domestic) | V65: IWT(International) | Y65: Month | Z65: CDM Cash | AA65: CDM Cheque | AB65: Cheque | AC65: Credit Card | AD65: Website (Payment link) | AE65: Sobha One App | AF65: OTC Deposit | AG65: DWT(Domestic) | AH65: IWT(International) | AK65: Month | AL65: CDM Cash | AM65: CDM Cheque | AN65: Cheque | AO65: Credit Card | AP65: Website (Payment link) | AQ65: Sobha One App | AR65: OTC Deposit | AS65: DWT(Domestic) | AT65: IWT(International)
A66: Jan | B66: 21992412 | C66: 18235973 | D66: 151203665 | E66: 8176100 | F66: 90324181 | G66: 81846591 | H66: 22592170 | I66: 407268135 | J66: 281910153 | K66: =SUM(B66:J66) -> 1083549380 | M66: Jan | N66: 31702714 | O66: 4870761 | P66: 175222091 | Q66: 8494028 | R66: 75540797 | S66: 1259766 | T66: 10425355 | U66: 249538048 | V66: 210250201 | W66: =SUM(N66:V66) -> 767303761 | Y66: Jan | Z66: 33691372 | AA66: 12803325 | AB66: 212923233 | AC66: 7792589 | AD66: 29753070 | AE66: 0 | AF66: 4283570 | AG66: 118557579 | AH66: 98591797 | AI66: =SUM(Z66:AH66) -> 518396535 | AK66: Jan | AL66: 11714951 | AM66: 1113847 | AN66: 92646291 | AO66: 5330682 | AP66: 19342406 | AQ66: 0 | AR66: 71772024 | AS66: 18126293 | AT66: 102215199 | AU66: =SUM(AL66:AT66) -> 322261693
A67: Feb | B67: 20992516 | C67: 14291987 | D67: 200775350 | E67: 5436582 | F67: 55877391 | G67: 101550195 | H67: 49074277 | I67: 321888159 | J67: 219162479 | K67: =SUM(B67:J67) -> 989048936 | M67: Feb | N67: 30444542 | O67: 8417877 | P67: 240676207 | Q67: 6842891 | R67: 86055072 | S67: 836888 | T67: 419323 | U67: 256875406 | V67: 177588894 | W67: =SUM(N67:V67) -> 808157100 | Y67: Feb | Z67: 33234601 | AA67: 6684455 | AB67: 207009951 | AC67: 10534690 | AD67: 31756236 | AE67: 69502 | AF67: 134661 | AG67: 142603910 | AH67: 100750921 | AI67: =SUM(Z67:AH67) -> 532778927 | AK67: Feb | AL67: 28491756 | AM67: 3090540 | AN67: 174058273 | AO67: 4031263 | AP67: 22204915 | AQ67: 0 | AR67: 620290 | AS67: 57859826 | AT67: 76240608 | AU67: =SUM(AL67:AT67) -> 366597471
A68: Mar | B68: 12238021 | C68: 20029527 | D68: 79846910 | E68: 3324805 | F68: 53814098 | G68: 82584316 | H68: 66304963 | I68: 285689937 | J68: 189899774 | K68: =SUM(B68:J68) -> 793732351 | M68: Mar | N68: 34556300 | O68: 10121365 | P68: 244209573 | Q68: 5248768 | R68: 85855262 | S68: 3393898 | T68: 606045 | U68: 280989051 | V68: 194146821 | W68: =SUM(N68:V68) -> 859127083 | Y68: Mar | Z68: 29996139 | AA68: 5866326 | AB68: 188047598 | AC68: 5479048 | AD68: 37742645 | AE68: 203006 | AF68: 6262 | AG68: 154962894 | AH68: 98115999 | AI68: =SUM(Z68:AH68) -> 520419917 | AK68: Mar | AL68: 26658221 | AM68: 4235290 | AN68: 202218856 | AO68: 4930600 | AP68: 22853717 | AQ68: 0 | AR68: 540240 | AS68: 84277691 | AT68: 106454546 | AU68: =SUM(AL68:AT68) -> 452169161
A69: Apr | B69: 11089455 | C69: 14065443 | D69: 103062828 | E69: 2682222 | F69: 74730463 | G69: 73928511 | H69: 165716468 | I69: 319498641 | J69: 179983529 | K69: =SUM(B69:J69) -> 944757560 | M69: Apr | N69: 27613000 | O69: 8906960 | P69: 368266871 | Q69: 9754882 | R69: 91864454 | S69: 5670512 | T69: 11143457 | U69: 351111349 | V69: 266308247 | W69: =SUM(N69:V69) -> 1140639732 | Y69: Apr | Z69: 26134563 | AA69: 10839278 | AB69: 148153334 | AC69: 3344174 | AD69: 35827855 | AE69: 430651 | AF69: 858248 | AG69: 142835194 | AH69: 118870823 | AI69: =SUM(Z69:AH69) -> 487294120 | AK69: Apr | AL69: 24868743 | AM69: 1791735 | AN69: 116078929 | AO69: 4894983 | AP69: 21283558 | AQ69: 0 | AR69: 619524 | AS69: 67652936 | AT69: 78092591 | AU69: =SUM(AL69:AT69) -> 315282999
A70: May | B70: 119180 | C70: 150000 | D70: 33223858 | E70: 140800 | F70: 14409171 | G70: 15121270 | H70: 17733072 | I70: 22676877 | J70: 9614485 | K70: =SUM(B70:J70) -> 113188713 | M70: May | N70: 35066540 | O70: 7854890 | P70: 413954292 | Q70: 7292579 | R70: 114899662 | S70: 10606426 | T70: 52527787 | U70: 405457047 | V70: 323178383 | W70: =SUM(N70:V70) -> 1370837606 | Y70: May | Z70: 44530028 | AA70: 13993051 | AB70: 173569034 | AC70: 4791246 | AD70: 43669478 | AE70: 615781 | AF70: 79505 | AG70: 163633878 | AH70: 135714146 | AI70: =SUM(Z70:AH70) -> 580596147 | AK70: May | AL70: 21106293 | AM70: 2654134 | AN70: 134056381 | AO70: 4583180 | AP70: 28632270 | AQ70: 0 | AR70: 5336370 | AS70: 60402419 | AT70: 72963797 | AU70: =SUM(AL70:AT70) -> 329734844
A71: Jun | B71: 0 | C71: 0 | D71: 0 | E71: 0 | F71: 0 | G71: 0 | H71: 0 | I71: 0 | J71: 0 | K71: =SUM(B71:J71) -> 0 | M71: Jun | N71: 35127493 | O71: 6337728 | P71: 254866248 | Q71: 4702990 | R71: 115549149 | S71: 10153269 | T71: 71072527 | U71: 344597653 | V71: 256916143 | W71: =SUM(N71:V71) -> 1099323200 | Y71: Jun | Z71: 24809595 | AA71: 19032866 | AB71: 180451700 | AC71: 2233227 | AD71: 37106677 | AE71: 100000 | AF71: 361806 | AG71: 137053502 | AH71: 101506096 | AI71: =SUM(Z71:AH71) -> 502655469 | AK71: Jun | AL71: 23867677 | AM71: 5572138 | AN71: 108237756 | AO71: 2206841 | AP71: 21715834 | AQ71: 0 | AR71: 559969 | AS71: 51052958 | AT71: 49530223 | AU71: =SUM(AL71:AT71) -> 262743396
A72: Jul | B72: 0 | C72: 0 | D72: 0 | E72: 0 | F72: 0 | G72: 0 | H72: 0 | I72: 0 | J72: 0 | K72: =SUM(B72:J72) -> 0 | M72: Jul | N72: 32678034 | O72: 10881005 | P72: 407476389 | Q72: 8632192 | R72: 118152429 | S72: 14656068 | T72: 16231175 | U72: 400763918 | V72: 265067938 | W72: =SUM(N72:V72) -> 1274539148 | Y72: Jul | Z72: 41586026 | AA72: 9265698 | AB72: 189891527 | AC72: 5825141 | AD72: 43122256 | AE72: 82000 | AF72: 165156 | AG72: 158027604 | AH72: 123069826 | AI72: =SUM(Z72:AH72) -> 571035234 | AK72: Jul | AL72: 26019717 | AM72: 4140534 | AN72: 123240601 | AO72: 5488001 | AP72: 24925088 | AQ72: 0 | AR72: 108053 | AS72: 70164707 | AT72: 67157849 | AU72: =SUM(AL72:AT72) -> 321244550
A73: Aug | B73: 0 | C73: 0 | D73: 0 | E73: 0 | F73: 0 | G73: 0 | H73: 0 | I73: 0 | J73: 0 | K73: =SUM(B73:J73) -> 0 | M73: Aug | N73: 21789102 | O73: 6705741 | P73: 260149111 | Q73: 7856823 | R73: 106406814 | S73: 24373267 | T73: 69004170 | U73: 350114386 | V73: 256293522 | W73: =SUM(N73:V73) -> 1102692936 | Y73: Aug | Z73: 36217606 | AA73: 10395925 | AB73: 151663174 | AC73: 11094768 | AD73: 46133939 | AE73: 181534 | AF73: 15182731 | AG73: 165921103 | AH73: 137639204 | AI73: =SUM(Z73:AH73) -> 574429984 | AK73: Aug | AL73: 32277607 | AM73: 12981201 | AN73: 253537482 | AO73: 5704648 | AP73: 26891662 | AQ73: 0 | AR73: 10846 | AS73: 90295421 | AT73: 63196305 | AU73: =SUM(AL73:AT73) -> 484895172
A74: Sep | B74: 0 | C74: 0 | D74: 0 | E74: 0 | F74: 0 | G74: 0 | H74: 0 | I74: 0 | J74: 0 | K74: =SUM(B74:J74) -> 0 | M74: Sep | N74: 22018110 | O74: 8739424 | P74: 252288684 | Q74: 4182989 | R74: 106490014 | S74: 19329075 | T74: 38115561 | U74: 324104716 | V74: 285718177 | W74: =SUM(N74:V74) -> 1060986750 | Y74: Sep | Z74: 32721529 | AA74: 4667592 | AB74: 172238463 | AC74: 5113988 | AD74: 46919966 | AE74: 0 | AF74: 531928 | AG74: 191346644 | AH74: 130344736 | AI74: =SUM(Z74:AH74) -> 583884846 | AK74: Sep | AL74: 20131838 | AM74: 18816512 | AN74: 156886647 | AO74: 7402060 | AP74: 21599515 | AQ74: 0 | AR74: 85044 | AS74: 113730162 | AT74: 90726409 | AU74: =SUM(AL74:AT74) -> 429378187
A75: Oct | B75: 0 | C75: 0 | D75: 0 | E75: 0 | F75: 0 | G75: 0 | H75: 0 | I75: 0 | J75: 0 | K75: =SUM(B75:J75) -> 0 | M75: Oct | N75: 29874517 | O75: 15613140 | P75: 244708725 | Q75: 7555807 | R75: 106485499 | S75: 38763047 | T75: 37874480 | U75: 466375622 | V75: 282629759 | W75: =SUM(N75:V75) -> 1229880596 | Y75: Oct | Z75: 31336548 | AA75: 7721117 | AB75: 203861280 | AC75: 5689004 | AD75: 58337993 | AE75: 0 | AF75: 5614203 | AG75: 198224904 | AH75: 222157850 | AI75: =SUM(Z75:AH75) -> 732942899 | AK75: Oct | AL75: 25267501 | AM75: 13198091 | AN75: 199687904 | AO75: 5935795 | AP75: 32114124 | AQ75: 0 | AR75: 7126 | AS75: 87202722 | AT75: 79025642 | AU75: =SUM(AL75:AT75) -> 442438905
A76: Nov | B76: 0 | C76: 0 | D76: 0 | E76: 0 | F76: 0 | G76: 0 | H76: 0 | I76: 0 | J76: 0 | K76: =SUM(B76:J76) -> 0 | M76: Nov | N76: 20709351 | O76: 19319984 | P76: 217041233 | Q76: 6969525 | R76: 93359995 | S76: 46963381 | T76: 30171272 | U76: 360008742 | V76: 259037637 | W76: =SUM(N76:V76) -> 1053581120 | Y76: Nov | Z76: 38886390 | AA76: 10077590 | AB76: 209820775 | AC76: 6028579 | AD76: 54684423 | AE76: 530723 | AF76: 10318770 | AG76: 228774025 | AH76: 144115316 | AI76: =SUM(Z76:AH76) -> 703236591 | AK76: Nov | AL76: 27111719 | AM76: 23951913 | AN76: 219619563 | AO76: 5732046 | AP76: 27024076 | AQ76: 500 | AR76: 121304 | AS76: 102890321 | AT76: 97403053 | AU76: =SUM(AL76:AT76) -> 503854495
A77: Dec | B77: 0 | C77: 0 | D77: 0 | E77: 0 | F77: 0 | G77: 0 | H77: 0 | I77: 0 | J77: 0 | K77: =SUM(B77:J77) -> 0 | M77: Dec | N77: 22800087 | O77: 24558200 | P77: 199083058 | Q77: 10103177 | R77: 93609233 | S77: 58698645 | T77: 17513116 | U77: 396824598 | V77: 284083710 | W77: =SUM(N77:V77) -> 1107273824 | Y77: Dec | Z77: 35317815 | AA77: 8028618 | AB77: 185034871 | AC77: 4741339 | AD77: 64676262 | AE77: 499227 | AF77: 1181354 | AG77: 215151581 | AH77: 154948091 | AI77: =SUM(Z77:AH77) -> 669579158 | AK77: Dec | AL77: 32328439 | AM77: 26232599 | AN77: 171646524 | AO77: 5535232 | AP77: 31431563 | AQ77: 0 | AR77: 992016 | AS77: 111824779 | AT77: 82410009 | AU77: =SUM(AL77:AT77) -> 462401161
A78: Grand Total | B78: =SUM(B66:B77) -> 66431584 | C78: =SUM(C66:C77) -> 66772930 | D78: =SUM(D66:D77) -> 568112611 | E78: =SUM(E66:E77) -> 19760509 | F78: =SUM(F66:F77) -> 289155304 | G78: =SUM(G66:G77) -> 355030883 | H78: =SUM(H66:H77) -> 321420950 | I78: =SUM(I66:I77) -> 1357021749 | ... K78: =SUM(K66:K77) -> 3924276940 | M78: Grand Total | N78: =SUM(N66:N77) -> 344379790 | O78: =SUM(O66:O77) -> 132327075 | P78: =SUM(P66:P77) -> 3277942482 | Q78: =SUM(Q66:Q77) -> 87636651 | R78: =SUM(R66:R77) -> 1194268380 | S78: =SUM(S66:S77) -> 234704242 | T78: =SUM(T66:T77) -> 355104268 | U78: =SUM(U66:U77) -> 4186760536 | ... W78: =SUM(W66:W77) -> 12874342856 | Y78: Grand Total | Z78: =SUM(Z66:Z77) -> 408462212 | AA78: =SUM(AA66:AA77) -> 119375841 | AB78: =SUM(AB66:AB77) -> 2222664940 | AC78: =SUM(AC66:AC77) -> 72667793 | AD78: =SUM(AD66:AD77) -> 529730800 | AE78: =SUM(AE66:AE77) -> 2712424 | AF78: =SUM(AF66:AF77) -> 38718194 | AG78: =SUM(AG66:AG77) -> 2017092818 | ... AI78: =SUM(AI66:AI77) -> 6977249827 | AK78: Grand Total | AL78: =SUM(AL66:AL77) -> 299844462 | AM78: =SUM(AM66:AM77) -> 117778534 | AN78: =SUM(AN66:AN77) -> 1951915207 | AO78: =SUM(AO66:AO77) -> 61775331 | AP78: =SUM(AP66:AP77) -> 300018728 | AQ78: =SUM(AQ66:AQ77) -> 500 | AR78: =SUM(AR66:AR77) -> 80772806 | AS78: =SUM(AS66:AS77) -> 915480235 | ... AU78: =SUM(AU66:AU77) -> 4693002034
A79: % of mode from Due + Advance | B79: =B78/$K78 -> 0.016928363 | C79: =C78/$K78 -> 0.017015346 | D79: =D78/$K78 -> 0.14476874 | E79: =E78/$K78 -> 0.0050354522 | F79: =F78/$K78 -> 0.073683715 | G79: =G78/$K78 -> 0.090470395 | H79: =H78/$K78 -> 0.081905777 | I79: =I78/$K78 -> 0.34580173 | ... K79: =K78/$K78 -> 1 | M79: % of mode from Due + Advance | N79: =N78/$W78 -> 0.02674931 | O79: =O78/$W78 -> 0.010278356 | P79: =P78/$W78 -> 0.25461047 | Q79: =Q78/$W78 -> 0.0068070776 | R79: =R78/$W78 -> 0.092763444 | S79: =S78/$W78 -> 0.018230386 | T79: =T78/$W78 -> 0.027582322 | U79: =U78/$W78 -> 0.32520188 | ... W79: =W78/$W78 -> 1 | Y79: % of mode from Due + Advance | Z79: =Z78/$AI78 -> 0.058542008 | AA79: =AA78/$AI78 -> 0.017109297 | AB79: =AB78/$AI78 -> 0.31855889 | AC79: =AC78/$AI78 -> 0.010414962 | AD79: =AD78/$AI78 -> 0.075922579 | AE79: =AE78/$AI78 -> 0.0003887526 | AF79: =AF78/$AI78 -> 0.0055492056 | AG79: =AG78/$AI78 -> 0.28909568 | ... AI79: =AI78/$AI78 -> 1 | AK79: % of mode from Due + Advance | AL79: =AL78/$AU78 -> 0.063891824 | AM79: =AM78/$AU78 -> 0.02509663 | AN79: =AN78/$AU78 -> 0.41592038 | AO79: =AO78/$AU78 -> 0.013163287 | AP79: =AP78/$AU78 -> 0.063928958 | AQ79: =AQ78/$AU78 -> 1.0654161e-07 | AR79: =AR78/$AU78 -> 0.01721133 | AS79: =AS78/$AU78 -> 0.19507348 | ... AU79: =AU78/$AU78 -> 1
A80: % of mode in Due + Advance from Grand total | B80: =B78/B$98 -> 0.96830894 | C80: =IFERROR((C78/C$98),0) -> 0.92503181 | D80: =D78/D$98 -> 0.88477167 | E80: =E78/E$98 -> 0.78212595 | F80: =F78/F$98 -> 0.62475062 | G80: =G78/G$98 -> 0.96673782 | H80: =H78/H$98 -> 0.62643186 | I80: =I78/I$98 -> 0.88466944 | J80: =J78/J$98 -> 0.7901198 | K80: =K78/K$98 -> 0.81760171 | M80: % of mode in Due + Advance from Grand total | N80: =N78/N$98 -> 0.93165912 | O80: =O78/O$98 -> 0.92928613 | P80: =P78/P$98 -> 0.90301522 | Q80: =Q78/Q$98 -> 0.68085417 | R80: =R78/R$98 -> 0.57156886 | S80: =S78/S$98 -> 0.93334542 | T80: =T78/T$98 -> 0.24643161 | U80: =U78/U$98 -> 0.83900565 | ... W80: =W78/W$98 -> 0.73322869 | Y80: % of mode in Due + Advance from Grand total | Z80: =Z78/Z$98 -> 0.84219097 | AA80: =AA78/AA$98 -> 0.78309247 | AB80: =AB78/AB$98 -> 0.81829492 | AC80: =AC78/AC$98 -> 0.60019798 | AD80: =AD78/AD$98 -> 0.50564697 | AE80: =AE78/AE$98 -> 0.94759686 | AF80: =AF78/AF$98 -> 0.038771319 | AG80: =AG78/AG$98 -> 0.74548938 | ... AI80: =AI78/AI$98 -> 0.64310174 | AK80: % of mode in Due + Advance from Grand total | AL80: =AL78/AL$98 -> 0.78578686 | AM80: =AM78/AM$98 -> 0.74488111 | AN80: =AN78/AN$98 -> 0.77439475 | AO80: =AO78/AO$98 -> 0.50402152 | AP80: =AP78/AP$98 -> 0.56251841 | AQ80: =AQ78/AQ$98 -> 1 | AR80: =AR78/AR$98 -> 0.080668234 | AS80: =AS78/AS$98 -> 0.685205 | ... AU80: =AU78/AU$98 -> 0.60083944
A83: Total amount | M83: Total amount | Y83: Total amount | AK83: Total amount
A84: Month | B84: CDM Payment | D84: Cheque payment | E84: Card Payment | H84: Cash payment | I84: Wire Transfer Paymment | K84: Grand Total | M84: Month | N84: CDM Payment | P84: Cheque payment | Q84: Card Payment | T84: Cash payment | U84: Wire Transfer Paymment | W84: Grand Total | Y84: Month | Z84: CDM Payment | AB84: Cheque payment | AC84: Card Payment | AF84: Cash payment | AG84: Wire Transfer Paymment | AI84: Grand Total | AK84: Month | AL84: CDM Payment | AN84: Cheque payment | AO84: Card Payment | AR84: Cash payment | AS84: Wire Transfer Paymment | AU84: Grand Total
A85: Month | B85: CDM Cash | C85: CDM Cheque | D85: Cheque | E85: Credit Card | F85: Website (Payment link) | G85: Sobha One App | H85: OTC Deposit | I85: DWT(Domestic) | J85: IWT(International) | M85: Month | N85: CDM Cash | O85: CDM Cheque | P85: Cheque | Q85: Credit Card | R85: Website (Payment link) | S85: Sobha One App | T85: OTC Deposit | U85: DWT(Domestic) | V85: IWT(International) | Y85: Month | Z85: CDM Cash | AA85: CDM Cheque | AB85: Cheque | AC85: Credit Card | AD85: Website (Payment link) | AE85: Sobha One App | AF85: OTC Deposit | AG85: DWT(Domestic) | AH85: IWT(International) | AK85: Month | AL85: CDM Cash | AM85: CDM Cheque | AN85: Cheque | AO85: Credit Card | AP85: Website (Payment link) | AQ85: Sobha One App | AR85: OTC Deposit | AS85: DWT(Domestic) | AT85: IWT(International)
A86: Jan | B86: 22418160 | C86: 18437971 | D86: 173654886 | E86: 11412720 | F86: 144160738 | G86: 84993261 | H86: 88247246 | I86: 469152066 | J86: 365451842 | K86: =SUM(B86:J86) -> 1377928890 | M86: Jan | N86: 35787802 | O86: 8113598 | P86: 205443383 | Q86: 13688942 | R86: 137729250 | S86: 1744024 | T86: 110290977 | U86: 329117813 | V86: 333172344 | W86: =SUM(N86:V86) -> 1175088133 | Y86: Jan | Z86: 38792856 | AA86: 14966067 | AB86: 255440634 | AC86: 13199889 | AD86: 50779418 | AE86: 0 | AF86: 77943639 | AG86: 157206201 | AH86: 175216695 | AI86: =SUM(Z86:AH86) -> 783545399 | AK86: Jan | AL86: 14954294 | AM86: 3651341 | AN86: 124491695 | AO86: 12783556 | AP86: 34175579 | AQ86: 0 | AR86: 145835373 | AS86: 34415254 | AT86: 200987574 | AU86: =SUM(AL86:AT86) -> 571294666
A87: Feb | B87: 21765449 | C87: 15692604 | D87: 217200568 | E87: 7218288 | F87: 112429575 | G87: 106594618 | H87: 132413237 | I87: 377408568 | J87: 310173678 | K87: =SUM(B87:J87) -> 1300896585 | M87: Feb | N87: 34146196 | O87: 9875976 | P87: 273070259 | Q87: 11596751 | R87: 158787415 | S87: 836888 | T87: 102445581 | U87: 360308727 | V87: 303406521 | W87: =SUM(N87:V87) -> 1254474314 | Y87: Feb | Z87: 40114831 | AA87: 9575834 | AB87: 251959323 | AC87: 13909121 | AD87: 60578693 | AE87: 69502 | AF87: 89273793 | AG87: 183301297 | AH87: 187701185 | AI87: =SUM(Z87:AH87) -> 836483579 | AK87: Feb | AL87: 35845585 | AM87: 8274132 | AN87: 192051794 | AO87: 8500435 | AP87: 34165107 | AQ87: 0 | AR87: 65248069 | AS87: 76704418 | AT87: 146938669 | AU87: =SUM(AL87:AT87) -> 567728209
A88: Mar | B88: 12717807 | C88: 20056895 | D88: 95883428 | E88: 3504631 | F88: 75637616 | G88: 83999107 | H88: 81051415 | I88: 299089764 | J88: 222184516 | K88: =SUM(B88:J88) -> 894125179 | M88: Mar | N88: 36824926 | O88: 12320529 | P88: 283415933 | Q88: 9742021 | R88: 173587758 | S88: 3394766 | T88: 82836563 | U88: 356666205 | V88: 353138993 | W88: =SUM(N88:V88) -> 1311927694 | Y88: Mar | Z88: 38031491 | AA88: 8658079 | AB88: 257462564 | AC88: 9641735 | AD88: 73138352 | AE88: 203006 | AF88: 91998496 | AG88: 202979592 | AH88: 229063666 | AI88: =SUM(Z88:AH88) -> 911176981 | AK88: Mar | AL88: 31803608 | AM88: 6114370 | AN88: 216895307 | AO88: 10300474 | AP88: 35870548 | AQ88: 0 | AR88: 72510510 | AS88: 101631969 | AT88: 202579569 | AU88: =SUM(AL88:AT88) -> 677706355
A89: Apr | B89: 11583768 | C89: 17846999 | D89: 118295819 | E89: 2878685 | F89: 111182738 | G89: 76114210 | H89: 188780043 | I89: 357880586 | J89: 205712747 | K89: =SUM(B89:J89) -> 1090275595 | M89: Apr | N89: 31632663 | O89: 9670427 | P89: 421058959 | Q89: 12441509 | R89: 171684186 | S89: 5864704 | T89: 106383014 | U89: 417204641 | V89: 414218391 | W89: =SUM(N89:V89) -> 1590158494 | Y89: Apr | Z89: 34439779 | AA89: 12618084 | AB89: 190263425 | AC89: 7266802 | AD89: 74526009 | AE89: 430651 | AF89: 68147010 | AG89: 199732469 | AH89: 204814782 | AI89: =SUM(Z89:AH89) -> 792239011 | AK89: Apr | AL89: 28000524 | AM89: 2337975 | AN89: 148586615 | AO89: 7937337 | AP89: 36013072 | AQ89: 0 | AR89: 59594947 | AS89: 88574719 | AT89: 133381364 | AU89: =SUM(AL89:AT89) -> 504426553
A90: May | B90: 120590 | C90: 150000 | D90: 37066112 | E90: 250800 | F90: 19422492 | G90: 15545098 | H90: 22606080 | I90: 30399865 | J90: 10954313 | K90: =SUM(B90:J90) -> 136515350 | M90: May | N90: 37519678 | O90: 9286295 | P90: 450351311 | Q90: 12117073 | R90: 218059546 | S90: 11346861 | T90: 196386214 | U90: 506412579 | V90: 498473041 | W90: =SUM(N90:V90) -> 1939952598 | Y90: May | Z90: 53955848 | AA90: 18271593 | AB90: 216241093 | AC90: 8967729 | AD90: 84432195 | AE90: 615781 | AF90: 81428017 | AG90: 226816989 | AH90: 202308629 | AI90: =SUM(Z90:AH90) -> 893037874 | AK90: May | AL90: 27862548 | AM90: 3448208 | AN90: 198358040 | AO90: 10527663 | AP90: 52203318 | AQ90: 0 | AR90: 91282352 | AS90: 90768296 | AT90: 155473873 | AU90: =SUM(AL90:AT90) -> 629924298
A91: Jun | B91: 0 | C91: 0 | D91: 0 | E91: 0 | F91: 0 | G91: 0 | H91: 0 | I91: 0 | J91: 0 | K91: =SUM(B91:J91) -> 0 | M91: Jun | N91: 36270460 | O91: 6723156 | P91: 271949619 | Q91: 6974124 | R91: 183808354 | S91: 11062227 | T91: 147038553 | U91: 415480835 | V91: 389862945 | W91: =SUM(N91:V91) -> 1469170273 | Y91: Jun | Z91: 31141194 | AA91: 27628229 | AB91: 203337127 | AC91: 4855756 | AD91: 65537958 | AE91: 100000 | AF91: 48374248 | AG91: 192202119 | AH91: 166196123 | AI91: =SUM(Z91:AH91) -> 739372754 | AK91: Jun | AL91: 31269243 | AM91: 7949169 | AN91: 192754131 | AO91: 6040777 | AP91: 37904335 | AQ91: 0 | AR91: 94094996 | AS91: 79827633 | AT91: 90447572 | AU91: =SUM(AL91:AT91) -> 540287856
A92: Jul | B92: 0 | C92: 0 | D92: 0 | E92: 0 | F92: 0 | G92: 0 | H92: 0 | I92: 0 | J92: 0 | K92: =SUM(B92:J92) -> 0 | M92: Jul | N92: 33870626 | O92: 11064410 | P92: 428992851 | Q92: 11213508 | R92: 194515253 | S92: 15794002 | T92: 95393047 | U92: 456018651 | V92: 371524839 | W92: =SUM(N92:V92) -> 1618387187 | Y92: Jul | Z92: 48302956 | AA92: 12208695 | AB92: 218930972 | AC92: 8711077 | AD92: 72969649 | AE92: 82000 | AF92: 59195385 | AG92: 203358482 | AH92: 190797348 | AI92: =SUM(Z92:AH92) -> 814556564 | AK92: Jul | AL92: 34633791 | AM92: 6252841 | AN92: 199187976 | AO92: 8666029 | AP92: 42169490 | AQ92: 0 | AR92: 99546799 | AS92: 116163742 | AT92: 126773440 | AU92: =SUM(AL92:AT92) -> 633394108
A93: Aug | B93: 0 | C93: 0 | D93: 0 | E93: 0 | F93: 0 | G93: 0 | H93: 0 | I93: 0 | J93: 0 | K93: =SUM(B93:J93) -> 0 | M93: Aug | N93: 22907245 | O93: 6716640 | P93: 281807668 | Q93: 10650426 | R93: 171458592 | S93: 28003665 | T93: 135117135 | U93: 399744032 | V93: 338527557 | W93: =SUM(N93:V93) -> 1394932960 | Y93: Aug | Z93: 42642389 | AA93: 11707442 | AB93: 184289222 | AC93: 13845273 | AD93: 92755145 | AE93: 181534 | AF93: 93076272 | AG93: 215256023 | AH93: 214621958 | AI93: =SUM(Z93:AH93) -> 868375258 | AK93: Aug | AL93: 39477449 | AM93: 17671883 | AN93: 308086741 | AO93: 10792686 | AP93: 51163009 | AQ93: 0 | AR93: 71835044 | AS93: 151055745 | AT93: 123974134 | AU93: =SUM(AL93:AT93) -> 774056691
A94: Sep | B94: 0 | C94: 0 | D94: 0 | E94: 0 | F94: 0 | G94: 0 | H94: 0 | I94: 0 | J94: 0 | K94: =SUM(B94:J94) -> 0 | M94: Sep | N94: 23902882 | O94: 8832763 | P94: 298163298 | Q94: 8199748 | R94: 174459877 | S94: 21837281 | T94: 127366157 | U94: 375330005 | V94: 382323404 | W94: =SUM(N94:V94) -> 1420415415 | Y94: Sep | Z94: 38947649 | AA94: 6012348 | AB94: 209488679 | AC94: 9656980 | AD94: 95322536 | AE94: 0 | AF94: 77965714 | AG94: 251441170 | AH94: 207133822 | AI94: =SUM(Z94:AH94) -> 895968898 | AK94: Sep | AL94: 26073993 | AM94: 29681231 | AN94: 221883710 | AO94: 10295762 | AP94: 44389073 | AQ94: 0 | AR94: 69798555 | AS94: 151075848 | AT94: 145322793 | AU94: =SUM(AL94:AT94) -> 698520965
A95: Oct | B95: 0 | C95: 0 | D95: 0 | E95: 0 | F95: 0 | G95: 0 | H95: 0 | I95: 0 | J95: 0 | K95: =SUM(B95:J95) -> 0 | M95: Oct | N95: 30395842 | O95: 15614140 | P95: 261439903 | Q95: 10631235 | R95: 189739206 | S95: 41816020 | T95: 121062190 | U95: 521787404 | V95: 389635552 | W95: =SUM(N95:V95) -> 1582121492 | Y95: Oct | Z95: 36173235 | AA95: 9280811 | AB95: 247920076 | AC95: 9373269 | AD95: 115168495 | AE95: 0 | AF95: 98941072 | AG95: 270853845 | AH95: 312981650 | AI95: =SUM(Z95:AH95) -> 1100692453 | AK95: Oct | AL95: 36499932 | AM95: 15625023 | AN95: 230800527 | AO95: 12310660 | AP95: 62197861 | AQ95: 0 | AR95: 62789916 | AS95: 142681212 | AT95: 145599134 | AU95: =SUM(AL95:AT95) -> 708504265
A96: Nov | B96: 0 | C96: 0 | D96: 0 | E96: 0 | F96: 0 | G96: 0 | H96: 0 | I96: 0 | J96: 0 | K96: =SUM(B96:J96) -> 0 | M96: Nov | N96: 22990655 | O96: 19612285 | P96: 232862376 | Q96: 9769677 | R96: 153424862 | S96: 48885468 | T96: 99760773 | U96: 408077136 | V96: 348695713 | W96: =SUM(N96:V96) -> 1344078945 | Y96: Nov | Z96: 42513417 | AA96: 12642346 | AB96: 261420210 | AC96: 11225125 | AD96: 126557355 | AE96: 530723 | AF96: 109143834 | AG96: 311508659 | AH96: 249559535 | AI96: =SUM(Z96:AH96) -> 1125101204 | AK96: Nov | AL96: 35518970 | AM96: 27244640 | AN96: 262348576 | AO96: 11116410 | AP96: 48448884 | AQ96: 500 | AR96: 88364104 | AS96: 152282357 | AT96: 152814954 | AU96: =SUM(AL96:AT96) -> 778139395
A97: Dec | B97: 0 | C97: 0 | D97: 0 | E97: 0 | F97: 0 | G97: 0 | H97: 0 | I97: 0 | J97: 0 | K97: =SUM(B97:J97) -> 0 | M97: Dec | N97: 23392436 | O97: 24566262 | P97: 221441395 | Q97: 11690730 | R97: 162202378 | S97: 60879668 | T97: 116904847 | U97: 443997798 | V97: 392644559 | W97: =SUM(N97:V97) -> 1457720073 | Y97: Dec | Z97: 39943871 | AA97: 8872036 | AB97: 219461678 | AC97: 10420282 | AD97: 135863934 | AE97: 649227 | AF97: 103142302 | AG97: 291072936 | AH97: 279395516 | AI97: =SUM(Z97:AH97) -> 1088821782 | AK97: Dec | AL97: 39645042 | AM97: 29866411 | AN97: 225123630 | AO97: 13293079 | AP97: 54648895 | AQ97: 0 | AR97: 80395656 | AS97: 150886449 | AT97: 132899791 | AU97: =SUM(AL97:AT97) -> 726758953
A98: Grand Total | B98: =SUM(B86:B97) -> 68605774 | C98: =SUM(C86:C97) -> 72184469 | D98: =SUM(D86:D97) -> 642100813 | E98: =SUM(E86:E97) -> 25265124 | F98: =SUM(F86:F97) -> 462833159 | G98: =SUM(G86:G97) -> 367246294 | H98: =SUM(H86:H97) -> 513098021 | I98: =SUM(I86:I97) -> 1533930849 | ... K98: =SUM(K86:K97) -> 4799741599 | M98: Grand Total | N98: =SUM(N86:N97) -> 369641411 | O98: =SUM(O86:O97) -> 142396481 | P98: =SUM(P86:P97) -> 3629996955 | Q98: =SUM(Q86:Q97) -> 128715744 | R98: =SUM(R86:R97) -> 2089456677 | S98: =SUM(S86:S97) -> 251465574 | T98: =SUM(T86:T97) -> 1440985051 | U98: =SUM(U86:U97) -> 4990145826 | ... W98: =SUM(W86:W97) -> 17558427578 | Y98: Grand Total | Z98: =SUM(Z86:Z97) -> 484999516 | AA98: =SUM(AA86:AA97) -> 152441564 | AB98: =SUM(AB86:AB97) -> 2716215003 | AC98: =SUM(AC86:AC97) -> 121073038 | AD98: =SUM(AD86:AD97) -> 1047629739 | AE98: =SUM(AE86:AE97) -> 2862424 | AF98: =SUM(AF86:AF97) -> 998629782 | AG98: =SUM(AG86:AG97) -> 2705729782 | ... AI98: =SUM(AI86:AI97) -> 10849371757 | AK98: Grand Total | AL98: =SUM(AL86:AL97) -> 381584979 | AM98: =SUM(AM86:AM97) -> 158117224 | AN98: =SUM(AN86:AN97) -> 2520568742 | AO98: =SUM(AO86:AO97) -> 122564868 | AP98: =SUM(AP86:AP97) -> 533349171 | AQ98: =SUM(AQ86:AQ97) -> 500 | AR98: =SUM(AR86:AR97) -> 1001296321 | AS98: =SUM(AS86:AS97) -> 1336067642 | ... AU98: =SUM(AU86:AU97) -> 7810742314
A99: % of mode from Total amount | B99: =B98/$K98 -> 0.014293639 | C99: =C98/$K98 -> 0.015039241 | D99: =D98/$K98 -> 0.1337782 | E99: =E98/$K98 -> 0.0052638509 | F99: =F98/$K98 -> 0.096428766 | G99: =G98/$K98 -> 0.076513764 | H99: =H98/$K98 -> 0.10690118 | I99: =I98/$K98 -> 0.31958613 | ... K99: =K98/$K98 -> 1 | M99: % of mode from Total amount | N99: =N98/$W98 -> 0.021052079 | O99: =O98/$W98 -> 0.0081098652 | P99: =P98/$W98 -> 0.20673816 | Q99: =Q98/$W98 -> 0.0073307102 | R99: =R98/$W98 -> 0.11900022 | S99: =S98/$W98 -> 0.014321645 | T99: =T98/$W98 -> 0.082068001 | U99: =U98/$W98 -> 0.28420232 | ... W99: =W98/$W98 -> 1 | Y99: % of mode from Total amount | Z99: =Z98/$AI98 -> 0.044703005 | AA99: =AA98/$AI98 -> 0.014050727 | AB99: =AB98/$AI98 -> 0.25035689 | AC99: =AC98/$AI98 -> 0.011159452 | AD99: =AD98/$AI98 -> 0.096561327 | AE99: =AE98/$AI98 -> 0.00026383316 | AF99: =AF98/$AI98 -> 0.092044941 | AG99: =AG98/$AI98 -> 0.24939046 | ... AI99: =AI98/$AI98 -> 1 | AK99: % of mode from Total amount | AL99: =AL98/$AU98 -> 0.048853869 | AM99: =AM98/$AU98 -> 0.020243559 | AN99: =AN98/$AU98 -> 0.3227054 | AO99: =AO98/$AU98 -> 0.015691834 | AP99: =AP98/$AU98 -> 0.068284057 | AQ99: =AQ98/$AU98 -> 6.4014402e-08 | AR99: =AR98/$AU98 -> 0.12819477 | AS99: =AS98/$AU98 -> 0.17105514 | ... AU99: =AU98/$AU98 -> 1
K100: 4799.7416 | W100: 17558.428 | AI100: 10849.372 | AU100: 7810.7423

Sheet Sobha One app Count 
A1: 2026 | L1: 2025 | W1: 2024 | AH1: 2023
A2: =_xlfn.CONCAT("Receipt count ", A1) -> Receipt count 2026 | L2: =_xlfn.CONCAT("Receipt count ", L1) -> Receipt count 2025 | W2: =_xlfn.CONCAT("Receipt count ", W1) -> Receipt count 2024 | AH2: =_xlfn.CONCAT("Receipt count ", AH1) -> Receipt count 2023
A3: New sales | L3: New sales | W3: New sales | AH3: New sales
A4: Month | B4: CDM Payment | D4: Cheque payment | E4: Card Payment | G4: Cash payment | H4: Wire Transfer Paymment | J4: Grand Total | L4: Month | M4: CDM Payment | O4: Cheque payment | P4: Card Payment | R4: Cash payment | S4: Wire Transfer Paymment | U4: Grand Total | W4: Month | X4: CDM Payment | Z4: Cheque payment | AA4: Card Payment | AC4: Cash payment | AD4: Wire Transfer Paymment | AF4: Grand Total | AH4: Month | AI4: CDM Payment | AK4: Cheque payment | AL4: Card Payment | AN4: Cash payment | AO4: Wire Transfer Paymment | AQ4: Grand Total
B5: CDM Cash | C5: CDM Cheque | D5: Cheque | E5: Credit Card | F5: Website (Payment link) | G5: OTC Deposit | H5: DWT(Domestic) | I5: IWT(International) | M5: CDM Cash | N5: CDM Cheque | O5: Cheque | P5: Credit Card | Q5: Website (Payment link) | R5: OTC Deposit | S5: DWT(Domestic) | T5: IWT(International) | X5: CDM Cash | Y5: CDM Cheque | Z5: Cheque | AA5: Credit Card | AB5: Website (Payment link) | AC5: OTC Deposit | AD5: DWT(Domestic) | AE5: IWT(International) | AI5: CDM Cash | AJ5: CDM Cheque | AK5: Cheque | AL5: Credit Card | AM5: Website (Payment link) | AN5: OTC Deposit | AO5: DWT(Domestic) | AP5: IWT(International)
A6: Jan | B6: 0 | C6: 0 | D6: 0 | E6: 0 | F6: 64 | G6: 0 | H6: 1 | I6: 1 | J6: =SUM(B6:I6) -> 66 | L6: Jan | M6: 0 | N6: 0 | O6: 0 | P6: 0 | Q6: 3 | R6: 0 | S6: 0 | T6: 0 | U6: =SUM(M6:T6) -> 3 | W6: Jan | X6: 0 | Y6: 0 | Z6: 0 | AA6: 0 | AB6: 0 | AC6: 0 | AD6: 0 | AE6: 0 | AF6: =SUM(X6:AE6) -> 0 | AH6: Jan | AI6: 0 | AJ6: 0 | AK6: 0 | AL6: 0 | AM6: 0 | AN6: 0 | AO6: 0 | AP6: 0 | AQ6: =SUM(AI6:AP6) -> 0
A7: Feb | B7: 0 | C7: 0 | D7: 0 | E7: 0 | F7: 88 | G7: 0 | H7: 0 | I7: 0 | J7: =SUM(B7:I7) -> 88 | L7: Feb | M7: 0 | N7: 0 | O7: 0 | P7: 0 | Q7: 0 | R7: 0 | S7: 0 | T7: 0 | U7: =SUM(M7:T7) -> 0 | W7: Feb | X7: 0 | Y7: 0 | Z7: 0 | AA7: 0 | AB7: 0 | AC7: 0 | AD7: 0 | AE7: 0 | AF7: =SUM(X7:AE7) -> 0 | AH7: Feb | AI7: 0 | AJ7: 0 | AK7: 0 | AL7: 0 | AM7: 0 | AN7: 0 | AO7: 0 | AP7: 0 | AQ7: =SUM(AI7:AP7) -> 0
A8: Mar | B8: 0 | C8: 0 | D8: 0 | E8: 0 | F8: 51 | G8: 0 | H8: 0 | I8: 0 | J8: =SUM(B8:I8) -> 51 | L8: Mar | M8: 0 | N8: 0 | O8: 0 | P8: 0 | Q8: 1 | R8: 0 | S8: 0 | T8: 0 | U8: =SUM(M8:T8) -> 1 | W8: Mar | X8: 0 | Y8: 0 | Z8: 0 | AA8: 0 | AB8: 0 | AC8: 0 | AD8: 0 | AE8: 0 | AF8: =SUM(X8:AE8) -> 0 | AH8: Mar | AI8: 0 | AJ8: 0 | AK8: 0 | AL8: 0 | AM8: 0 | AN8: 0 | AO8: 0 | AP8: 0 | AQ8: =SUM(AI8:AP8) -> 0
A9: Apr | B9: 0 | C9: 0 | D9: 0 | E9: 0 | F9: 48 | G9: 0 | H9: 0 | I9: 0 | J9: =SUM(B9:I9) -> 48 | L9: Apr | M9: 0 | N9: 0 | O9: 0 | P9: 0 | Q9: 1 | R9: 0 | S9: 0 | T9: 0 | U9: =SUM(M9:T9) -> 1 | W9: Apr | X9: 0 | Y9: 0 | Z9: 0 | AA9: 0 | AB9: 0 | AC9: 0 | AD9: 0 | AE9: 0 | AF9: =SUM(X9:AE9) -> 0 | AH9: Apr | AI9: 0 | AJ9: 0 | AK9: 0 | AL9: 0 | AM9: 0 | AN9: 0 | AO9: 0 | AP9: 0 | AQ9: =SUM(AI9:AP9) -> 0
A10: May | B10: 0 | C10: 0 | D10: 0 | E10: 0 | F10: 13 | G10: 0 | H10: 0 | I10: 0 | J10: =SUM(B10:I10) -> 13 | L10: May | M10: 0 | N10: 0 | O10: 0 | P10: 0 | Q10: 8 | R10: 0 | S10: 0 | T10: 0 | U10: =SUM(M10:T10) -> 8 | W10: May | X10: 0 | Y10: 0 | Z10: 0 | AA10: 0 | AB10: 0 | AC10: 0 | AD10: 0 | AE10: 0 | AF10: =SUM(X10:AE10) -> 0 | AH10: May | AI10: 0 | AJ10: 0 | AK10: 0 | AL10: 0 | AM10: 0 | AN10: 0 | AO10: 0 | AP10: 0 | AQ10: =SUM(AI10:AP10) -> 0
A11: Jun | B11: 0 | C11: 0 | D11: 0 | E11: 0 | F11: 0 | G11: 0 | H11: 0 | I11: 0 | J11: =SUM(B11:I11) -> 0 | L11: Jun | M11: 0 | N11: 0 | O11: 0 | P11: 0 | Q11: 12 | R11: 0 | S11: 0 | T11: 0 | U11: =SUM(M11:T11) -> 12 | W11: Jun | X11: 0 | Y11: 0 | Z11: 0 | AA11: 0 | AB11: 0 | AC11: 0 | AD11: 0 | AE11: 0 | AF11: =SUM(X11:AE11) -> 0 | AH11: Jun | AI11: 0 | AJ11: 0 | AK11: 0 | AL11: 0 | AM11: 0 | AN11: 0 | AO11: 0 | AP11: 0 | AQ11: =SUM(AI11:AP11) -> 0
A12: Jul | B12: 0 | C12: 0 | D12: 0 | E12: 0 | F12: 0 | G12: 0 | H12: 0 | I12: 0 | J12: =SUM(B12:I12) -> 0 | L12: Jul | M12: 0 | N12: 0 | O12: 0 | P12: 0 | Q12: 13 | R12: 0 | S12: 0 | T12: 0 | U12: =SUM(M12:T12) -> 13 | W12: Jul | X12: 0 | Y12: 0 | Z12: 0 | AA12: 0 | AB12: 0 | AC12: 0 | AD12: 0 | AE12: 0 | AF12: =SUM(X12:AE12) -> 0 | AH12: Jul | AI12: 0 | AJ12: 0 | AK12: 0 | AL12: 0 | AM12: 0 | AN12: 0 | AO12: 0 | AP12: 0 | AQ12: =SUM(AI12:AP12) -> 0
A13: Aug | B13: 0 | C13: 0 | D13: 0 | E13: 0 | F13: 0 | G13: 0 | H13: 0 | I13: 0 | J13: =SUM(B13:I13) -> 0 | L13: Aug | M13: 0 | N13: 0 | O13: 0 | P13: 0 | Q13: 43 | R13: 0 | S13: 0 | T13: 0 | U13: =SUM(M13:T13) -> 43 | W13: Aug | X13: 0 | Y13: 0 | Z13: 0 | AA13: 0 | AB13: 0 | AC13: 0 | AD13: 0 | AE13: 0 | AF13: =SUM(X13:AE13) -> 0 | AH13: Aug | AI13: 0 | AJ13: 0 | AK13: 0 | AL13: 0 | AM13: 0 | AN13: 0 | AO13: 0 | AP13: 0 | AQ13: =SUM(AI13:AP13) -> 0
A14: Sep | B14: 0 | C14: 0 | D14: 0 | E14: 0 | F14: 0 | G14: 0 | H14: 0 | I14: 0 | J14: =SUM(B14:I14) -> 0 | L14: Sep | M14: 0 | N14: 0 | O14: 0 | P14: 0 | Q14: 53 | R14: 0 | S14: 3 | T14: 0 | U14: =SUM(M14:T14) -> 56 | W14: Sep | X14: 0 | Y14: 0 | Z14: 0 | AA14: 0 | AB14: 0 | AC14: 0 | AD14: 0 | AE14: 0 | AF14: =SUM(X14:AE14) -> 0 | AH14: Sep | AI14: 0 | AJ14: 0 | AK14: 0 | AL14: 0 | AM14: 0 | AN14: 0 | AO14: 0 | AP14: 0 | AQ14: =SUM(AI14:AP14) -> 0
A15: Oct | B15: 0 | C15: 0 | D15: 0 | E15: 0 | F15: 0 | G15: 0 | H15: 0 | I15: 0 | J15: =SUM(B15:I15) -> 0 | L15: Oct | M15: 0 | N15: 0 | O15: 0 | P15: 0 | Q15: 59 | R15: 0 | S15: 0 | T15: 0 | U15: =SUM(M15:T15) -> 59 | W15: Oct | X15: 0 | Y15: 0 | Z15: 0 | AA15: 0 | AB15: 0 | AC15: 0 | AD15: 0 | AE15: 0 | AF15: =SUM(X15:AE15) -> 0 | AH15: Oct | AI15: 0 | AJ15: 0 | AK15: 0 | AL15: 0 | AM15: 0 | AN15: 0 | AO15: 0 | AP15: 0 | AQ15: =SUM(AI15:AP15) -> 0
A16: Nov | B16: 0 | C16: 0 | D16: 0 | E16: 0 | F16: 0 | G16: 0 | H16: 0 | I16: 0 | J16: =SUM(B16:I16) -> 0 | L16: Nov | M16: 0 | N16: 0 | O16: 0 | P16: 0 | Q16: 39 | R16: 0 | S16: 0 | T16: 0 | U16: =SUM(M16:T16) -> 39 | W16: Nov | X16: 0 | Y16: 0 | Z16: 0 | AA16: 0 | AB16: 0 | AC16: 0 | AD16: 0 | AE16: 0 | AF16: =SUM(X16:AE16) -> 0 | AH16: Nov | AI16: 0 | AJ16: 0 | AK16: 0 | AL16: 0 | AM16: 0 | AN16: 0 | AO16: 0 | AP16: 0 | AQ16: =SUM(AI16:AP16) -> 0
A17: Dec | B17: 0 | C17: 0 | D17: 0 | E17: 0 | F17: 0 | G17: 0 | H17: 0 | I17: 0 | J17: =SUM(B17:I17) -> 0 | L17: Dec | M17: 0 | N17: 0 | O17: 0 | P17: 0 | Q17: 44 | R17: 0 | S17: 1 | T17: 0 | U17: =SUM(M17:T17) -> 45 | W17: Dec | X17: 0 | Y17: 0 | Z17: 0 | AA17: 0 | AB17: 1 | AC17: 0 | AD17: 0 | AE17: 0 | AF17: =SUM(X17:AE17) -> 1 | AH17: Dec | AI17: 0 | AJ17: 0 | AK17: 0 | AL17: 0 | AM17: 0 | AN17: 0 | AO17: 0 | AP17: 0 | AQ17: =SUM(AI17:AP17) -> 0
A18: Grand Total | B18: =SUM(B6:B17) -> 0 | C18: =SUM(C6:C17) -> 0 | D18: =SUM(D6:D17) -> 0 | E18: =SUM(E6:E17) -> 0 | F18: =SUM(F6:F17) -> 264 | G18: =SUM(G6:G17) -> 0 | H18: =SUM(H6:H17) -> 1 | I18: =SUM(I6:I17) -> 1 | J18: =SUM(J6:J17) -> 266 | L18: Grand Total | M18: =SUM(M6:M17) -> 0 | N18: =SUM(N6:N17) -> 0 | O18: =SUM(O6:O17) -> 0 | P18: =SUM(P6:P17) -> 0 | Q18: =SUM(Q6:Q17) -> 276 | R18: =SUM(R6:R17) -> 0 | S18: =SUM(S6:S17) -> 4 | T18: =SUM(T6:T17) -> 0 | U18: =SUM(U6:U17) -> 280 | W18: Grand Total | X18: =SUM(X6:X17) -> 0 | Y18: =SUM(Y6:Y17) -> 0 | Z18: =SUM(Z6:Z17) -> 0 | AA18: =SUM(AA6:AA17) -> 0 | AB18: =SUM(AB6:AB17) -> 1 | AC18: =SUM(AC6:AC17) -> 0 | AD18: =SUM(AD6:AD17) -> 0 | AE18: =SUM(AE6:AE17) -> 0 | AF18: =SUM(AF6:AF17) -> 1 | AH18: Grand Total | AI18: =SUM(AI6:AI17) -> 0 | AJ18: =SUM(AJ6:AJ17) -> 0 | AK18: =SUM(AK6:AK17) -> 0 | AL18: =SUM(AL6:AL17) -> 0 | AM18: =SUM(AM6:AM17) -> 0 | AN18: =SUM(AN6:AN17) -> 0 | AO18: =SUM(AO6:AO17) -> 0 | AP18: =SUM(AP6:AP17) -> 0 | AQ18: =SUM(AQ6:AQ17) -> 0
A19: % of mode from New sales | B19: =IFERROR(B18/$J18,"-") -> 0 | C19: =IFERROR(C18/$J18,"-") -> 0 | D19: =IFERROR(D18/$J18,"-") -> 0 | E19: =IFERROR(E18/$J18,"-") -> 0 | F19: =IFERROR(F18/$J18,"-") -> 0.9924812 | G19: =IFERROR(G18/$J18,"-") -> 0 | H19: =IFERROR(H18/$J18,"-") -> 0.0037593985 | I19: =IFERROR(I18/$J18,"-") -> 0.0037593985 | J19: =IFERROR(J18/$J18,"-") -> 1 | L19: % of mode from New sales | M19: =IFERROR(M18/$U18,"-") -> 0 | N19: =IFERROR(N18/$U18,"-") -> 0 | O19: =IFERROR(O18/$U18,"-") -> 0 | P19: =IFERROR(P18/$U18,"-") -> 0 | Q19: =IFERROR(Q18/$U18,"-") -> 0.98571429 | R19: =IFERROR(R18/$U18,"-") -> 0 | S19: =IFERROR(S18/$U18,"-") -> 0.014285714 | T19: =IFERROR(T18/$U18,"-") -> 0 | U19: =IFERROR(U18/$U18,"-") -> 1 | W19: % of mode from New sales | X19: =X18/$AF18 -> 0 | Y19: =Y18/$AF18 -> 0 | Z19: =Z18/$AF18 -> 0 | AA19: =AA18/$AF18 -> 0 | AB19: =AB18/$AF18 -> 1 | AC19: =AC18/$AF18 -> 0 | AD19: =AD18/$AF18 -> 0 | AE19: =AE18/$AF18 -> 0 | AF19: =AF18/$AF18 -> 1 | AH19: % of mode from New sales | AI19: =IFERROR(AI18/$AQ18,"-") -> - | AJ19: =IFERROR(AJ18/$AQ18,"-") -> - | AK19: =IFERROR(AK18/$AQ18,"-") -> - | AL19: =IFERROR(AL18/$AQ18,"-") -> - | AM19: =IFERROR(AM18/$AQ18,"-") -> - | AN19: =IFERROR(AN18/$AQ18,"-") -> - | AO19: =IFERROR(AO18/$AQ18,"-") -> - | AP19: =IFERROR(AP18/$AQ18,"-") -> - | AQ19: =IFERROR(AQ18/$AQ18,"-") -> -
A21: Registration | L21: Registration | W21: Registration | AH21: Registration
A22: Month | B22: CDM Payment | D22: Cheque payment | E22: Card Payment | G22: Cash payment | H22: Wire Transfer Paymment | J22: Grand Total | L22: Month | M22: CDM Payment | O22: Cheque payment | P22: Card Payment | R22: Cash payment | S22: Wire Transfer Paymment | U22: Grand Total | W22: Month | X22: CDM Payment | Z22: Cheque payment | AA22: Card Payment | AC22: Cash payment | AD22: Wire Transfer Paymment | AF22: Grand Total | AH22: Month | AI22: CDM Payment | AK22: Cheque payment | AL22: Card Payment | AN22: Cash payment | AO22: Wire Transfer Paymment | AQ22: Grand Total
B23: CDM Cash | C23: CDM Cheque | D23: Cheque | E23: Credit Card | F23: Website (Payment link) | G23: OTC Deposit | H23: DWT(Domestic) | I23: IWT(International) | M23: CDM Cash | N23: CDM Cheque | O23: Cheque | P23: Credit Card | Q23: Website (Payment link) | R23: OTC Deposit | S23: DWT(Domestic) | T23: IWT(International) | X23: CDM Cash | Y23: CDM Cheque | Z23: Cheque | AA23: Credit Card | AB23: Website (Payment link) | AC23: OTC Deposit | AD23: DWT(Domestic) | AE23: IWT(International) | AI23: CDM Cash | AJ23: CDM Cheque | AK23: Cheque | AL23: Credit Card | AM23: Website (Payment link) | AN23: OTC Deposit | AO23: DWT(Domestic) | AP23: IWT(International)
A24: Jan | B24: 0 | C24: 0 | D24: 0 | E24: 0 | F24: 2 | G24: 0 | H24: 0 | I24: 0 | J24: =SUM(B24:I24) -> 2 | L24: Jan | M24: 0 | N24: 0 | O24: 0 | P24: 0 | Q24: 0 | R24: 0 | S24: 0 | T24: 0 | U24: =SUM(M24:T24) -> 0 | W24: Jan | X24: 0 | Y24: 0 | Z24: 0 | AA24: 0 | AB24: 0 | AC24: 0 | AD24: 0 | AE24: 0 | AF24: =SUM(X24:AE24) -> 0 | AH24: Jan | AI24: 0 | AJ24: 0 | AK24: 0 | AL24: 0 | AM24: 0 | AN24: 0 | AO24: 0 | AP24: 0 | AQ24: =SUM(AI24:AP24) -> 0
A25: Feb | B25: 0 | C25: 0 | D25: 0 | E25: 0 | F25: 4 | G25: 0 | H25: 0 | I25: 0 | J25: =SUM(B25:I25) -> 4 | L25: Feb | M25: 0 | N25: 0 | O25: 0 | P25: 0 | Q25: 0 | R25: 0 | S25: 0 | T25: 0 | U25: =SUM(M25:T25) -> 0 | W25: Feb | X25: 0 | Y25: 0 | Z25: 0 | AA25: 0 | AB25: 0 | AC25: 0 | AD25: 0 | AE25: 0 | AF25: =SUM(X25:AE25) -> 0 | AH25: Feb | AI25: 0 | AJ25: 0 | AK25: 0 | AL25: 0 | AM25: 0 | AN25: 0 | AO25: 0 | AP25: 0 | AQ25: =SUM(AI25:AP25) -> 0
A26: Mar | B26: 0 | C26: 0 | D26: 0 | E26: 0 | F26: 4 | G26: 0 | H26: 0 | I26: 0 | J26: =SUM(B26:I26) -> 4 | L26: Mar | M26: 0 | N26: 0 | O26: 0 | P26: 0 | Q26: 0 | R26: 0 | S26: 0 | T26: 0 | U26: =SUM(M26:T26) -> 0 | W26: Mar | X26: 0 | Y26: 0 | Z26: 0 | AA26: 0 | AB26: 0 | AC26: 0 | AD26: 0 | AE26: 0 | AF26: =SUM(X26:AE26) -> 0 | AH26: Mar | AI26: 0 | AJ26: 0 | AK26: 0 | AL26: 0 | AM26: 0 | AN26: 0 | AO26: 0 | AP26: 0 | AQ26: =SUM(AI26:AP26) -> 0
A27: Apr | B27: 0 | C27: 0 | D27: 0 | E27: 0 | F27: 4 | G27: 0 | H27: 0 | I27: 0 | J27: =SUM(B27:I27) -> 4 | L27: Apr | M27: 0 | N27: 0 | O27: 0 | P27: 0 | Q27: 0 | R27: 0 | S27: 0 | T27: 0 | U27: =SUM(M27:T27) -> 0 | W27: Apr | X27: 0 | Y27: 0 | Z27: 0 | AA27: 0 | AB27: 0 | AC27: 0 | AD27: 0 | AE27: 0 | AF27: =SUM(X27:AE27) -> 0 | AH27: Apr | AI27: 0 | AJ27: 0 | AK27: 0 | AL27: 0 | AM27: 0 | AN27: 0 | AO27: 0 | AP27: 0 | AQ27: =SUM(AI27:AP27) -> 0
A28: May | B28: 0 | C28: 0 | D28: 0 | E28: 0 | F28: 0 | G28: 0 | H28: 0 | I28: 0 | J28: =SUM(B28:I28) -> 0 | L28: May | M28: 0 | N28: 0 | O28: 0 | P28: 0 | Q28: 1 | R28: 0 | S28: 0 | T28: 0 | U28: =SUM(M28:T28) -> 1 | W28: May | X28: 0 | Y28: 0 | Z28: 0 | AA28: 0 | AB28: 0 | AC28: 0 | AD28: 0 | AE28: 0 | AF28: =SUM(X28:AE28) -> 0 | AH28: May | AI28: 0 | AJ28: 0 | AK28: 0 | AL28: 0 | AM28: 0 | AN28: 0 | AO28: 0 | AP28: 0 | AQ28: =SUM(AI28:AP28) -> 0
A29: Jun | B29: 0 | C29: 0 | D29: 0 | E29: 0 | F29: 0 | G29: 0 | H29: 0 | I29: 0 | J29: =SUM(B29:I29) -> 0 | L29: Jun | M29: 0 | N29: 0 | O29: 0 | P29: 0 | Q29: 0 | R29: 0 | S29: 0 | T29: 0 | U29: =SUM(M29:T29) -> 0 | W29: Jun | X29: 0 | Y29: 0 | Z29: 0 | AA29: 0 | AB29: 0 | AC29: 0 | AD29: 0 | AE29: 0 | AF29: =SUM(X29:AE29) -> 0 | AH29: Jun | AI29: 0 | AJ29: 0 | AK29: 0 | AL29: 0 | AM29: 0 | AN29: 0 | AO29: 0 | AP29: 0 | AQ29: =SUM(AI29:AP29) -> 0
A30: Jul | B30: 0 | C30: 0 | D30: 0 | E30: 0 | F30: 0 | G30: 0 | H30: 0 | I30: 0 | J30: =SUM(B30:I30) -> 0 | L30: Jul | M30: 0 | N30: 0 | O30: 0 | P30: 0 | Q30: 0 | R30: 0 | S30: 0 | T30: 0 | U30: =SUM(M30:T30) -> 0 | W30: Jul | X30: 0 | Y30: 0 | Z30: 0 | AA30: 0 | AB30: 0 | AC30: 0 | AD30: 0 | AE30: 0 | AF30: =SUM(X30:AE30) -> 0 | AH30: Jul | AI30: 0 | AJ30: 0 | AK30: 0 | AL30: 0 | AM30: 0 | AN30: 0 | AO30: 0 | AP30: 0 | AQ30: =SUM(AI30:AP30) -> 0
A31: Aug | B31: 0 | C31: 0 | D31: 0 | E31: 0 | F31: 0 | G31: 0 | H31: 0 | I31: 0 | J31: =SUM(B31:I31) -> 0 | L31: Aug | M31: 0 | N31: 0 | O31: 0 | P31: 0 | Q31: 1 | R31: 0 | S31: 0 | T31: 1 | U31: =SUM(M31:T31) -> 2 | W31: Aug | X31: 0 | Y31: 0 | Z31: 0 | AA31: 0 | AB31: 0 | AC31: 0 | AD31: 0 | AE31: 0 | AF31: =SUM(X31:AE31) -> 0 | AH31: Aug | AI31: 0 | AJ31: 0 | AK31: 0 | AL31: 0 | AM31: 0 | AN31: 0 | AO31: 0 | AP31: 0 | AQ31: =SUM(AI31:AP31) -> 0
A32: Sep | B32: 0 | C32: 0 | D32: 0 | E32: 0 | F32: 0 | G32: 0 | H32: 0 | I32: 0 | J32: =SUM(B32:I32) -> 0 | L32: Sep | M32: 0 | N32: 0 | O32: 0 | P32: 0 | Q32: 5 | R32: 0 | S32: 0 | T32: 0 | U32: =SUM(M32:T32) -> 5 | W32: Sep | X32: 0 | Y32: 0 | Z32: 0 | AA32: 0 | AB32: 0 | AC32: 0 | AD32: 0 | AE32: 0 | AF32: =SUM(X32:AE32) -> 0 | AH32: Sep | AI32: 0 | AJ32: 0 | AK32: 0 | AL32: 0 | AM32: 0 | AN32: 0 | AO32: 0 | AP32: 0 | AQ32: =SUM(AI32:AP32) -> 0
A33: Oct | B33: 0 | C33: 0 | D33: 0 | E33: 0 | F33: 0 | G33: 0 | H33: 0 | I33: 0 | J33: =SUM(B33:I33) -> 0 | L33: Oct | M33: 0 | N33: 0 | O33: 0 | P33: 0 | Q33: 2 | R33: 0 | S33: 0 | T33: 0 | U33: =SUM(M33:T33) -> 2 | W33: Oct | X33: 0 | Y33: 0 | Z33: 0 | AA33: 0 | AB33: 0 | AC33: 0 | AD33: 0 | AE33: 0 | AF33: =SUM(X33:AE33) -> 0 | AH33: Oct | AI33: 0 | AJ33: 0 | AK33: 0 | AL33: 0 | AM33: 0 | AN33: 0 | AO33: 0 | AP33: 0 | AQ33: =SUM(AI33:AP33) -> 0
A34: Nov | B34: 0 | C34: 0 | D34: 0 | E34: 0 | F34: 0 | G34: 0 | H34: 0 | I34: 0 | J34: =SUM(B34:I34) -> 0 | L34: Nov | M34: 0 | N34: 0 | O34: 0 | P34: 0 | Q34: 2 | R34: 0 | S34: 0 | T34: 0 | U34: =SUM(M34:T34) -> 2 | W34: Nov | X34: 0 | Y34: 0 | Z34: 0 | AA34: 0 | AB34: 0 | AC34: 0 | AD34: 0 | AE34: 0 | AF34: =SUM(X34:AE34) -> 0 | AH34: Nov | AI34: 0 | AJ34: 0 | AK34: 0 | AL34: 0 | AM34: 0 | AN34: 0 | AO34: 0 | AP34: 0 | AQ34: =SUM(AI34:AP34) -> 0
A35: Dec | B35: 0 | C35: 0 | D35: 0 | E35: 0 | F35: 0 | G35: 0 | H35: 0 | I35: 0 | J35: =SUM(B35:I35) -> 0 | L35: Dec | M35: 0 | N35: 0 | O35: 0 | P35: 0 | Q35: 2 | R35: 0 | S35: 0 | T35: 0 | U35: =SUM(M35:T35) -> 2 | W35: Dec | X35: 0 | Y35: 0 | Z35: 0 | AA35: 0 | AB35: 0 | AC35: 0 | AD35: 0 | AE35: 0 | AF35: =SUM(X35:AE35) -> 0 | AH35: Dec | AI35: 0 | AJ35: 0 | AK35: 0 | AL35: 0 | AM35: 0 | AN35: 0 | AO35: 0 | AP35: 0 | AQ35: =SUM(AI35:AP35) -> 0
A36: Grand Total | B36: =SUM(B24:B35) -> 0 | C36: =SUM(C24:C35) -> 0 | D36: =SUM(D24:D35) -> 0 | E36: =SUM(E24:E35) -> 0 | F36: =SUM(F24:F35) -> 14 | G36: =SUM(G24:G35) -> 0 | H36: =SUM(H24:H35) -> 0 | I36: =SUM(I24:I35) -> 0 | J36: =SUM(J24:J35) -> 14 | L36: Grand Total | M36: =SUM(M24:M35) -> 0 | N36: =SUM(N24:N35) -> 0 | O36: =SUM(O24:O35) -> 0 | P36: =SUM(P24:P35) -> 0 | Q36: =SUM(Q24:Q35) -> 13 | R36: =SUM(R24:R35) -> 0 | S36: =SUM(S24:S35) -> 0 | T36: =SUM(T24:T35) -> 1 | U36: =SUM(U24:U35) -> 14 | W36: Grand Total | X36: =SUM(X24:X35) -> 0 | Y36: =SUM(Y24:Y35) -> 0 | Z36: =SUM(Z24:Z35) -> 0 | AA36: =SUM(AA24:AA35) -> 0 | AB36: =SUM(AB24:AB35) -> 0 | AC36: =SUM(AC24:AC35) -> 0 | AD36: =SUM(AD24:AD35) -> 0 | AE36: =SUM(AE24:AE35) -> 0 | AF36: =SUM(AF24:AF35) -> 0 | AH36: Grand Total | AI36: =SUM(AI24:AI35) -> 0 | AJ36: =SUM(AJ24:AJ35) -> 0 | AK36: =SUM(AK24:AK35) -> 0 | AL36: =SUM(AL24:AL35) -> 0 | AM36: =SUM(AM24:AM35) -> 0 | AN36: =SUM(AN24:AN35) -> 0 | AO36: =SUM(AO24:AO35) -> 0 | AP36: =SUM(AP24:AP35) -> 0 | AQ36: =SUM(AQ24:AQ35) -> 0
A37: % of Mode from Registration | B37: =IFERROR(B36/$J36,"-") -> 0 | C37: =IFERROR(C36/$J36,"-") -> 0 | D37: =IFERROR(D36/$J36,"-") -> 0 | E37: =IFERROR(E36/$J36,"-") -> 0 | F37: =IFERROR(F36/$J36,"-") -> 1 | G37: =IFERROR(G36/$J36,"-") -> 0 | H37: =IFERROR(H36/$J36,"-") -> 0 | I37: =IFERROR(I36/$J36,"-") -> 0 | J37: =IFERROR(J36/$J36,"-") -> 1 | L37: % of Mode from Registration | M37: =IFERROR(M36/$U36,"-") -> 0 | N37: =IFERROR(N36/$U36,"-") -> 0 | O37: =IFERROR(O36/$U36,"-") -> 0 | P37: =IFERROR(P36/$U36,"-") -> 0 | Q37: =IFERROR(Q36/$U36,"-") -> 0.92857143 | R37: =IFERROR(R36/$U36,"-") -> 0 | S37: =IFERROR(S36/$U36,"-") -> 0 | T37: =IFERROR(T36/$U36,"-") -> 0.071428571 | U37: =IFERROR(U36/$U36,"-") -> 1 | W37: % of Mode from Registration | X37: =IFERROR(X36/$AF36,"-") -> - | Y37: =IFERROR(Y36/$AF36,"-") -> - | Z37: =IFERROR(Z36/$AF36,"-") -> - | AA37: =IFERROR(AA36/$AF36,"-") -> - | AB37: =IFERROR(AB36/$AF36,"-") -> - | AC37: =IFERROR(AC36/$AF36,"-") -> - | AD37: =IFERROR(AD36/$AF36,"-") -> - | AE37: =IFERROR(AE36/$AF36,"-") -> - | AF37: =IFERROR(AF36/$AF36,"-") -> - | AH37: % of Mode from Registration | AI37: =IFERROR(AI36/$AQ36,"-") -> - | AJ37: =IFERROR(AJ36/$AQ36,"-") -> - | AK37: =IFERROR(AK36/$AQ36,"-") -> - | AL37: =IFERROR(AL36/$AQ36,"-") -> - | AM37: =IFERROR(AM36/$AQ36,"-") -> - | AN37: =IFERROR(AN36/$AQ36,"-") -> - | AO37: =IFERROR(AO36/$AQ36,"-") -> - | AP37: =IFERROR(AP36/$AQ36,"-") -> - | AQ37: =IFERROR(AQ36/$AQ36,"-") -> -
A39: Other charges | L39: Other charges | W39: Other charges | AH39: Other charges
A40: Month | B40: CDM Payment | D40: Cheque payment | E40: Card Payment | G40: Cash payment | H40: Wire Transfer Paymment | J40: Grand Total | L40: Month | M40: CDM Payment | O40: Cheque payment | P40: Card Payment | R40: Cash payment | S40: Wire Transfer Paymment | U40: Grand Total | W40: Month | X40: CDM Payment | Z40: Cheque payment | AA40: Card Payment | AC40: Cash payment | AD40: Wire Transfer Paymment | AF40: Grand Total | AH40: Month | AI40: CDM Payment | AK40: Cheque payment | AL40: Card Payment | AN40: Cash payment | AO40: Wire Transfer Paymment | AQ40: Grand Total
B41: CDM Cash | C41: CDM Cheque | D41: Cheque | E41: Credit Card | F41: Website (Payment link) | G41: OTC Deposit | H41: DWT(Domestic) | I41: IWT(International) | M41: CDM Cash | N41: CDM Cheque | O41: Cheque | P41: Credit Card | Q41: Website (Payment link) | R41: OTC Deposit | S41: DWT(Domestic) | T41: IWT(International) | X41: CDM Cash | Y41: CDM Cheque | Z41: Cheque | AA41: Credit Card | AB41: Website (Payment link) | AC41: OTC Deposit | AD41: DWT(Domestic) | AE41: IWT(International) | AI41: CDM Cash | AJ41: CDM Cheque | AK41: Cheque | AL41: Credit Card | AM41: Website (Payment link) | AN41: OTC Deposit | AO41: DWT(Domestic) | AP41: IWT(International)
A42: Jan | B42: 0 | C42: 0 | D42: 0 | E42: 0 | F42: 6 | G42: 0 | H42: 0 | I42: 0 | J42: =SUM(B42:I42) -> 6 | L42: Jan | M42: 0 | N42: 0 | O42: 0 | P42: 0 | Q42: 0 | R42: 0 | S42: 0 | T42: 0 | U42: =SUM(M42:T42) -> 0 | W42: Jan | X42: 0 | Y42: 0 | Z42: 0 | AA42: 0 | AB42: 0 | AC42: 0 | AD42: 0 | AE42: 0 | AF42: =SUM(X42:AE42) -> 0 | AH42: Jan | AI42: 0 | AJ42: 0 | AK42: 0 | AL42: 0 | AM42: 0 | AN42: 0 | AO42: 0 | AP42: 0 | AQ42: =SUM(AI42:AP42) -> 0
A43: Feb | B43: 0 | C43: 0 | D43: 0 | E43: 0 | F43: 4 | G43: 0 | H43: 1 | I43: 0 | J43: =SUM(B43:I43) -> 5 | L43: Feb | M43: 0 | N43: 0 | O43: 0 | P43: 0 | Q43: 0 | R43: 0 | S43: 0 | T43: 0 | U43: =SUM(M43:T43) -> 0 | W43: Feb | X43: 0 | Y43: 0 | Z43: 0 | AA43: 0 | AB43: 0 | AC43: 0 | AD43: 0 | AE43: 0 | AF43: =SUM(X43:AE43) -> 0 | AH43: Feb | AI43: 0 | AJ43: 0 | AK43: 0 | AL43: 0 | AM43: 0 | AN43: 0 | AO43: 0 | AP43: 0 | AQ43: =SUM(AI43:AP43) -> 0
A44: Mar | B44: 0 | C44: 0 | D44: 0 | E44: 0 | F44: 1 | G44: 0 | H44: 0 | I44: 0 | J44: =SUM(B44:I44) -> 1 | L44: Mar | M44: 0 | N44: 0 | O44: 0 | P44: 0 | Q44: 0 | R44: 0 | S44: 0 | T44: 0 | U44: =SUM(M44:T44) -> 0 | W44: Mar | X44: 0 | Y44: 0 | Z44: 0 | AA44: 0 | AB44: 0 | AC44: 0 | AD44: 0 | AE44: 0 | AF44: =SUM(X44:AE44) -> 0 | AH44: Mar | AI44: 0 | AJ44: 0 | AK44: 0 | AL44: 0 | AM44: 0 | AN44: 0 | AO44: 0 | AP44: 0 | AQ44: =SUM(AI44:AP44) -> 0
A45: Apr | B45: 0 | C45: 0 | D45: 0 | E45: 0 | F45: 1 | G45: 0 | H45: 0 | I45: 0 | J45: =SUM(B45:I45) -> 1 | L45: Apr | M45: 0 | N45: 0 | O45: 0 | P45: 0 | Q45: 0 | R45: 0 | S45: 0 | T45: 0 | U45: =SUM(M45:T45) -> 0 | W45: Apr | X45: 0 | Y45: 0 | Z45: 0 | AA45: 0 | AB45: 0 | AC45: 0 | AD45: 0 | AE45: 0 | AF45: =SUM(X45:AE45) -> 0 | AH45: Apr | AI45: 0 | AJ45: 0 | AK45: 0 | AL45: 0 | AM45: 0 | AN45: 0 | AO45: 0 | AP45: 0 | AQ45: =SUM(AI45:AP45) -> 0
A46: May | B46: 0 | C46: 0 | D46: 0 | E46: 0 | F46: 0 | G46: 0 | H46: 0 | I46: 0 | J46: =SUM(B46:I46) -> 0 | L46: May | M46: 0 | N46: 0 | O46: 0 | P46: 0 | Q46: 0 | R46: 0 | S46: 0 | T46: 0 | U46: =SUM(M46:T46) -> 0 | W46: May | X46: 0 | Y46: 0 | Z46: 0 | AA46: 0 | AB46: 0 | AC46: 0 | AD46: 0 | AE46: 0 | AF46: =SUM(X46:AE46) -> 0 | AH46: May | AI46: 0 | AJ46: 0 | AK46: 0 | AL46: 0 | AM46: 0 | AN46: 0 | AO46: 0 | AP46: 0 | AQ46: =SUM(AI46:AP46) -> 0
A47: Jun | B47: 0 | C47: 0 | D47: 0 | E47: 0 | F47: 0 | G47: 0 | H47: 0 | I47: 0 | J47: =SUM(B47:I47) -> 0 | L47: Jun | M47: 0 | N47: 0 | O47: 0 | P47: 0 | Q47: 0 | R47: 0 | S47: 0 | T47: 0 | U47: =SUM(M47:T47) -> 0 | W47: Jun | X47: 0 | Y47: 0 | Z47: 0 | AA47: 0 | AB47: 0 | AC47: 0 | AD47: 0 | AE47: 0 | AF47: =SUM(X47:AE47) -> 0 | AH47: Jun | AI47: 0 | AJ47: 0 | AK47: 0 | AL47: 0 | AM47: 0 | AN47: 0 | AO47: 0 | AP47: 0 | AQ47: =SUM(AI47:AP47) -> 0
A48: Jul | B48: 0 | C48: 0 | D48: 0 | E48: 0 | F48: 0 | G48: 0 | H48: 0 | I48: 0 | J48: =SUM(B48:I48) -> 0 | L48: Jul | M48: 0 | N48: 0 | O48: 0 | P48: 0 | Q48: 0 | R48: 0 | S48: 0 | T48: 0 | U48: =SUM(M48:T48) -> 0 | W48: Jul | X48: 0 | Y48: 0 | Z48: 0 | AA48: 0 | AB48: 0 | AC48: 0 | AD48: 0 | AE48: 0 | AF48: =SUM(X48:AE48) -> 0 | AH48: Jul | AI48: 0 | AJ48: 0 | AK48: 0 | AL48: 0 | AM48: 0 | AN48: 0 | AO48: 0 | AP48: 0 | AQ48: =SUM(AI48:AP48) -> 0
A49: Aug | B49: 0 | C49: 0 | D49: 0 | E49: 0 | F49: 0 | G49: 0 | H49: 0 | I49: 0 | J49: =SUM(B49:I49) -> 0 | L49: Aug | M49: 0 | N49: 0 | O49: 0 | P49: 0 | Q49: 3 | R49: 0 | S49: 0 | T49: 0 | U49: =SUM(M49:T49) -> 3 | W49: Aug | X49: 0 | Y49: 0 | Z49: 0 | AA49: 0 | AB49: 0 | AC49: 0 | AD49: 0 | AE49: 0 | AF49: =SUM(X49:AE49) -> 0 | AH49: Aug | AI49: 0 | AJ49: 0 | AK49: 0 | AL49: 0 | AM49: 0 | AN49: 0 | AO49: 0 | AP49: 0 | AQ49: =SUM(AI49:AP49) -> 0
A50: Sep | B50: 0 | C50: 0 | D50: 0 | E50: 0 | F50: 0 | G50: 0 | H50: 0 | I50: 0 | J50: =SUM(B50:I50) -> 0 | L50: Sep | M50: 0 | N50: 0 | O50: 0 | P50: 0 | Q50: 1 | R50: 0 | S50: 0 | T50: 0 | U50: =SUM(M50:T50) -> 1 | W50: Sep | X50: 0 | Y50: 0 | Z50: 0 | AA50: 0 | AB50: 0 | AC50: 0 | AD50: 0 | AE50: 0 | AF50: =SUM(X50:AE50) -> 0 | AH50: Sep | AI50: 0 | AJ50: 0 | AK50: 0 | AL50: 0 | AM50: 0 | AN50: 0 | AO50: 0 | AP50: 0 | AQ50: =SUM(AI50:AP50) -> 0
A51: Oct | B51: 0 | C51: 0 | D51: 0 | E51: 0 | F51: 0 | G51: 0 | H51: 0 | I51: 0 | J51: =SUM(B51:I51) -> 0 | L51: Oct | M51: 0 | N51: 0 | O51: 0 | P51: 0 | Q51: 1 | R51: 0 | S51: 0 | T51: 0 | U51: =SUM(M51:T51) -> 1 | W51: Oct | X51: 0 | Y51: 0 | Z51: 0 | AA51: 0 | AB51: 0 | AC51: 0 | AD51: 0 | AE51: 0 | AF51: =SUM(X51:AE51) -> 0 | AH51: Oct | AI51: 0 | AJ51: 0 | AK51: 0 | AL51: 0 | AM51: 0 | AN51: 0 | AO51: 0 | AP51: 0 | AQ51: =SUM(AI51:AP51) -> 0
A52: Nov | B52: 0 | C52: 0 | D52: 0 | E52: 0 | F52: 0 | G52: 0 | H52: 0 | I52: 0 | J52: =SUM(B52:I52) -> 0 | L52: Nov | M52: 0 | N52: 0 | O52: 0 | P52: 0 | Q52: 3 | R52: 0 | S52: 0 | T52: 0 | U52: =SUM(M52:T52) -> 3 | W52: Nov | X52: 0 | Y52: 0 | Z52: 0 | AA52: 0 | AB52: 0 | AC52: 0 | AD52: 0 | AE52: 0 | AF52: =SUM(X52:AE52) -> 0 | AH52: Nov | AI52: 0 | AJ52: 0 | AK52: 0 | AL52: 0 | AM52: 0 | AN52: 0 | AO52: 0 | AP52: 0 | AQ52: =SUM(AI52:AP52) -> 0
A53: Dec | B53: 0 | C53: 0 | D53: 0 | E53: 0 | F53: 0 | G53: 0 | H53: 0 | I53: 0 | J53: =SUM(B53:I53) -> 0 | L53: Dec | M53: 0 | N53: 0 | O53: 0 | P53: 0 | Q53: 1 | R53: 0 | S53: 0 | T53: 0 | U53: =SUM(M53:T53) -> 1 | W53: Dec | X53: 0 | Y53: 0 | Z53: 0 | AA53: 0 | AB53: 0 | AC53: 0 | AD53: 0 | AE53: 0 | AF53: =SUM(X53:AE53) -> 0 | AH53: Dec | AI53: 0 | AJ53: 0 | AK53: 0 | AL53: 0 | AM53: 0 | AN53: 0 | AO53: 0 | AP53: 0 | AQ53: =SUM(AI53:AP53) -> 0
A54: Grand Total | B54: =SUM(B42:B53) -> 0 | C54: =SUM(C42:C53) -> 0 | D54: =SUM(D42:D53) -> 0 | E54: =SUM(E42:E53) -> 0 | F54: =SUM(F42:F53) -> 12 | G54: =SUM(G42:G53) -> 0 | H54: =SUM(H42:H53) -> 1 | I54: =SUM(I42:I53) -> 0 | J54: =SUM(J42:J53) -> 13 | L54: Grand Total | M54: =SUM(M42:M53) -> 0 | N54: =SUM(N42:N53) -> 0 | O54: =SUM(O42:O53) -> 0 | P54: =SUM(P42:P53) -> 0 | Q54: =SUM(Q42:Q53) -> 9 | R54: =SUM(R42:R53) -> 0 | S54: =SUM(S42:S53) -> 0 | T54: =SUM(T42:T53) -> 0 | U54: =SUM(U42:U53) -> 9 | W54: Grand Total | X54: =SUM(X42:X53) -> 0 | Y54: =SUM(Y42:Y53) -> 0 | Z54: =SUM(Z42:Z53) -> 0 | AA54: =SUM(AA42:AA53) -> 0 | AB54: =SUM(AB42:AB53) -> 0 | AC54: =SUM(AC42:AC53) -> 0 | AD54: =SUM(AD42:AD53) -> 0 | AE54: =SUM(AE42:AE53) -> 0 | AF54: =SUM(AF42:AF53) -> 0 | AH54: Grand Total | AI54: =SUM(AI42:AI53) -> 0 | AJ54: =SUM(AJ42:AJ53) -> 0 | AK54: =SUM(AK42:AK53) -> 0 | AL54: =SUM(AL42:AL53) -> 0 | AM54: =SUM(AM42:AM53) -> 0 | AN54: =SUM(AN42:AN53) -> 0 | AO54: =SUM(AO42:AO53) -> 0 | AP54: =SUM(AP42:AP53) -> 0 | AQ54: =SUM(AQ42:AQ53) -> 0
A55: % of Mode from Other charges | B55: =IFERROR(B54/$J54,"-") -> 0 | C55: =IFERROR(C54/$J54,"-") -> 0 | D55: =IFERROR(D54/$J54,"-") -> 0 | E55: =IFERROR(E54/$J54,"-") -> 0 | F55: =IFERROR(F54/$J54,"-") -> 0.92307692 | G55: =IFERROR(G54/$J54,"-") -> 0 | H55: =IFERROR(H54/$J54,"-") -> 0.076923077 | I55: =IFERROR(I54/$J54,"-") -> 0 | J55: =IFERROR(J54/$J54,"-") -> 1 | L55: % of Mode from Other charges | M55: =IFERROR(M54/$U54,"-") -> 0 | N55: =IFERROR(N54/$U54,"-") -> 0 | O55: =IFERROR(O54/$U54,"-") -> 0 | P55: =IFERROR(P54/$U54,"-") -> 0 | Q55: =IFERROR(Q54/$U54,"-") -> 1 | R55: =IFERROR(R54/$U54,"-") -> 0 | S55: =IFERROR(S54/$U54,"-") -> 0 | T55: =IFERROR(T54/$U54,"-") -> 0 | U55: =IFERROR(U54/$U54,"-") -> 1 | W55: % of Mode from Other charges | X55: =IFERROR(X54/$AF54,"-") -> - | Y55: =IFERROR(Y54/$AF54,"-") -> - | Z55: =IFERROR(Z54/$AF54,"-") -> - | AA55: =IFERROR(AA54/$AF54,"-") -> - | AB55: =IFERROR(AB54/$AF54,"-") -> - | AC55: =IFERROR(AC54/$AF54,"-") -> - | AD55: =IFERROR(AD54/$AF54,"-") -> - | AE55: =IFERROR(AE54/$AF54,"-") -> - | AF55: =IFERROR(AF54/$AF54,"-") -> - | AH55: % of Mode from Other charges | AI55: =IFERROR(AI54/$AQ54,"-") -> - | AJ55: =IFERROR(AJ54/$AQ54,"-") -> - | AK55: =IFERROR(AK54/$AQ54,"-") -> - | AL55: =IFERROR(AL54/$AQ54,"-") -> - | AM55: =IFERROR(AM54/$AQ54,"-") -> - | AN55: =IFERROR(AN54/$AQ54,"-") -> - | AO55: =IFERROR(AO54/$AQ54,"-") -> - | AP55: =IFERROR(AP54/$AQ54,"-") -> - | AQ55: =IFERROR(AQ54/$AQ54,"-") -> -
A57: Due + Advance | L57: Due + Advance | W57: Due + Advance | AH57: Due + Advance
A58: Month | B58: CDM Payment | D58: Cheque payment | E58: Card Payment | G58: Cash payment | H58: Wire Transfer Paymment | J58: Grand Total | L58: Month | M58: CDM Payment | O58: Cheque payment | P58: Card Payment | R58: Cash payment | S58: Wire Transfer Paymment | U58: Grand Total | W58: Month | X58: CDM Payment | Z58: Cheque payment | AA58: Card Payment | AC58: Cash payment | AD58: Wire Transfer Paymment | AF58: Grand Total | AH58: Month | AI58: CDM Payment | AK58: Cheque payment | AL58: Card Payment | AN58: Cash payment | AO58: Wire Transfer Paymment | AQ58: Grand Total
B59: CDM Cash | C59: CDM Cheque | D59: Cheque | E59: Credit Card | F59: Website (Payment link) | G59: OTC Deposit | H59: DWT(Domestic) | I59: IWT(International) | M59: CDM Cash | N59: CDM Cheque | O59: Cheque | P59: Credit Card | Q59: Website (Payment link) | R59: OTC Deposit | S59: DWT(Domestic) | T59: IWT(International) | X59: CDM Cash | Y59: CDM Cheque | Z59: Cheque | AA59: Credit Card | AB59: Website (Payment link) | AC59: OTC Deposit | AD59: DWT(Domestic) | AE59: IWT(International) | AI59: CDM Cash | AJ59: CDM Cheque | AK59: Cheque | AL59: Credit Card | AM59: Website (Payment link) | AN59: OTC Deposit | AO59: DWT(Domestic) | AP59: IWT(International)
A60: Jan | B60: 3 | C60: 0 | D60: 0 | E60: 0 | F60: 1689 | G60: 0 | H60: 16 | I60: 14 | J60: =SUM(B60:I60) -> 1722 | L60: Jan | M60: 0 | N60: 0 | O60: 0 | P60: 0 | Q60: 11 | R60: 0 | S60: 0 | T60: 0 | U60: =SUM(M60:T60) -> 11 | W60: Jan | X60: 0 | Y60: 0 | Z60: 0 | AA60: 0 | AB60: 0 | AC60: 0 | AD60: 0 | AE60: 0 | AF60: =SUM(X60:AE60) -> 0 | AH60: Jan | AI60: 0 | AJ60: 0 | AK60: 0 | AL60: 0 | AM60: 0 | AN60: 0 | AO60: 0 | AP60: 0 | AQ60: =SUM(AI60:AP60) -> 0
A61: Feb | B61: 4 | C61: 0 | D61: 0 | E61: 0 | F61: 1856 | G61: 0 | H61: 22 | I61: 25 | J61: =SUM(B61:I61) -> 1907 | L61: Feb | M61: 0 | N61: 0 | O61: 0 | P61: 0 | Q61: 13 | R61: 0 | S61: 0 | T61: 0 | U61: =SUM(M61:T61) -> 13 | W61: Feb | X61: 0 | Y61: 0 | Z61: 0 | AA61: 0 | AB61: 1 | AC61: 0 | AD61: 0 | AE61: 0 | AF61: =SUM(X61:AE61) -> 1 | AH61: Feb | AI61: 0 | AJ61: 0 | AK61: 0 | AL61: 0 | AM61: 0 | AN61: 0 | AO61: 0 | AP61: 0 | AQ61: =SUM(AI61:AP61) -> 0
A62: Mar | B62: 54 | C62: 0 | D62: 0 | E62: 0 | F62: 1541 | G62: 0 | H62: 36 | I62: 22 | J62: =SUM(B62:I62) -> 1653 | L62: Mar | M62: 0 | N62: 0 | O62: 0 | P62: 0 | Q62: 87 | R62: 0 | S62: 0 | T62: 0 | U62: =SUM(M62:T62) -> 87 | W62: Mar | X62: 0 | Y62: 0 | Z62: 0 | AA62: 0 | AB62: 2 | AC62: 0 | AD62: 0 | AE62: 0 | AF62: =SUM(X62:AE62) -> 2 | AH62: Mar | AI62: 0 | AJ62: 0 | AK62: 0 | AL62: 0 | AM62: 0 | AN62: 0 | AO62: 0 | AP62: 0 | AQ62: =SUM(AI62:AP62) -> 0
A63: Apr | B63: 1 | C63: 0 | D63: 0 | E63: 0 | F63: 1382 | G63: 0 | H63: 30 | I63: 22 | J63: =SUM(B63:I63) -> 1435 | L63: Apr | M63: 0 | N63: 0 | O63: 0 | P63: 0 | Q63: 175 | R63: 0 | S63: 0 | T63: 0 | U63: =SUM(M63:T63) -> 175 | W63: Apr | X63: 0 | Y63: 0 | Z63: 0 | AA63: 0 | AB63: 8 | AC63: 0 | AD63: 0 | AE63: 0 | AF63: =SUM(X63:AE63) -> 8 | AH63: Apr | AI63: 0 | AJ63: 0 | AK63: 0 | AL63: 0 | AM63: 0 | AN63: 0 | AO63: 0 | AP63: 0 | AQ63: =SUM(AI63:AP63) -> 0
A64: May | B64: 0 | C64: 0 | D64: 0 | E64: 0 | F64: 300 | G64: 0 | H64: 6 | I64: 0 | J64: =SUM(B64:I64) -> 306 | L64: May | M64: 1 | N64: 0 | O64: 0 | P64: 0 | Q64: 254 | R64: 0 | S64: 0 | T64: 0 | U64: =SUM(M64:T64) -> 255 | W64: May | X64: 0 | Y64: 0 | Z64: 0 | AA64: 0 | AB64: 5 | AC64: 0 | AD64: 0 | AE64: 0 | AF64: =SUM(X64:AE64) -> 5 | AH64: May | AI64: 0 | AJ64: 0 | AK64: 0 | AL64: 0 | AM64: 0 | AN64: 0 | AO64: 0 | AP64: 0 | AQ64: =SUM(AI64:AP64) -> 0
A65: Jun | B65: 0 | C65: 0 | D65: 0 | E65: 0 | F65: 0 | G65: 0 | H65: 0 | I65: 0 | J65: =SUM(B65:I65) -> 0 | L65: Jun | M65: 0 | N65: 0 | O65: 0 | P65: 0 | Q65: 198 | R65: 0 | S65: 2 | T65: 0 | U65: =SUM(M65:T65) -> 200 | W65: Jun | X65: 0 | Y65: 0 | Z65: 0 | AA65: 0 | AB65: 1 | AC65: 0 | AD65: 0 | AE65: 0 | AF65: =SUM(X65:AE65) -> 1 | AH65: Jun | AI65: 0 | AJ65: 0 | AK65: 0 | AL65: 0 | AM65: 0 | AN65: 0 | AO65: 0 | AP65: 0 | AQ65: =SUM(AI65:AP65) -> 0
A66: Jul | B66: 0 | C66: 0 | D66: 0 | E66: 0 | F66: 0 | G66: 0 | H66: 0 | I66: 0 | J66: =SUM(B66:I66) -> 0 | L66: Jul | M66: 0 | N66: 3 | O66: 0 | P66: 0 | Q66: 303 | R66: 0 | S66: 1 | T66: 0 | U66: =SUM(M66:T66) -> 307 | W66: Jul | X66: 0 | Y66: 0 | Z66: 0 | AA66: 0 | AB66: 3 | AC66: 0 | AD66: 0 | AE66: 0 | AF66: =SUM(X66:AE66) -> 3 | AH66: Jul | AI66: 0 | AJ66: 0 | AK66: 0 | AL66: 0 | AM66: 0 | AN66: 0 | AO66: 0 | AP66: 0 | AQ66: =SUM(AI66:AP66) -> 0
A67: Aug | B67: 0 | C67: 0 | D67: 0 | E67: 0 | F67: 0 | G67: 0 | H67: 0 | I67: 0 | J67: =SUM(B67:I67) -> 0 | L67: Aug | M67: 0 | N67: 0 | O67: 0 | P67: 0 | Q67: 530 | R67: 0 | S67: 3 | T67: 2 | U67: =SUM(M67:T67) -> 535 | W67: Aug | X67: 0 | Y67: 0 | Z67: 0 | AA67: 0 | AB67: 3 | AC67: 0 | AD67: 0 | AE67: 0 | AF67: =SUM(X67:AE67) -> 3 | AH67: Aug | AI67: 0 | AJ67: 0 | AK67: 0 | AL67: 0 | AM67: 0 | AN67: 0 | AO67: 0 | AP67: 0 | AQ67: =SUM(AI67:AP67) -> 0
A68: Sep | B68: 0 | C68: 0 | D68: 0 | E68: 0 | F68: 0 | G68: 0 | H68: 0 | I68: 0 | J68: =SUM(B68:I68) -> 0 | L68: Sep | M68: 0 | N68: 0 | O68: 0 | P68: 0 | Q68: 516 | R68: 0 | S68: 11 | T68: 6 | U68: =SUM(M68:T68) -> 533 | W68: Sep | X68: 0 | Y68: 0 | Z68: 0 | AA68: 0 | AB68: 0 | AC68: 0 | AD68: 0 | AE68: 0 | AF68: =SUM(X68:AE68) -> 0 | AH68: Sep | AI68: 0 | AJ68: 0 | AK68: 0 | AL68: 0 | AM68: 0 | AN68: 0 | AO68: 0 | AP68: 0 | AQ68: =SUM(AI68:AP68) -> 0
A69: Oct | B69: 0 | C69: 0 | D69: 0 | E69: 0 | F69: 0 | G69: 0 | H69: 0 | I69: 0 | J69: =SUM(B69:I69) -> 0 | L69: Oct | M69: 3 | N69: 0 | O69: 0 | P69: 0 | Q69: 875 | R69: 0 | S69: 16 | T69: 9 | U69: =SUM(M69:T69) -> 903 | W69: Oct | X69: 0 | Y69: 0 | Z69: 0 | AA69: 0 | AB69: 0 | AC69: 0 | AD69: 0 | AE69: 0 | AF69: =SUM(X69:AE69) -> 0 | AH69: Oct | AI69: 0 | AJ69: 0 | AK69: 0 | AL69: 0 | AM69: 0 | AN69: 0 | AO69: 0 | AP69: 0 | AQ69: =SUM(AI69:AP69) -> 0
A70: Nov | B70: 0 | C70: 0 | D70: 0 | E70: 0 | F70: 0 | G70: 0 | H70: 0 | I70: 0 | J70: =SUM(B70:I70) -> 0 | L70: Nov | M70: 1 | N70: 1 | O70: 0 | P70: 0 | Q70: 1082 | R70: 0 | S70: 14 | T70: 6 | U70: =SUM(M70:T70) -> 1104 | W70: Nov | X70: 0 | Y70: 0 | Z70: 0 | AA70: 0 | AB70: 7 | AC70: 0 | AD70: 0 | AE70: 0 | AF70: =SUM(X70:AE70) -> 7 | AH70: Nov | AI70: 0 | AJ70: 0 | AK70: 0 | AL70: 0 | AM70: 1 | AN70: 0 | AO70: 0 | AP70: 0 | AQ70: =SUM(AI70:AP70) -> 1
A71: Dec | B71: 0 | C71: 0 | D71: 0 | E71: 0 | F71: 0 | G71: 0 | H71: 0 | I71: 0 | J71: =SUM(B71:I71) -> 0 | L71: Dec | M71: 4 | N71: 0 | O71: 0 | P71: 0 | Q71: 1170 | R71: 0 | S71: 39 | T71: 20 | U71: =SUM(M71:T71) -> 1233 | W71: Dec | X71: 0 | Y71: 0 | Z71: 0 | AA71: 0 | AB71: 17 | AC71: 0 | AD71: 0 | AE71: 0 | AF71: =SUM(X71:AE71) -> 17 | AH71: Dec | AI71: 0 | AJ71: 0 | AK71: 0 | AL71: 0 | AM71: 0 | AN71: 0 | AO71: 0 | AP71: 0 | AQ71: =SUM(AI71:AP71) -> 0
A72: Grand Total | B72: =SUM(B60:B71) -> 62 | C72: =SUM(C60:C71) -> 0 | D72: =SUM(D60:D71) -> 0 | E72: =SUM(E60:E71) -> 0 | F72: =SUM(F60:F71) -> 6768 | G72: =SUM(G60:G71) -> 0 | H72: =SUM(H60:H71) -> 110 | I72: =SUM(I60:I71) -> 83 | J72: =SUM(J60:J71) -> 7023 | L72: Grand Total | M72: =SUM(M60:M71) -> 9 | N72: =SUM(N60:N71) -> 4 | O72: =SUM(O60:O71) -> 0 | P72: =SUM(P60:P71) -> 0 | Q72: =SUM(Q60:Q71) -> 5214 | R72: =SUM(R60:R71) -> 0 | S72: =SUM(S60:S71) -> 86 | T72: =SUM(T60:T71) -> 43 | U72: =SUM(U60:U71) -> 5356 | W72: Grand Total | X72: =SUM(X60:X71) -> 0 | Y72: =SUM(Y60:Y71) -> 0 | Z72: =SUM(Z60:Z71) -> 0 | AA72: =SUM(AA60:AA71) -> 0 | AB72: =SUM(AB60:AB71) -> 47 | AC72: =SUM(AC60:AC71) -> 0 | AD72: =SUM(AD60:AD71) -> 0 | AE72: =SUM(AE60:AE71) -> 0 | AF72: =SUM(AF60:AF71) -> 47 | AH72: Grand Total | AI72: =SUM(AI60:AI71) -> 0 | AJ72: =SUM(AJ60:AJ71) -> 0 | AK72: =SUM(AK60:AK71) -> 0 | AL72: =SUM(AL60:AL71) -> 0 | AM72: =SUM(AM60:AM71) -> 1 | AN72: =SUM(AN60:AN71) -> 0 | AO72: =SUM(AO60:AO71) -> 0 | AP72: =SUM(AP60:AP71) -> 0 | AQ72: =SUM(AQ60:AQ71) -> 1
A73: % of Mode from Dues+ Advance | B73: =IFERROR(B72/$J72,"-") -> 0.0088281361 | C73: =IFERROR(C72/$J72,"-") -> 0 | D73: =IFERROR(D72/$J72,"-") -> 0 | E73: =IFERROR(E72/$J72,"-") -> 0 | F73: =IFERROR(F72/$J72,"-") -> 0.96369073 | G73: =IFERROR(G72/$J72,"-") -> 0 | H73: =IFERROR(H72/$J72,"-") -> 0.015662822 | I73: =IFERROR(I72/$J72,"-") -> 0.011818311 | J73: =IFERROR(J72/$J72,"-") -> 1 | L73: % of Mode from Dues+ Advance | M73: =IFERROR(M72/$U72,"-") -> 0.0016803585 | N73: =IFERROR(N72/$U72,"-") -> 0.00074682599 | O73: =IFERROR(O72/$U72,"-") -> 0 | P73: =IFERROR(P72/$U72,"-") -> 0 | Q73: =IFERROR(Q72/$U72,"-") -> 0.97348768 | R73: =IFERROR(R72/$U72,"-") -> 0 | S73: =IFERROR(S72/$U72,"-") -> 0.016056759 | T73: =IFERROR(T72/$U72,"-") -> 0.0080283794 | U73: =IFERROR(U72/$U72,"-") -> 1 | W73: % of Mode from Dues+ Advance | X73: =X72/$AF72 -> 0 | Y73: =Y72/$AF72 -> 0 | Z73: =Z72/$AF72 -> 0 | AA73: =AA72/$AF72 -> 0 | AB73: =AB72/$AF72 -> 1 | AC73: =AC72/$AF72 -> 0 | AD73: =AD72/$AF72 -> 0 | AE73: =AE72/$AF72 -> 0 | AF73: =AF72/$AF72 -> 1 | AH73: % of Mode from Dues+ Advance | AI73: =AI72/$AQ72 -> 0 | AJ73: =AJ72/$AQ72 -> 0 | AK73: =AK72/$AQ72 -> 0 | AL73: =AL72/$AQ72 -> 0 | AM73: =AM72/$AQ72 -> 1 | AN73: =AN72/$AQ72 -> 0 | AO73: =AO72/$AQ72 -> 0 | AP73: =AP72/$AQ72 -> 0 | AQ73: =AQ72/$AQ72 -> 1
A76: Total Amount | L76: Total Amount | W76: Total Amount | AH76: Total Amount
A77: Month | B77: CDM Payment | D77: Cheque payment | E77: Card Payment | G77: Cash payment | H77: Wire Transfer Paymment | J77: Grand Total | L77: Month | M77: CDM Payment | O77: Cheque payment | P77: Card Payment | R77: Cash payment | S77: Wire Transfer Paymment | U77: Grand Total | W77: Month | X77: CDM Payment | Z77: Cheque payment | AA77: Card Payment | AC77: Cash payment | AD77: Wire Transfer Paymment | AF77: Grand Total | AH77: Month | AI77: CDM Payment | AK77: Cheque payment | AL77: Card Payment | AN77: Cash payment | AO77: Wire Transfer Paymment | AQ77: Grand Total
B78: CDM Cash | C78: CDM Cheque | D78: Cheque | E78: Credit Card | F78: Website (Payment link) | G78: OTC Deposit | H78: DWT(Domestic) | I78: IWT(International) | M78: CDM Cash | N78: CDM Cheque | O78: Cheque | P78: Credit Card | Q78: Website (Payment link) | R78: OTC Deposit | S78: DWT(Domestic) | T78: IWT(International) | X78: CDM Cash | Y78: CDM Cheque | Z78: Cheque | AA78: Credit Card | AB78: Website (Payment link) | AC78: OTC Deposit | AD78: DWT(Domestic) | AE78: IWT(International) | AI78: CDM Cash | AJ78: CDM Cheque | AK78: Cheque | AL78: Credit Card | AM78: Website (Payment link) | AN78: OTC Deposit | AO78: DWT(Domestic) | AP78: IWT(International)
A79: Jan | B79: 3 | C79: 0 | D79: 0 | E79: 0 | F79: 1740 | G79: 0 | H79: 17 | I79: 15 | J79: =SUM(B79:I79) -> 1775 | L79: Jan | M79: 0 | N79: 0 | O79: 0 | P79: 0 | Q79: 14 | R79: 0 | S79: 0 | T79: 0 | U79: =SUM(M79:T79) -> 14 | W79: Jan | X79: 0 | Y79: 0 | Z79: 0 | AA79: 0 | AB79: 0 | AC79: 0 | AD79: 0 | AE79: 0 | AF79: =SUM(X79:AE79) -> 0 | AH79: Jan | AI79: 0 | AJ79: 0 | AK79: 0 | AL79: 0 | AM79: 0 | AN79: 0 | AO79: 0 | AP79: 0 | AQ79: =SUM(AI79:AP79) -> 0
A80: Feb | B80: 4 | C80: 0 | D80: 0 | E80: 0 | F80: 1935 | G80: 0 | H80: 22 | I80: 25 | J80: =SUM(B80:I80) -> 1986 | L80: Feb | M80: 0 | N80: 0 | O80: 0 | P80: 0 | Q80: 13 | R80: 0 | S80: 0 | T80: 0 | U80: =SUM(M80:T80) -> 13 | W80: Feb | X80: 0 | Y80: 0 | Z80: 0 | AA80: 0 | AB80: 1 | AC80: 0 | AD80: 0 | AE80: 0 | AF80: =SUM(X80:AE80) -> 1 | AH80: Feb | AI80: 0 | AJ80: 0 | AK80: 0 | AL80: 0 | AM80: 0 | AN80: 0 | AO80: 0 | AP80: 0 | AQ80: =SUM(AI80:AP80) -> 0
A81: Mar | B81: 54 | C81: 0 | D81: 0 | E81: 0 | F81: 1591 | G81: 0 | H81: 36 | I81: 22 | J81: =SUM(B81:I81) -> 1703 | L81: Mar | M81: 0 | N81: 0 | O81: 0 | P81: 0 | Q81: 87 | R81: 0 | S81: 0 | T81: 0 | U81: =SUM(M81:T81) -> 87 | W81: Mar | X81: 0 | Y81: 0 | Z81: 0 | AA81: 0 | AB81: 2 | AC81: 0 | AD81: 0 | AE81: 0 | AF81: =SUM(X81:AE81) -> 2 | AH81: Mar | AI81: 0 | AJ81: 0 | AK81: 0 | AL81: 0 | AM81: 0 | AN81: 0 | AO81: 0 | AP81: 0 | AQ81: =SUM(AI81:AP81) -> 0
A82: Apr | B82: 1 | C82: 0 | D82: 0 | E82: 0 | F82: 1432 | G82: 0 | H82: 30 | I82: 22 | J82: =SUM(B82:I82) -> 1485 | L82: Apr | M82: 0 | N82: 0 | O82: 0 | P82: 0 | Q82: 176 | R82: 0 | S82: 0 | T82: 0 | U82: =SUM(M82:T82) -> 176 | W82: Apr | X82: 0 | Y82: 0 | Z82: 0 | AA82: 0 | AB82: 8 | AC82: 0 | AD82: 0 | AE82: 0 | AF82: =SUM(X82:AE82) -> 8 | AH82: Apr | AI82: 0 | AJ82: 0 | AK82: 0 | AL82: 0 | AM82: 0 | AN82: 0 | AO82: 0 | AP82: 0 | AQ82: =SUM(AI82:AP82) -> 0
A83: May | B83: 0 | C83: 0 | D83: 0 | E83: 0 | F83: 313 | G83: 0 | H83: 6 | I83: 0 | J83: =SUM(B83:I83) -> 319 | L83: May | M83: 1 | N83: 0 | O83: 0 | P83: 0 | Q83: 262 | R83: 0 | S83: 0 | T83: 0 | U83: =SUM(M83:T83) -> 263 | W83: May | X83: 0 | Y83: 0 | Z83: 0 | AA83: 0 | AB83: 5 | AC83: 0 | AD83: 0 | AE83: 0 | AF83: =SUM(X83:AE83) -> 5 | AH83: May | AI83: 0 | AJ83: 0 | AK83: 0 | AL83: 0 | AM83: 0 | AN83: 0 | AO83: 0 | AP83: 0 | AQ83: =SUM(AI83:AP83) -> 0
A84: Jun | B84: 0 | C84: 0 | D84: 0 | E84: 0 | F84: 0 | G84: 0 | H84: 0 | I84: 0 | J84: =SUM(B84:I84) -> 0 | L84: Jun | M84: 0 | N84: 0 | O84: 0 | P84: 0 | Q84: 210 | R84: 0 | S84: 2 | T84: 0 | U84: =SUM(M84:T84) -> 212 | W84: Jun | X84: 0 | Y84: 0 | Z84: 0 | AA84: 0 | AB84: 1 | AC84: 0 | AD84: 0 | AE84: 0 | AF84: =SUM(X84:AE84) -> 1 | AH84: Jun | AI84: 0 | AJ84: 0 | AK84: 0 | AL84: 0 | AM84: 0 | AN84: 0 | AO84: 0 | AP84: 0 | AQ84: =SUM(AI84:AP84) -> 0
A85: Jul | B85: 0 | C85: 0 | D85: 0 | E85: 0 | F85: 0 | G85: 0 | H85: 0 | I85: 0 | J85: =SUM(B85:I85) -> 0 | L85: Jul | M85: 0 | N85: 3 | O85: 0 | P85: 0 | Q85: 313 | R85: 0 | S85: 1 | T85: 0 | U85: =SUM(M85:T85) -> 317 | W85: Jul | X85: 0 | Y85: 0 | Z85: 0 | AA85: 0 | AB85: 3 | AC85: 0 | AD85: 0 | AE85: 0 | AF85: =SUM(X85:AE85) -> 3 | AH85: Jul | AI85: 0 | AJ85: 0 | AK85: 0 | AL85: 0 | AM85: 0 | AN85: 0 | AO85: 0 | AP85: 0 | AQ85: =SUM(AI85:AP85) -> 0
A86: Aug | B86: 0 | C86: 0 | D86: 0 | E86: 0 | F86: 0 | G86: 0 | H86: 0 | I86: 0 | J86: =SUM(B86:I86) -> 0 | L86: Aug | M86: 0 | N86: 0 | O86: 0 | P86: 0 | Q86: 567 | R86: 0 | S86: 3 | T86: 3 | U86: =SUM(M86:T86) -> 573 | W86: Aug | X86: 0 | Y86: 0 | Z86: 0 | AA86: 0 | AB86: 3 | AC86: 0 | AD86: 0 | AE86: 0 | AF86: =SUM(X86:AE86) -> 3 | AH86: Aug | AI86: 0 | AJ86: 0 | AK86: 0 | AL86: 0 | AM86: 0 | AN86: 0 | AO86: 0 | AP86: 0 | AQ86: =SUM(AI86:AP86) -> 0
A87: Sep | B87: 0 | C87: 0 | D87: 0 | E87: 0 | F87: 0 | G87: 0 | H87: 0 | I87: 0 | J87: =SUM(B87:I87) -> 0 | L87: Sep | M87: 0 | N87: 0 | O87: 0 | P87: 0 | Q87: 569 | R87: 0 | S87: 14 | T87: 6 | U87: =SUM(M87:T87) -> 589 | W87: Sep | X87: 0 | Y87: 0 | Z87: 0 | AA87: 0 | AB87: 0 | AC87: 0 | AD87: 0 | AE87: 0 | AF87: =SUM(X87:AE87) -> 0 | AH87: Sep | AI87: 0 | AJ87: 0 | AK87: 0 | AL87: 0 | AM87: 0 | AN87: 0 | AO87: 0 | AP87: 0 | AQ87: =SUM(AI87:AP87) -> 0
A88: Oct | B88: 0 | C88: 0 | D88: 0 | E88: 0 | F88: 0 | G88: 0 | H88: 0 | I88: 0 | J88: =SUM(B88:I88) -> 0 | L88: Oct | M88: 3 | N88: 0 | O88: 0 | P88: 0 | Q88: 935 | R88: 0 | S88: 16 | T88: 9 | U88: =SUM(M88:T88) -> 963 | W88: Oct | X88: 0 | Y88: 0 | Z88: 0 | AA88: 0 | AB88: 0 | AC88: 0 | AD88: 0 | AE88: 0 | AF88: =SUM(X88:AE88) -> 0 | AH88: Oct | AI88: 0 | AJ88: 0 | AK88: 0 | AL88: 0 | AM88: 0 | AN88: 0 | AO88: 0 | AP88: 0 | AQ88: =SUM(AI88:AP88) -> 0
A89: Nov | B89: 0 | C89: 0 | D89: 0 | E89: 0 | F89: 0 | G89: 0 | H89: 0 | I89: 0 | J89: =SUM(B89:I89) -> 0 | L89: Nov | M89: 1 | N89: 1 | O89: 0 | P89: 0 | Q89: 1120 | R89: 0 | S89: 14 | T89: 6 | U89: =SUM(M89:T89) -> 1142 | W89: Nov | X89: 0 | Y89: 0 | Z89: 0 | AA89: 0 | AB89: 7 | AC89: 0 | AD89: 0 | AE89: 0 | AF89: =SUM(X89:AE89) -> 7 | AH89: Nov | AI89: 0 | AJ89: 0 | AK89: 0 | AL89: 0 | AM89: 1 | AN89: 0 | AO89: 0 | AP89: 0 | AQ89: =SUM(AI89:AP89) -> 1
A90: Dec | B90: 0 | C90: 0 | D90: 0 | E90: 0 | F90: 0 | G90: 0 | H90: 0 | I90: 0 | J90: =SUM(B90:I90) -> 0 | L90: Dec | M90: 4 | N90: 0 | O90: 0 | P90: 0 | Q90: 1201 | R90: 0 | S90: 39 | T90: 20 | U90: =SUM(M90:T90) -> 1264 | W90: Dec | X90: 0 | Y90: 0 | Z90: 0 | AA90: 0 | AB90: 18 | AC90: 0 | AD90: 0 | AE90: 0 | AF90: =SUM(X90:AE90) -> 18 | AH90: Dec | AI90: 0 | AJ90: 0 | AK90: 0 | AL90: 0 | AM90: 0 | AN90: 0 | AO90: 0 | AP90: 0 | AQ90: =SUM(AI90:AP90) -> 0
A91: Grand Total | B91: =SUM(B79:B90) -> 62 | C91: =SUM(C79:C90) -> 0 | D91: =SUM(D79:D90) -> 0 | E91: =SUM(E79:E90) -> 0 | F91: =SUM(F79:F90) -> 7011 | G91: =SUM(G79:G90) -> 0 | H91: =SUM(H79:H90) -> 111 | I91: =SUM(I79:I90) -> 84 | J91: =SUM(J79:J90) -> 7268 | L91: Grand Total | M91: =SUM(M79:M90) -> 9 | N91: =SUM(N79:N90) -> 4 | O91: =SUM(O79:O90) -> 0 | P91: =SUM(P79:P90) -> 0 | Q91: =SUM(Q79:Q90) -> 5467 | R91: =SUM(R79:R90) -> 0 | S91: =SUM(S79:S90) -> 89 | T91: =SUM(T79:T90) -> 44 | U91: =SUM(U79:U90) -> 5613 | W91: Grand Total | X91: =SUM(X79:X90) -> 0 | Y91: =SUM(Y79:Y90) -> 0 | Z91: =SUM(Z79:Z90) -> 0 | AA91: =SUM(AA79:AA90) -> 0 | AB91: =SUM(AB79:AB90) -> 48 | AC91: =SUM(AC79:AC90) -> 0 | AD91: =SUM(AD79:AD90) -> 0 | AE91: =SUM(AE79:AE90) -> 0 | AF91: =SUM(AF79:AF90) -> 48 | AH91: Grand Total | AI91: =SUM(AI79:AI90) -> 0 | AJ91: =SUM(AJ79:AJ90) -> 0 | AK91: =SUM(AK79:AK90) -> 0 | AL91: =SUM(AL79:AL90) -> 0 | AM91: =SUM(AM79:AM90) -> 1 | AN91: =SUM(AN79:AN90) -> 0 | AO91: =SUM(AO79:AO90) -> 0 | AP91: =SUM(AP79:AP90) -> 0 | AQ91: =SUM(AQ79:AQ90) -> 1
A92: % of Mode from Total amount | B92: =B91/$J91 -> 0.0085305449 | C92: =C91/$J91 -> 0 | D92: =D91/$J91 -> 0 | E92: =E91/$J91 -> 0 | F92: =F91/$J91 -> 0.96463952 | G92: =G91/$J91 -> 0 | H92: =H91/$J91 -> 0.015272427 | I92: =I91/$J91 -> 0.011557512 | J92: =J91/$J91 -> 1 | L92: % of Mode from Total amount | M92: =M91/$U91 -> 0.0016034206 | N92: =N91/$U91 -> 0.00071263139 | O92: =O91/$U91 -> 0 | P92: =P91/$U91 -> 0 | Q92: =Q91/$U91 -> 0.97398895 | R92: =R91/$U91 -> 0 | S92: =S91/$U91 -> 0.015856048 | T92: =T91/$U91 -> 0.0078389453 | U92: =U91/$U91 -> 1 | W92: % of Mode from Total amount | X92: =X91/$AF91 -> 0 | Y92: =Y91/$AF91 -> 0 | Z92: =Z91/$AF91 -> 0 | AA92: =AA91/$AF91 -> 0 | AB92: =AB91/$AF91 -> 1 | AC92: =AC91/$AF91 -> 0 | AD92: =AD91/$AF91 -> 0 | AE92: =AE91/$AF91 -> 0 | AF92: =AF91/$AF91 -> 1 | AH92: % of Mode from Total amount | AI92: =AI91/$AQ91 -> 0 | AJ92: =AJ91/$AQ91 -> 0 | AK92: =AK91/$AQ91 -> 0 | AL92: =AL91/$AQ91 -> 0 | AM92: =AM91/$AQ91 -> 1 | AN92: =AN91/$AQ91 -> 0 | AO92: =AO91/$AQ91 -> 0 | AP92: =AP91/$AQ91 -> 0 | AQ92: =AQ91/$AQ91 -> 1

Sheet Sobha one app Value
A1: 2026 | L1: 2025 | W1: 2024 | AH1: 2023
A2: =_xlfn.CONCAT("Receipt Value -", A1) -> Receipt Value -2026 | L2: =_xlfn.CONCAT("Receipt Value -", L1) -> Receipt Value -2025 | W2: =_xlfn.CONCAT("Receipt Value-", W1) -> Receipt Value-2024 | AH2: =_xlfn.CONCAT("Receipt Value -", AH1) -> Receipt Value -2023
A3: New sales | L3: New sales | W3: New sales | AH3: New sales
A4: Month | B4: CDM Payment | D4: Cheque payment | E4: Card Payment | G4: Cash payment | H4: Wire Transfer Paymment | J4: Grand Total | L4: Month | M4: CDM Payment | O4: Cheque payment | P4: Card Payment | R4: Cash payment | S4: Wire Transfer Paymment | U4: Grand Total | W4: Month | X4: CDM Payment | Z4: Cheque payment | AA4: Card Payment | AC4: Cash payment | AD4: Wire Transfer Paymment | AF4: Grand Total | AH4: Month | AI4: CDM Payment | AK4: Cheque payment | AL4: Card Payment | AN4: Cash payment | AO4: Wire Transfer Paymment | AQ4: Grand Total
B5: CDM Cash | C5: CDM Cheque | D5: Cheque | E5: Credit Card | F5: Website (Payment link) | G5: OTC Deposit | H5: DWT(Domestic) | I5: IWT(International) | M5: CDM Cash | N5: CDM Cheque | O5: Cheque | P5: Credit Card | Q5: Website (Payment link) | R5: OTC Deposit | S5: DWT(Domestic) | T5: IWT(International) | X5: CDM Cash | Y5: CDM Cheque | Z5: Cheque | AA5: Credit Card | AB5: Website (Payment link) | AC5: OTC Deposit | AD5: DWT(Domestic) | AE5: IWT(International) | AI5: CDM Cash | AJ5: CDM Cheque | AK5: Cheque | AL5: Credit Card | AM5: Website (Payment link) | AN5: OTC Deposit | AO5: DWT(Domestic) | AP5: IWT(International)
